date,dateAt,materialId,openingGrams,receiptGrams,consumptionGrams,closingGrams,coverDays
2024-07-09,2024-07-09T00:00:00+09:00,ROASTED-BR,30160.0,13000.0,4360.0,38800.0,8.9
2024-07-09,2024-07-09T00:00:00+09:00,ROASTED-CO,20160.0,13000.0,4360.0,28800.0,6.61
2024-07-09,2024-07-09T00:00:00+09:00,ROASTED-ET,12064.0,4000.0,1314.0,14750.0,11.23
2024-07-09,2024-07-09T00:00:00+09:00,ROASTED-GT,17876.0,2500.0,876.0,19500.0,22.26
2024-07-10,2024-07-10T00:00:00+09:00,ROASTED-BR,38800.0,0.0,4930.0,33870.0,7.29
2024-07-10,2024-07-10T00:00:00+09:00,ROASTED-CO,28800.0,0.0,4930.0,23870.0,5.14
2024-07-10,2024-07-10T00:00:00+09:00,ROASTED-ET,14750.0,0.0,1188.0,13562.0,10.84
2024-07-10,2024-07-10T00:00:00+09:00,ROASTED-GT,19500.0,0.0,792.0,18708.0,22.43
2024-07-11,2024-07-11T00:00:00+09:00,ROASTED-BR,33870.0,0.0,3900.0,29970.0,6.82
2024-07-11,2024-07-11T00:00:00+09:00,ROASTED-CO,23870.0,0.0,3900.0,19970.0,4.54
2024-07-11,2024-07-11T00:00:00+09:00,ROASTED-ET,13562.0,0.0,1260.0,12302.0,9.81
2024-07-11,2024-07-11T00:00:00+09:00,ROASTED-GT,18708.0,0.0,840.0,17868.0,21.37
2024-07-12,2024-07-12T00:00:00+09:00,ROASTED-BR,29970.0,14000.0,5160.0,38810.0,8.46
2024-07-12,2024-07-12T00:00:00+09:00,ROASTED-CO,19970.0,14000.0,5160.0,28810.0,6.28
2024-07-12,2024-07-12T00:00:00+09:00,ROASTED-ET,12302.0,4500.0,1440.0,15362.0,11.81
2024-07-12,2024-07-12T00:00:00+09:00,ROASTED-GT,17868.0,3000.0,960.0,19908.0,22.96
2024-07-13,2024-07-13T00:00:00+09:00,ROASTED-BR,38810.0,0.0,4990.0,33820.0,7.25
2024-07-13,2024-07-13T00:00:00+09:00,ROASTED-CO,28810.0,0.0,4990.0,23820.0,5.1
2024-07-13,2024-07-13T00:00:00+09:00,ROASTED-ET,15362.0,0.0,1584.0,13778.0,10.15
2024-07-13,2024-07-13T00:00:00+09:00,ROASTED-GT,19908.0,0.0,1056.0,18852.0,20.84
2024-07-14,2024-07-14T00:00:00+09:00,ROASTED-BR,33820.0,0.0,3540.0,30280.0,6.76
2024-07-14,2024-07-14T00:00:00+09:00,ROASTED-CO,23820.0,0.0,3540.0,20280.0,4.53
2024-07-14,2024-07-14T00:00:00+09:00,ROASTED-ET,13778.0,0.0,1593.0,12185.0,8.73
2024-07-14,2024-07-14T00:00:00+09:00,ROASTED-GT,18852.0,0.0,1062.0,17790.0,19.11
2024-07-15,2024-07-15T00:00:00+09:00,ROASTED-BR,30280.0,12500.0,4370.0,38410.0,8.6
2024-07-15,2024-07-15T00:00:00+09:00,ROASTED-CO,20280.0,12500.0,4370.0,28410.0,6.36
2024-07-15,2024-07-15T00:00:00+09:00,ROASTED-ET,12185.0,3500.0,1134.0,14551.0,10.71
2024-07-15,2024-07-15T00:00:00+09:00,ROASTED-GT,17790.0,2500.0,756.0,19534.0,21.56
2024-07-16,2024-07-16T00:00:00+09:00,ROASTED-BR,38410.0,0.0,3850.0,34560.0,7.88
2024-07-16,2024-07-16T00:00:00+09:00,ROASTED-CO,28410.0,0.0,3850.0,24560.0,5.6
2024-07-16,2024-07-16T00:00:00+09:00,ROASTED-ET,14551.0,0.0,1269.0,13282.0,9.85
2024-07-16,2024-07-16T00:00:00+09:00,ROASTED-GT,19534.0,0.0,846.0,18688.0,20.8
2024-07-17,2024-07-17T00:00:00+09:00,ROASTED-BR,34560.0,0.0,4520.0,30040.0,6.82
2024-07-17,2024-07-17T00:00:00+09:00,ROASTED-CO,24560.0,0.0,4520.0,20040.0,4.55
2024-07-17,2024-07-17T00:00:00+09:00,ROASTED-ET,13282.0,0.0,1188.0,12094.0,9.09
2024-07-17,2024-07-17T00:00:00+09:00,ROASTED-GT,18688.0,0.0,792.0,17896.0,20.18
2024-07-18,2024-07-18T00:00:00+09:00,ROASTED-BR,30040.0,17000.0,4110.0,42930.0,9.82
2024-07-18,2024-07-18T00:00:00+09:00,ROASTED-CO,20040.0,17000.0,4110.0,32930.0,7.53
2024-07-18,2024-07-18T00:00:00+09:00,ROASTED-ET,12094.0,4000.0,1134.0,14960.0,11.42
2024-07-18,2024-07-18T00:00:00+09:00,ROASTED-GT,17896.0,3000.0,756.0,20140.0,23.05
2024-07-19,2024-07-19T00:00:00+09:00,ROASTED-BR,42930.0,0.0,6440.0,36490.0,8.0
2024-07-19,2024-07-19T00:00:00+09:00,ROASTED-CO,32930.0,0.0,6440.0,26490.0,5.81
2024-07-19,2024-07-19T00:00:00+09:00,ROASTED-ET,14960.0,0.0,1557.0,13403.0,10.06
2024-07-19,2024-07-19T00:00:00+09:00,ROASTED-GT,20140.0,0.0,1038.0,19102.0,21.5
2024-07-20,2024-07-20T00:00:00+09:00,ROASTED-BR,36490.0,0.0,6480.0,30010.0,6.36
2024-07-20,2024-07-20T00:00:00+09:00,ROASTED-CO,26490.0,0.0,6480.0,20010.0,4.24
2024-07-20,2024-07-20T00:00:00+09:00,ROASTED-ET,13403.0,0.0,1575.0,11828.0,8.74
2024-07-20,2024-07-20T00:00:00+09:00,ROASTED-GT,19102.0,0.0,1050.0,18052.0,20.01
2024-07-21,2024-07-21T00:00:00+09:00,ROASTED-BR,30010.0,13500.0,4910.0,38600.0,8.15
2024-07-21,2024-07-21T00:00:00+09:00,ROASTED-CO,20010.0,13500.0,4910.0,28600.0,6.04
2024-07-21,2024-07-21T00:00:00+09:00,ROASTED-ET,11828.0,4000.0,1314.0,14514.0,10.75
2024-07-21,2024-07-21T00:00:00+09:00,ROASTED-GT,18052.0,2000.0,876.0,19176.0,21.31
2024-07-22,2024-07-22T00:00:00+09:00,ROASTED-BR,38600.0,0.0,4730.0,33870.0,7.15
2024-07-22,2024-07-22T00:00:00+09:00,ROASTED-CO,28600.0,0.0,4730.0,23870.0,5.04
2024-07-22,2024-07-22T00:00:00+09:00,ROASTED-ET,14514.0,0.0,1197.0,13317.0,9.94
2024-07-22,2024-07-22T00:00:00+09:00,ROASTED-GT,19176.0,0.0,798.0,18378.0,20.59
2024-07-23,2024-07-23T00:00:00+09:00,ROASTED-BR,33870.0,0.0,3920.0,29950.0,6.4
2024-07-23,2024-07-23T00:00:00+09:00,ROASTED-CO,23870.0,0.0,3920.0,19950.0,4.26
2024-07-23,2024-07-23T00:00:00+09:00,ROASTED-ET,13317.0,0.0,1089.0,12228.0,9.25
2024-07-23,2024-07-23T00:00:00+09:00,ROASTED-GT,18378.0,0.0,726.0,17652.0,20.02
2024-07-24,2024-07-24T00:00:00+09:00,ROASTED-BR,29950.0,14500.0,4660.0,39790.0,8.5
2024-07-24,2024-07-24T00:00:00+09:00,ROASTED-CO,19950.0,14500.0,4660.0,29790.0,6.37
2024-07-24,2024-07-24T00:00:00+09:00,ROASTED-ET,12228.0,3500.0,1026.0,14702.0,11.28
2024-07-24,2024-07-24T00:00:00+09:00,ROASTED-GT,17652.0,2500.0,684.0,19468.0,22.4
2024-07-25,2024-07-25T00:00:00+09:00,ROASTED-BR,39790.0,0.0,4770.0,35020.0,7.48
2024-07-25,2024-07-25T00:00:00+09:00,ROASTED-CO,29790.0,0.0,4770.0,25020.0,5.34
2024-07-25,2024-07-25T00:00:00+09:00,ROASTED-ET,14702.0,0.0,1071.0,13631.0,10.57
2024-07-25,2024-07-25T00:00:00+09:00,ROASTED-GT,19468.0,0.0,714.0,18754.0,21.8
2024-07-26,2024-07-26T00:00:00+09:00,ROASTED-BR,35020.0,0.0,4680.0,30340.0,6.48
2024-07-26,2024-07-26T00:00:00+09:00,ROASTED-CO,25020.0,0.0,4680.0,20340.0,4.34
2024-07-26,2024-07-26T00:00:00+09:00,ROASTED-ET,13631.0,0.0,1386.0,12245.0,9.45
2024-07-26,2024-07-26T00:00:00+09:00,ROASTED-GT,18754.0,0.0,924.0,17830.0,20.64
2024-07-27,2024-07-27T00:00:00+09:00,ROASTED-BR,30340.0,16500.0,6630.0,40210.0,8.4
2024-07-27,2024-07-27T00:00:00+09:00,ROASTED-CO,20340.0,16500.0,6630.0,30210.0,6.31
2024-07-27,2024-07-27T00:00:00+09:00,ROASTED-ET,12245.0,4000.0,1593.0,14652.0,11.17
2024-07-27,2024-07-27T00:00:00+09:00,ROASTED-GT,17830.0,3000.0,1062.0,19768.0,22.62
2024-07-28,2024-07-28T00:00:00+09:00,ROASTED-BR,40210.0,0.0,5500.0,34710.0,7.2
2024-07-28,2024-07-28T00:00:00+09:00,ROASTED-CO,30210.0,0.0,5500.0,24710.0,5.12
2024-07-28,2024-07-28T00:00:00+09:00,ROASTED-ET,14652.0,0.0,1377.0,13275.0,10.1
2024-07-28,2024-07-28T00:00:00+09:00,ROASTED-GT,19768.0,0.0,918.0,18850.0,21.51
2024-07-29,2024-07-29T00:00:00+09:00,ROASTED-BR,34710.0,0.0,4590.0,30120.0,6.26
2024-07-29,2024-07-29T00:00:00+09:00,ROASTED-CO,24710.0,0.0,4590.0,20120.0,4.18
2024-07-29,2024-07-29T00:00:00+09:00,ROASTED-ET,13275.0,0.0,1125.0,12150.0,9.31
2024-07-29,2024-07-29T00:00:00+09:00,ROASTED-GT,18850.0,0.0,750.0,18100.0,20.8
2024-07-30,2024-07-30T00:00:00+09:00,ROASTED-BR,30120.0,13000.0,3980.0,39140.0,8.2
2024-07-30,2024-07-30T00:00:00+09:00,ROASTED-CO,20120.0,13000.0,3980.0,29140.0,6.1
2024-07-30,2024-07-30T00:00:00+09:00,ROASTED-ET,12150.0,3500.0,1215.0,14435.0,11.09
2024-07-30,2024-07-30T00:00:00+09:00,ROASTED-GT,18100.0,2500.0,810.0,19790.0,22.81
2024-07-31,2024-07-31T00:00:00+09:00,ROASTED-BR,39140.0,0.0,5260.0,33880.0,7.07
2024-07-31,2024-07-31T00:00:00+09:00,ROASTED-CO,29140.0,0.0,5260.0,23880.0,4.98
2024-07-31,2024-07-31T00:00:00+09:00,ROASTED-ET,14435.0,0.0,1179.0,13256.0,10.23
2024-07-31,2024-07-31T00:00:00+09:00,ROASTED-GT,19790.0,0.0,786.0,19004.0,22.0
2024-08-01,2024-08-01T00:00:00+09:00,ROASTED-BR,33880.0,0.0,3680.0,30200.0,6.36
2024-08-01,2024-08-01T00:00:00+09:00,ROASTED-CO,23880.0,0.0,3680.0,20200.0,4.25
2024-08-01,2024-08-01T00:00:00+09:00,ROASTED-ET,13256.0,0.0,1368.0,11888.0,9.15
2024-08-01,2024-08-01T00:00:00+09:00,ROASTED-GT,19004.0,0.0,912.0,18092.0,20.89
2024-08-02,2024-08-02T00:00:00+09:00,ROASTED-BR,30200.0,17000.0,5650.0,41550.0,8.68
2024-08-02,2024-08-02T00:00:00+09:00,ROASTED-CO,20200.0,17000.0,5650.0,31550.0,6.59
2024-08-02,2024-08-02T00:00:00+09:00,ROASTED-ET,11888.0,4000.0,1449.0,14439.0,11.06
2024-08-02,2024-08-02T00:00:00+09:00,ROASTED-GT,18092.0,2500.0,966.0,19626.0,22.56
2024-08-03,2024-08-03T00:00:00+09:00,ROASTED-BR,41550.0,0.0,5400.0,36150.0,7.52
2024-08-03,2024-08-03T00:00:00+09:00,ROASTED-CO,31550.0,0.0,5400.0,26150.0,5.44
2024-08-03,2024-08-03T00:00:00+09:00,ROASTED-ET,14439.0,0.0,1296.0,13143.0,10.07
2024-08-03,2024-08-03T00:00:00+09:00,ROASTED-GT,19626.0,0.0,864.0,18762.0,21.57
2024-08-04,2024-08-04T00:00:00+09:00,ROASTED-BR,36150.0,0.0,5950.0,30200.0,6.23
2024-08-04,2024-08-04T00:00:00+09:00,ROASTED-CO,26150.0,0.0,5950.0,20200.0,4.16
2024-08-04,2024-08-04T00:00:00+09:00,ROASTED-ET,13143.0,0.0,1170.0,11973.0,9.21
2024-08-04,2024-08-04T00:00:00+09:00,ROASTED-GT,18762.0,0.0,780.0,17982.0,20.75
2024-08-05,2024-08-05T00:00:00+09:00,ROASTED-BR,30200.0,13500.0,5250.0,38450.0,7.9
2024-08-05,2024-08-05T00:00:00+09:00,ROASTED-CO,20200.0,13500.0,5250.0,28450.0,5.85
2024-08-05,2024-08-05T00:00:00+09:00,ROASTED-ET,11973.0,3500.0,1089.0,14384.0,11.13
2024-08-05,2024-08-05T00:00:00+09:00,ROASTED-GT,17982.0,2000.0,726.0,19256.0,22.35
2024-08-06,2024-08-06T00:00:00+09:00,ROASTED-BR,38450.0,0.0,3320.0,35130.0,7.28
2024-08-06,2024-08-06T00:00:00+09:00,ROASTED-CO,28450.0,0.0,3320.0,25130.0,5.21
2024-08-06,2024-08-06T00:00:00+09:00,ROASTED-ET,14384.0,0.0,1098.0,13286.0,10.34
2024-08-06,2024-08-06T00:00:00+09:00,ROASTED-GT,19256.0,0.0,732.0,18524.0,21.63
2024-08-07,2024-08-07T00:00:00+09:00,ROASTED-BR,35130.0,0.0,4770.0,30360.0,6.3
2024-08-07,2024-08-07T00:00:00+09:00,ROASTED-CO,25130.0,0.0,4770.0,20360.0,4.22
2024-08-07,2024-08-07T00:00:00+09:00,ROASTED-ET,13286.0,0.0,1269.0,12017.0,9.33
2024-08-07,2024-08-07T00:00:00+09:00,ROASTED-GT,18524.0,0.0,846.0,17678.0,20.6
2024-08-08,2024-08-08T00:00:00+09:00,ROASTED-BR,30360.0,16000.0,5360.0,41000.0,8.41
2024-08-08,2024-08-08T00:00:00+09:00,ROASTED-CO,20360.0,16000.0,5360.0,31000.0,6.36
2024-08-08,2024-08-08T00:00:00+09:00,ROASTED-ET,12017.0,4500.0,1557.0,14960.0,11.53
2024-08-08,2024-08-08T00:00:00+09:00,ROASTED-GT,17678.0,3000.0,1038.0,19640.0,22.7
2024-08-09,2024-08-09T00:00:00+09:00,ROASTED-BR,41000.0,0.0,5040.0,35960.0,7.38
2024-08-09,2024-08-09T00:00:00+09:00,ROASTED-CO,31000.0,0.0,5040.0,25960.0,5.33
2024-08-09,2024-08-09T00:00:00+09:00,ROASTED-ET,14960.0,0.0,1296.0,13664.0,10.57
2024-08-09,2024-08-09T00:00:00+09:00,ROASTED-GT,19640.0,0.0,864.0,18776.0,21.79
2024-08-10,2024-08-10T00:00:00+09:00,ROASTED-BR,35960.0,0.0,5600.0,30360.0,6.21
2024-08-10,2024-08-10T00:00:00+09:00,ROASTED-CO,25960.0,0.0,5600.0,20360.0,4.16
2024-08-10,2024-08-10T00:00:00+09:00,ROASTED-ET,13664.0,0.0,1629.0,12035.0,9.3
2024-08-10,2024-08-10T00:00:00+09:00,ROASTED-GT,18776.0,0.0,1086.0,17690.0,20.5
2024-08-11,2024-08-11T00:00:00+09:00,ROASTED-BR,30360.0,15500.0,6480.0,39380.0,7.88
2024-08-11,2024-08-11T00:00:00+09:00,ROASTED-CO,20360.0,15500.0,6480.0,29380.0,5.88
2024-08-11,2024-08-11T00:00:00+09:00,ROASTED-ET,12035.0,4000.0,1548.0,14487.0,11.21
2024-08-11,2024-08-11T00:00:00+09:00,ROASTED-GT,17690.0,2500.0,1032.0,19158.0,22.23
2024-08-12,2024-08-12T00:00:00+09:00,ROASTED-BR,39380.0,0.0,4920.0,34460.0,6.87
2024-08-12,2024-08-12T00:00:00+09:00,ROASTED-CO,29380.0,0.0,4920.0,24460.0,4.88
2024-08-12,2024-08-12T00:00:00+09:00,ROASTED-ET,14487.0,0.0,1161.0,13326.0,10.3
2024-08-12,2024-08-12T00:00:00+09:00,ROASTED-GT,19158.0,0.0,774.0,18384.0,21.31
2024-08-13,2024-08-13T00:00:00+09:00,ROASTED-BR,34460.0,0.0,4310.0,30150.0,5.99
2024-08-13,2024-08-13T00:00:00+09:00,ROASTED-CO,24460.0,0.0,4310.0,20150.0,4.0
2024-08-13,2024-08-13T00:00:00+09:00,ROASTED-ET,13326.0,0.0,1125.0,12201.0,9.47
2024-08-13,2024-08-13T00:00:00+09:00,ROASTED-GT,18384.0,0.0,750.0,17634.0,20.53
2024-08-14,2024-08-14T00:00:00+09:00,ROASTED-BR,30150.0,15000.0,4910.0,40240.0,7.97
2024-08-14,2024-08-14T00:00:00+09:00,ROASTED-CO,20150.0,15000.0,4910.0,30240.0,5.99
2024-08-14,2024-08-14T00:00:00+09:00,ROASTED-ET,12201.0,3500.0,1350.0,14351.0,11.09
2024-08-14,2024-08-14T00:00:00+09:00,ROASTED-GT,17634.0,3000.0,900.0,19734.0,22.87
2024-08-15,2024-08-15T00:00:00+09:00,ROASTED-BR,40240.0,0.0,5120.0,35120.0,6.91
2024-08-15,2024-08-15T00:00:00+09:00,ROASTED-CO,30240.0,0.0,5120.0,25120.0,4.94
2024-08-15,2024-08-15T00:00:00+09:00,ROASTED-ET,14351.0,0.0,1107.0,13244.0,10.24
2024-08-15,2024-08-15T00:00:00+09:00,ROASTED-GT,19734.0,0.0,738.0,18996.0,22.03
2024-08-16,2024-08-16T00:00:00+09:00,ROASTED-BR,35120.0,0.0,4890.0,30230.0,6.01
2024-08-16,2024-08-16T00:00:00+09:00,ROASTED-CO,25120.0,0.0,4890.0,20230.0,4.02
2024-08-16,2024-08-16T00:00:00+09:00,ROASTED-ET,13244.0,0.0,1422.0,11822.0,9.17
2024-08-16,2024-08-16T00:00:00+09:00,ROASTED-GT,18996.0,0.0,948.0,18048.0,21.01
2024-08-17,2024-08-17T00:00:00+09:00,ROASTED-BR,30230.0,15000.0,6000.0,39230.0,7.83
2024-08-17,2024-08-17T00:00:00+09:00,ROASTED-CO,20230.0,15000.0,6000.0,29230.0,5.83
2024-08-17,2024-08-17T00:00:00+09:00,ROASTED-ET,11822.0,4500.0,1530.0,14792.0,11.49
2024-08-17,2024-08-17T00:00:00+09:00,ROASTED-GT,18048.0,2500.0,1020.0,19528.0,22.76
2024-08-18,2024-08-18T00:00:00+09:00,ROASTED-BR,39230.0,0.0,5100.0,34130.0,6.8
2024-08-18,2024-08-18T00:00:00+09:00,ROASTED-CO,29230.0,0.0,5100.0,24130.0,4.81
2024-08-18,2024-08-18T00:00:00+09:00,ROASTED-ET,14792.0,0.0,1350.0,13442.0,10.43
2024-08-18,2024-08-18T00:00:00+09:00,ROASTED-GT,19528.0,0.0,900.0,18628.0,21.69
2024-08-19,2024-08-19T00:00:00+09:00,ROASTED-BR,34130.0,0.0,4150.0,29980.0,6.0
2024-08-19,2024-08-19T00:00:00+09:00,ROASTED-CO,24130.0,0.0,4150.0,19980.0,4.0
2024-08-19,2024-08-19T00:00:00+09:00,ROASTED-ET,13442.0,0.0,1251.0,12191.0,9.45
2024-08-19,2024-08-19T00:00:00+09:00,ROASTED-GT,18628.0,0.0,834.0,17794.0,20.69
2024-08-20,2024-08-20T00:00:00+09:00,ROASTED-BR,29980.0,13500.0,3850.0,39630.0,7.94
2024-08-20,2024-08-20T00:00:00+09:00,ROASTED-CO,19980.0,13500.0,3850.0,29630.0,5.93
2024-08-20,2024-08-20T00:00:00+09:00,ROASTED-ET,12191.0,3500.0,1179.0,14512.0,11.22
2024-08-20,2024-08-20T00:00:00+09:00,ROASTED-GT,17794.0,2500.0,786.0,19508.0,22.62
2024-08-21,2024-08-21T00:00:00+09:00,ROASTED-BR,39630.0,0.0,4260.0,35370.0,7.1
2024-08-21,2024-08-21T00:00:00+09:00,ROASTED-CO,29630.0,0.0,4260.0,25370.0,5.1
2024-08-21,2024-08-21T00:00:00+09:00,ROASTED-ET,14512.0,0.0,1107.0,13405.0,10.34
2024-08-21,2024-08-21T00:00:00+09:00,ROASTED-GT,19508.0,0.0,738.0,18770.0,21.72
2024-08-22,2024-08-22T00:00:00+09:00,ROASTED-BR,35370.0,0.0,5070.0,30300.0,6.07
2024-08-22,2024-08-22T00:00:00+09:00,ROASTED-CO,25370.0,0.0,5070.0,20300.0,4.07
2024-08-22,2024-08-22T00:00:00+09:00,ROASTED-ET,13405.0,0.0,1188.0,12217.0,9.39
2024-08-22,2024-08-22T00:00:00+09:00,ROASTED-GT,18770.0,0.0,792.0,17978.0,20.74
2024-08-23,2024-08-23T00:00:00+09:00,ROASTED-BR,30300.0,17500.0,5350.0,42450.0,8.47
2024-08-23,2024-08-23T00:00:00+09:00,ROASTED-CO,20300.0,17500.0,5350.0,32450.0,6.47
2024-08-23,2024-08-23T00:00:00+09:00,ROASTED-ET,12217.0,4500.0,1494.0,15223.0,11.67
2024-08-23,2024-08-23T00:00:00+09:00,ROASTED-GT,17978.0,3000.0,996.0,19982.0,22.98
2024-08-24,2024-08-24T00:00:00+09:00,ROASTED-BR,42450.0,0.0,6450.0,36000.0,7.19
2024-08-24,2024-08-24T00:00:00+09:00,ROASTED-CO,32450.0,0.0,6450.0,26000.0,5.19
2024-08-24,2024-08-24T00:00:00+09:00,ROASTED-ET,15223.0,0.0,1926.0,13297.0,10.1
2024-08-24,2024-08-24T00:00:00+09:00,ROASTED-GT,19982.0,0.0,1284.0,18698.0,21.31
2024-08-25,2024-08-25T00:00:00+09:00,ROASTED-BR,36000.0,0.0,5970.0,30030.0,5.98
2024-08-25,2024-08-25T00:00:00+09:00,ROASTED-CO,26000.0,0.0,5970.0,20030.0,3.99
2024-08-25,2024-08-25T00:00:00+09:00,ROASTED-ET,13297.0,0.0,1341.0,11956.0,9.09
2024-08-25,2024-08-25T00:00:00+09:00,ROASTED-GT,18698.0,0.0,894.0,17804.0,20.31
2024-08-26,2024-08-26T00:00:00+09:00,ROASTED-BR,30030.0,15000.0,4570.0,40460.0,8.05
2024-08-26,2024-08-26T00:00:00+09:00,ROASTED-CO,20030.0,15000.0,4570.0,30460.0,6.06
2024-08-26,2024-08-26T00:00:00+09:00,ROASTED-ET,11956.0,4000.0,1305.0,14651.0,11.09
2024-08-26,2024-08-26T00:00:00+09:00,ROASTED-GT,17804.0,2500.0,870.0,19434.0,22.06
2024-08-27,2024-08-27T00:00:00+09:00,ROASTED-BR,40460.0,0.0,4790.0,35670.0,7.06
2024-08-27,2024-08-27T00:00:00+09:00,ROASTED-CO,30460.0,0.0,4790.0,25670.0,5.08
2024-08-27,2024-08-27T00:00:00+09:00,ROASTED-ET,14651.0,0.0,1116.0,13535.0,10.27
2024-08-27,2024-08-27T00:00:00+09:00,ROASTED-GT,19434.0,0.0,744.0,18690.0,21.27
2024-08-28,2024-08-28T00:00:00+09:00,ROASTED-BR,35670.0,0.0,5530.0,30140.0,5.95
2024-08-28,2024-08-28T00:00:00+09:00,ROASTED-CO,25670.0,0.0,5530.0,20140.0,3.98
2024-08-28,2024-08-28T00:00:00+09:00,ROASTED-ET,13535.0,0.0,1332.0,12203.0,9.22
2024-08-28,2024-08-28T00:00:00+09:00,ROASTED-GT,18690.0,0.0,888.0,17802.0,20.18
2024-08-29,2024-08-29T00:00:00+09:00,ROASTED-BR,30140.0,16500.0,4590.0,42050.0,8.25
2024-08-29,2024-08-29T00:00:00+09:00,ROASTED-CO,20140.0,16500.0,4590.0,32050.0,6.29
2024-08-29,2024-08-29T00:00:00+09:00,ROASTED-ET,12203.0,4500.0,1206.0,15497.0,11.76
2024-08-29,2024-08-29T00:00:00+09:00,ROASTED-GT,17802.0,3000.0,804.0,19998.0,22.77
2024-08-30,2024-08-30T00:00:00+09:00,ROASTED-BR,42050.0,0.0,5410.0,36640.0,7.2
2024-08-30,2024-08-30T00:00:00+09:00,ROASTED-CO,32050.0,0.0,5410.0,26640.0,5.24
2024-08-30,2024-08-30T00:00:00+09:00,ROASTED-ET,15497.0,0.0,1422.0,14075.0,10.69
2024-08-30,2024-08-30T00:00:00+09:00,ROASTED-GT,19998.0,0.0,948.0,19050.0,21.7
2024-08-31,2024-08-31T00:00:00+09:00,ROASTED-BR,36640.0,0.0,6470.0,30170.0,5.89
2024-08-31,2024-08-31T00:00:00+09:00,ROASTED-CO,26640.0,0.0,6470.0,20170.0,3.94
2024-08-31,2024-08-31T00:00:00+09:00,ROASTED-ET,14075.0,0.0,1827.0,12248.0,9.17
2024-08-31,2024-08-31T00:00:00+09:00,ROASTED-GT,19050.0,0.0,1218.0,17832.0,20.03
2024-09-01,2024-09-01T00:00:00+09:00,ROASTED-BR,30170.0,12500.0,4880.0,37790.0,7.43
2024-09-01,2024-09-01T00:00:00+09:00,ROASTED-CO,20170.0,12500.0,4880.0,27790.0,5.46
2024-09-01,2024-09-01T00:00:00+09:00,ROASTED-ET,12248.0,3500.0,1386.0,14362.0,10.69
2024-09-01,2024-09-01T00:00:00+09:00,ROASTED-GT,17832.0,2500.0,924.0,19408.0,21.67
2024-09-02,2024-09-02T00:00:00+09:00,ROASTED-BR,37790.0,0.0,3960.0,33830.0,6.71
2024-09-02,2024-09-02T00:00:00+09:00,ROASTED-CO,27790.0,0.0,3960.0,23830.0,4.73
2024-09-02,2024-09-02T00:00:00+09:00,ROASTED-ET,14362.0,0.0,1071.0,13291.0,9.9
2024-09-02,2024-09-02T00:00:00+09:00,ROASTED-GT,19408.0,0.0,714.0,18694.0,20.89
2024-09-03,2024-09-03T00:00:00+09:00,ROASTED-BR,33830.0,0.0,3520.0,30310.0,6.01
2024-09-03,2024-09-03T00:00:00+09:00,ROASTED-CO,23830.0,0.0,3520.0,20310.0,4.02
2024-09-03,2024-09-03T00:00:00+09:00,ROASTED-ET,13291.0,0.0,1206.0,12085.0,8.98
2024-09-03,2024-09-03T00:00:00+09:00,ROASTED-GT,18694.0,0.0,804.0,17890.0,19.93
2024-09-04,2024-09-04T00:00:00+09:00,ROASTED-BR,30310.0,14500.0,3800.0,41010.0,8.18
2024-09-04,2024-09-04T00:00:00+09:00,ROASTED-CO,20310.0,14500.0,3800.0,31010.0,6.19
2024-09-04,2024-09-04T00:00:00+09:00,ROASTED-ET,12085.0,4000.0,1125.0,14960.0,11.15
2024-09-04,2024-09-04T00:00:00+09:00,ROASTED-GT,17890.0,3000.0,750.0,20140.0,22.52
2024-09-05,2024-09-05T00:00:00+09:00,ROASTED-BR,41010.0,0.0,5090.0,35920.0,7.18
2024-09-05,2024-09-05T00:00:00+09:00,ROASTED-CO,31010.0,0.0,5090.0,25920.0,5.18
2024-09-05,2024-09-05T00:00:00+09:00,ROASTED-ET,14960.0,0.0,1458.0,13502.0,10.09
2024-09-05,2024-09-05T00:00:00+09:00,ROASTED-GT,20140.0,0.0,972.0,19168.0,21.49
2024-09-06,2024-09-06T00:00:00+09:00,ROASTED-BR,35920.0,0.0,5950.0,29970.0,5.95
2024-09-06,2024-09-06T00:00:00+09:00,ROASTED-CO,25920.0,0.0,5950.0,19970.0,3.97
2024-09-06,2024-09-06T00:00:00+09:00,ROASTED-ET,13502.0,0.0,1638.0,11864.0,8.79
2024-09-06,2024-09-06T00:00:00+09:00,ROASTED-GT,19168.0,0.0,1092.0,18076.0,20.08
2024-09-07,2024-09-07T00:00:00+09:00,ROASTED-BR,29970.0,16500.0,5900.0,40570.0,8.04
2024-09-07,2024-09-07T00:00:00+09:00,ROASTED-CO,19970.0,16500.0,5900.0,30570.0,6.06
2024-09-07,2024-09-07T00:00:00+09:00,ROASTED-ET,11864.0,5000.0,1962.0,14902.0,10.94
2024-09-07,2024-09-07T00:00:00+09:00,ROASTED-GT,18076.0,3000.0,1308.0,19768.0,21.77
2024-09-08,2024-09-08T00:00:00+09:00,ROASTED-BR,40570.0,0.0,5280.0,35290.0,7.05
2024-09-08,2024-09-08T00:00:00+09:00,ROASTED-CO,30570.0,0.0,5280.0,25290.0,5.05
2024-09-08,2024-09-08T00:00:00+09:00,ROASTED-ET,14902.0,0.0,1377.0,13525.0,9.98
2024-09-08,2024-09-08T00:00:00+09:00,ROASTED-GT,19768.0,0.0,918.0,18850.0,20.86
2024-09-09,2024-09-09T00:00:00+09:00,ROASTED-BR,35290.0,0.0,5110.0,30180.0,6.02
2024-09-09,2024-09-09T00:00:00+09:00,ROASTED-CO,25290.0,0.0,5110.0,20180.0,4.03
2024-09-09,2024-09-09T00:00:00+09:00,ROASTED-ET,13525.0,0.0,1323.0,12202.0,8.96
2024-09-09,2024-09-09T00:00:00+09:00,ROASTED-GT,18850.0,0.0,882.0,17968.0,19.79
2024-09-10,2024-09-10T00:00:00+09:00,ROASTED-BR,30180.0,16000.0,3700.0,42480.0,8.52
2024-09-10,2024-09-10T00:00:00+09:00,ROASTED-CO,20180.0,16000.0,3700.0,32480.0,6.51
2024-09-10,2024-09-10T00:00:00+09:00,ROASTED-ET,12202.0,3500.0,1116.0,14586.0,10.72
2024-09-10,2024-09-10T00:00:00+09:00,ROASTED-GT,17968.0,2000.0,744.0,19224.0,21.18
2024-09-11,2024-09-11T00:00:00+09:00,ROASTED-BR,42480.0,0.0,6380.0,36100.0,7.16
2024-09-11,2024-09-11T00:00:00+09:00,ROASTED-CO,32480.0,0.0,6380.0,26100.0,5.18
2024-09-11,2024-09-11T00:00:00+09:00,ROASTED-ET,14586.0,0.0,1134.0,13452.0,9.94
2024-09-11,2024-09-11T00:00:00+09:00,ROASTED-GT,19224.0,0.0,756.0,18468.0,20.47
2024-09-12,2024-09-12T00:00:00+09:00,ROASTED-BR,36100.0,0.0,5780.0,30320.0,5.99
2024-09-12,2024-09-12T00:00:00+09:00,ROASTED-CO,26100.0,0.0,5780.0,20320.0,4.01
2024-09-12,2024-09-12T00:00:00+09:00,ROASTED-ET,13452.0,0.0,1206.0,12246.0,9.02
2024-09-12,2024-09-12T00:00:00+09:00,ROASTED-GT,18468.0,0.0,804.0,17664.0,19.52
2024-09-13,2024-09-13T00:00:00+09:00,ROASTED-BR,30320.0,17000.0,5830.0,41490.0,8.14
2024-09-13,2024-09-13T00:00:00+09:00,ROASTED-CO,20320.0,17000.0,5830.0,31490.0,6.18
2024-09-13,2024-09-13T00:00:00+09:00,ROASTED-ET,12246.0,5000.0,1665.0,15581.0,11.41
2024-09-13,2024-09-13T00:00:00+09:00,ROASTED-GT,17664.0,3500.0,1110.0,20054.0,22.03
2024-09-14,2024-09-14T00:00:00+09:00,ROASTED-BR,41490.0,0.0,6820.0,34670.0,6.76
2024-09-14,2024-09-14T00:00:00+09:00,ROASTED-CO,31490.0,0.0,6820.0,24670.0,4.81
2024-09-14,2024-09-14T00:00:00+09:00,ROASTED-ET,15581.0,0.0,1764.0,13817.0,10.06
2024-09-14,2024-09-14T00:00:00+09:00,ROASTED-GT,20054.0,0.0,1176.0,18878.0,20.61
2024-09-15,2024-09-15T00:00:00+09:00,ROASTED-BR,34670.0,0.0,4660.0,30010.0,5.87
2024-09-15,2024-09-15T00:00:00+09:00,ROASTED-CO,24670.0,0.0,4660.0,20010.0,3.91
2024-09-15,2024-09-15T00:00:00+09:00,ROASTED-ET,13817.0,0.0,1656.0,12161.0,8.78
2024-09-15,2024-09-15T00:00:00+09:00,ROASTED-GT,18878.0,0.0,1104.0,17774.0,19.25
2024-09-16,2024-09-16T00:00:00+09:00,ROASTED-BR,30010.0,14000.0,4960.0,39050.0,7.6
2024-09-16,2024-09-16T00:00:00+09:00,ROASTED-CO,20010.0,14000.0,4960.0,29050.0,5.65
2024-09-16,2024-09-16T00:00:00+09:00,ROASTED-ET,12161.0,4000.0,1503.0,14658.0,10.51
2024-09-16,2024-09-16T00:00:00+09:00,ROASTED-GT,17774.0,3000.0,1002.0,19772.0,21.27
2024-09-17,2024-09-17T00:00:00+09:00,ROASTED-BR,39050.0,0.0,4160.0,34890.0,6.77
2024-09-17,2024-09-17T00:00:00+09:00,ROASTED-CO,29050.0,0.0,4160.0,24890.0,4.83
2024-09-17,2024-09-17T00:00:00+09:00,ROASTED-ET,14658.0,0.0,1548.0,13110.0,9.32
2024-09-17,2024-09-17T00:00:00+09:00,ROASTED-GT,19772.0,0.0,1032.0,18740.0,19.98
2024-09-18,2024-09-18T00:00:00+09:00,ROASTED-BR,34890.0,0.0,4790.0,30100.0,5.82
2024-09-18,2024-09-18T00:00:00+09:00,ROASTED-CO,24890.0,0.0,4790.0,20100.0,3.89
2024-09-18,2024-09-18T00:00:00+09:00,ROASTED-ET,13110.0,0.0,1224.0,11886.0,8.42
2024-09-18,2024-09-18T00:00:00+09:00,ROASTED-GT,18740.0,0.0,816.0,17924.0,19.05
2024-09-19,2024-09-19T00:00:00+09:00,ROASTED-BR,30100.0,18500.0,5500.0,43100.0,8.31
2024-09-19,2024-09-19T00:00:00+09:00,ROASTED-CO,20100.0,18500.0,5500.0,33100.0,6.38
2024-09-19,2024-09-19T00:00:00+09:00,ROASTED-ET,11886.0,5000.0,1323.0,15563.0,10.99
2024-09-19,2024-09-19T00:00:00+09:00,ROASTED-GT,17924.0,3000.0,882.0,20042.0,21.23
2024-09-20,2024-09-20T00:00:00+09:00,ROASTED-BR,43100.0,0.0,5760.0,37340.0,7.18
2024-09-20,2024-09-20T00:00:00+09:00,ROASTED-CO,33100.0,0.0,5760.0,27340.0,5.26
2024-09-20,2024-09-20T00:00:00+09:00,ROASTED-ET,15563.0,0.0,1458.0,14105.0,9.97
2024-09-20,2024-09-20T00:00:00+09:00,ROASTED-GT,20042.0,0.0,972.0,19070.0,20.22
2024-09-21,2024-09-21T00:00:00+09:00,ROASTED-BR,37340.0,0.0,7000.0,30340.0,5.81
2024-09-21,2024-09-21T00:00:00+09:00,ROASTED-CO,27340.0,0.0,7000.0,20340.0,3.9
2024-09-21,2024-09-21T00:00:00+09:00,ROASTED-ET,14105.0,0.0,2106.0,11999.0,8.44
2024-09-21,2024-09-21T00:00:00+09:00,ROASTED-GT,19070.0,0.0,1404.0,17666.0,18.64
2024-09-22,2024-09-22T00:00:00+09:00,ROASTED-BR,30340.0,15500.0,5830.0,40010.0,7.67
2024-09-22,2024-09-22T00:00:00+09:00,ROASTED-CO,20340.0,15500.0,5830.0,30010.0,5.75
2024-09-22,2024-09-22T00:00:00+09:00,ROASTED-ET,11999.0,4000.0,1233.0,14766.0,10.42
2024-09-22,2024-09-22T00:00:00+09:00,ROASTED-GT,17666.0,3000.0,822.0,19844.0,21.0
2024-09-23,2024-09-23T00:00:00+09:00,ROASTED-BR,40010.0,0.0,5400.0,34610.0,6.6
2024-09-23,2024-09-23T00:00:00+09:00,ROASTED-CO,30010.0,0.0,5400.0,24610.0,4.69
2024-09-23,2024-09-23T00:00:00+09:00,ROASTED-ET,14766.0,0.0,1539.0,13227.0,9.28
2024-09-23,2024-09-23T00:00:00+09:00,ROASTED-GT,19844.0,0.0,1026.0,18818.0,19.8
2024-09-24,2024-09-24T00:00:00+09:00,ROASTED-BR,34610.0,0.0,4450.0,30160.0,5.76
2024-09-24,2024-09-24T00:00:00+09:00,ROASTED-CO,24610.0,0.0,4450.0,20160.0,3.85
2024-09-24,2024-09-24T00:00:00+09:00,ROASTED-ET,13227.0,0.0,1350.0,11877.0,8.28
2024-09-24,2024-09-24T00:00:00+09:00,ROASTED-GT,18818.0,0.0,900.0,17918.0,18.74
2024-09-25,2024-09-25T00:00:00+09:00,ROASTED-BR,30160.0,16500.0,4560.0,42100.0,8.1
2024-09-25,2024-09-25T00:00:00+09:00,ROASTED-CO,20160.0,16500.0,4560.0,32100.0,6.18
2024-09-25,2024-09-25T00:00:00+09:00,ROASTED-ET,11877.0,4500.0,1413.0,14964.0,10.41
2024-09-25,2024-09-25T00:00:00+09:00,ROASTED-GT,17918.0,2500.0,942.0,19476.0,20.33
2024-09-26,2024-09-26T00:00:00+09:00,ROASTED-BR,42100.0,0.0,5490.0,36610.0,7.0
2024-09-26,2024-09-26T00:00:00+09:00,ROASTED-CO,32100.0,0.0,5490.0,26610.0,5.09
2024-09-26,2024-09-26T00:00:00+09:00,ROASTED-ET,14964.0,0.0,1377.0,13587.0,9.41
2024-09-26,2024-09-26T00:00:00+09:00,ROASTED-GT,19476.0,0.0,918.0,18558.0,19.29
2024-09-27,2024-09-27T00:00:00+09:00,ROASTED-BR,36610.0,0.0,6540.0,30070.0,5.71
2024-09-27,2024-09-27T00:00:00+09:00,ROASTED-CO,26610.0,0.0,6540.0,20070.0,3.81
2024-09-27,2024-09-27T00:00:00+09:00,ROASTED-ET,13587.0,0.0,1395.0,12192.0,8.45
2024-09-27,2024-09-27T00:00:00+09:00,ROASTED-GT,18558.0,0.0,930.0,17628.0,18.33
2024-09-28,2024-09-28T00:00:00+09:00,ROASTED-BR,30070.0,15000.0,6110.0,38960.0,7.41
2024-09-28,2024-09-28T00:00:00+09:00,ROASTED-CO,20070.0,15000.0,6110.0,28960.0,5.51
2024-09-28,2024-09-28T00:00:00+09:00,ROASTED-ET,12192.0,4000.0,1755.0,14437.0,10.03
2024-09-28,2024-09-28T00:00:00+09:00,ROASTED-GT,17628.0,3000.0,1170.0,19458.0,20.27
2024-09-29,2024-09-29T00:00:00+09:00,ROASTED-BR,38960.0,0.0,4450.0,34510.0,6.58
2024-09-29,2024-09-29T00:00:00+09:00,ROASTED-CO,28960.0,0.0,4450.0,24510.0,4.68
2024-09-29,2024-09-29T00:00:00+09:00,ROASTED-ET,14437.0,0.0,1386.0,13051.0,9.07
2024-09-29,2024-09-29T00:00:00+09:00,ROASTED-GT,19458.0,0.0,924.0,18534.0,19.31
2024-09-30,2024-09-30T00:00:00+09:00,ROASTED-BR,34510.0,0.0,4280.0,30230.0,5.75
2024-09-30,2024-09-30T00:00:00+09:00,ROASTED-CO,24510.0,0.0,4280.0,20230.0,3.85
2024-09-30,2024-09-30T00:00:00+09:00,ROASTED-ET,13051.0,0.0,1233.0,11818.0,8.18
2024-09-30,2024-09-30T00:00:00+09:00,ROASTED-GT,18534.0,0.0,822.0,17712.0,18.38
2024-10-01,2024-10-01T00:00:00+09:00,ROASTED-BR,30230.0,14500.0,4660.0,40070.0,7.57
2024-10-01,2024-10-01T00:00:00+09:00,ROASTED-CO,20230.0,14500.0,4660.0,30070.0,5.68
2024-10-01,2024-10-01T00:00:00+09:00,ROASTED-ET,11818.0,4500.0,1359.0,14959.0,10.31
2024-10-01,2024-10-01T00:00:00+09:00,ROASTED-GT,17712.0,3000.0,906.0,19806.0,20.48
2024-10-02,2024-10-02T00:00:00+09:00,ROASTED-BR,40070.0,0.0,4190.0,35880.0,6.76
2024-10-02,2024-10-02T00:00:00+09:00,ROASTED-CO,30070.0,0.0,4190.0,25880.0,4.88
2024-10-02,2024-10-02T00:00:00+09:00,ROASTED-ET,14959.0,0.0,1242.0,13717.0,9.43
2024-10-02,2024-10-02T00:00:00+09:00,ROASTED-GT,19806.0,0.0,828.0,18978.0,19.56
2024-10-03,2024-10-03T00:00:00+09:00,ROASTED-BR,35880.0,0.0,5490.0,30390.0,5.71
2024-10-03,2024-10-03T00:00:00+09:00,ROASTED-CO,25880.0,0.0,5490.0,20390.0,3.83
2024-10-03,2024-10-03T00:00:00+09:00,ROASTED-ET,13717.0,0.0,1683.0,12034.0,8.22
2024-10-03,2024-10-03T00:00:00+09:00,ROASTED-GT,18978.0,0.0,1122.0,17856.0,18.31
2024-10-04,2024-10-04T00:00:00+09:00,ROASTED-BR,30390.0,15500.0,5300.0,40590.0,7.66
2024-10-04,2024-10-04T00:00:00+09:00,ROASTED-CO,20390.0,15500.0,5300.0,30590.0,5.77
2024-10-04,2024-10-04T00:00:00+09:00,ROASTED-ET,12034.0,5500.0,1602.0,15932.0,10.9
2024-10-04,2024-10-04T00:00:00+09:00,ROASTED-GT,17856.0,3500.0,1068.0,20288.0,20.82
2024-10-05,2024-10-05T00:00:00+09:00,ROASTED-BR,40590.0,0.0,5280.0,35310.0,6.69
2024-10-05,2024-10-05T00:00:00+09:00,ROASTED-CO,30590.0,0.0,5280.0,25310.0,4.8
2024-10-05,2024-10-05T00:00:00+09:00,ROASTED-ET,15932.0,0.0,2007.0,13925.0,9.52
2024-10-05,2024-10-05T00:00:00+09:00,ROASTED-GT,20288.0,0.0,1338.0,18950.0,19.42
2024-10-06,2024-10-06T00:00:00+09:00,ROASTED-BR,35310.0,0.0,5320.0,29990.0,5.68
2024-10-06,2024-10-06T00:00:00+09:00,ROASTED-CO,25310.0,0.0,5320.0,19990.0,3.79
2024-10-06,2024-10-06T00:00:00+09:00,ROASTED-ET,13925.0,0.0,1701.0,12224.0,8.29
2024-10-06,2024-10-06T00:00:00+09:00,ROASTED-GT,18950.0,0.0,1134.0,17816.0,18.12
2024-10-07,2024-10-07T00:00:00+09:00,ROASTED-BR,29990.0,15000.0,4580.0,40410.0,7.68
2024-10-07,2024-10-07T00:00:00+09:00,ROASTED-CO,19990.0,15000.0,4580.0,30410.0,5.78
2024-10-07,2024-10-07T00:00:00+09:00,ROASTED-ET,12224.0,4500.0,1440.0,15284.0,10.33
2024-10-07,2024-10-07T00:00:00+09:00,ROASTED-GT,17816.0,3000.0,960.0,19856.0,20.14
2024-10-08,2024-10-08T00:00:00+09:00,ROASTED-BR,40410.0,0.0,4520.0,35890.0,6.79
2024-10-08,2024-10-08T00:00:00+09:00,ROASTED-CO,30410.0,0.0,4520.0,25890.0,4.9
2024-10-08,2024-10-08T00:00:00+09:00,ROASTED-ET,15284.0,0.0,1611.0,13673.0,9.13
2024-10-08,2024-10-08T00:00:00+09:00,ROASTED-GT,19856.0,0.0,1074.0,18782.0,18.82
2024-10-09,2024-10-09T00:00:00+09:00,ROASTED-BR,35890.0,0.0,5660.0,30230.0,5.74
2024-10-09,2024-10-09T00:00:00+09:00,ROASTED-CO,25890.0,0.0,5660.0,20230.0,3.84
2024-10-09,2024-10-09T00:00:00+09:00,ROASTED-ET,13673.0,0.0,1521.0,12152.0,8.04
2024-10-09,2024-10-09T00:00:00+09:00,ROASTED-GT,18782.0,0.0,1014.0,17768.0,17.64
2024-10-10,2024-10-10T00:00:00+09:00,ROASTED-BR,30230.0,16500.0,5950.0,40780.0,7.74
2024-10-10,2024-10-10T00:00:00+09:00,ROASTED-CO,20230.0,16500.0,5950.0,30780.0,5.84
2024-10-10,2024-10-10T00:00:00+09:00,ROASTED-ET,12152.0,4500.0,1521.0,15131.0,9.94
2024-10-10,2024-10-10T00:00:00+09:00,ROASTED-GT,17768.0,3000.0,1014.0,19754.0,19.47
2024-10-11,2024-10-11T00:00:00+09:00,ROASTED-BR,40780.0,0.0,4660.0,36120.0,6.91
2024-10-11,2024-10-11T00:00:00+09:00,ROASTED-CO,30780.0,0.0,4660.0,26120.0,5.0
2024-10-11,2024-10-11T00:00:00+09:00,ROASTED-ET,15131.0,0.0,1503.0,13628.0,8.99
2024-10-11,2024-10-11T00:00:00+09:00,ROASTED-GT,19754.0,0.0,1002.0,18752.0,18.55
2024-10-12,2024-10-12T00:00:00+09:00,ROASTED-BR,36120.0,0.0,5950.0,30170.0,5.81
2024-10-12,2024-10-12T00:00:00+09:00,ROASTED-CO,26120.0,0.0,5950.0,20170.0,3.88
2024-10-12,2024-10-12T00:00:00+09:00,ROASTED-ET,13628.0,0.0,1602.0,12026.0,7.96
2024-10-12,2024-10-12T00:00:00+09:00,ROASTED-GT,18752.0,0.0,1068.0,17684.0,17.56
2024-10-13,2024-10-13T00:00:00+09:00,ROASTED-BR,30170.0,16000.0,5410.0,40760.0,7.8
2024-10-13,2024-10-13T00:00:00+09:00,ROASTED-CO,20170.0,16000.0,5410.0,30760.0,5.89
2024-10-13,2024-10-13T00:00:00+09:00,ROASTED-ET,12026.0,4500.0,1566.0,14960.0,9.93
2024-10-13,2024-10-13T00:00:00+09:00,ROASTED-GT,17684.0,3500.0,1044.0,20140.0,20.04
2024-10-14,2024-10-14T00:00:00+09:00,ROASTED-BR,40760.0,0.0,6370.0,34390.0,6.52
2024-10-14,2024-10-14T00:00:00+09:00,ROASTED-CO,30760.0,0.0,6370.0,24390.0,4.62
2024-10-14,2024-10-14T00:00:00+09:00,ROASTED-ET,14960.0,0.0,1836.0,13124.0,8.64
2024-10-14,2024-10-14T00:00:00+09:00,ROASTED-GT,20140.0,0.0,1224.0,18916.0,18.68
2024-10-15,2024-10-15T00:00:00+09:00,ROASTED-BR,34390.0,0.0,4410.0,29980.0,5.68
2024-10-15,2024-10-15T00:00:00+09:00,ROASTED-CO,24390.0,0.0,4410.0,19980.0,3.78
2024-10-15,2024-10-15T00:00:00+09:00,ROASTED-ET,13124.0,0.0,1287.0,11837.0,7.84
2024-10-15,2024-10-15T00:00:00+09:00,ROASTED-GT,18916.0,0.0,858.0,18058.0,17.94
2024-10-16,2024-10-16T00:00:00+09:00,ROASTED-BR,29980.0,17000.0,6280.0,40700.0,7.63
2024-10-16,2024-10-16T00:00:00+09:00,ROASTED-CO,19980.0,17000.0,6280.0,30700.0,5.75
2024-10-16,2024-10-16T00:00:00+09:00,ROASTED-ET,11837.0,5000.0,1404.0,15433.0,10.18
2024-10-16,2024-10-16T00:00:00+09:00,ROASTED-GT,18058.0,3000.0,936.0,20122.0,19.91
2024-10-17,2024-10-17T00:00:00+09:00,ROASTED-BR,40700.0,0.0,4480.0,36220.0,6.83
2024-10-17,2024-10-17T00:00:00+09:00,ROASTED-CO,30700.0,0.0,4480.0,26220.0,4.95
2024-10-17,2024-10-17T00:00:00+09:00,ROASTED-ET,15433.0,0.0,1575.0,13858.0,9.09
2024-10-17,2024-10-17T00:00:00+09:00,ROASTED-GT,20122.0,0.0,1050.0,19072.0,18.76
2024-10-18,2024-10-18T00:00:00+09:00,ROASTED-BR,36220.0,0.0,6230.0,29990.0,5.64
2024-10-18,2024-10-18T00:00:00+09:00,ROASTED-CO,26220.0,0.0,6230.0,19990.0,3.76
2024-10-18,2024-10-18T00:00:00+09:00,ROASTED-ET,13858.0,0.0,1602.0,12256.0,8.01
2024-10-18,2024-10-18T00:00:00+09:00,ROASTED-GT,19072.0,0.0,1068.0,18004.0,17.65
2024-10-19,2024-10-19T00:00:00+09:00,ROASTED-BR,29990.0,18500.0,7320.0,41170.0,7.73
2024-10-19,2024-10-19T00:00:00+09:00,ROASTED-CO,19990.0,18500.0,7320.0,31170.0,5.85
2024-10-19,2024-10-19T00:00:00+09:00,ROASTED-ET,12256.0,5500.0,2052.0,15704.0,10.27
2024-10-19,2024-10-19T00:00:00+09:00,ROASTED-GT,18004.0,3500.0,1368.0,20136.0,19.76
2024-10-20,2024-10-20T00:00:00+09:00,ROASTED-BR,41170.0,0.0,5650.0,35520.0,6.68
2024-10-20,2024-10-20T00:00:00+09:00,ROASTED-CO,31170.0,0.0,5650.0,25520.0,4.8
2024-10-20,2024-10-20T00:00:00+09:00,ROASTED-ET,15704.0,0.0,2034.0,13670.0,8.78
2024-10-20,2024-10-20T00:00:00+09:00,ROASTED-GT,20136.0,0.0,1356.0,18780.0,18.09
2024-10-21,2024-10-21T00:00:00+09:00,ROASTED-BR,35520.0,0.0,5570.0,29950.0,5.62
2024-10-21,2024-10-21T00:00:00+09:00,ROASTED-CO,25520.0,0.0,5570.0,19950.0,3.74
2024-10-21,2024-10-21T00:00:00+09:00,ROASTED-ET,13670.0,0.0,1386.0,12284.0,7.92
2024-10-21,2024-10-21T00:00:00+09:00,ROASTED-GT,18780.0,0.0,924.0,17856.0,17.26
2024-10-22,2024-10-22T00:00:00+09:00,ROASTED-BR,29950.0,15000.0,5250.0,39700.0,7.41
2024-10-22,2024-10-22T00:00:00+09:00,ROASTED-CO,19950.0,15000.0,5250.0,29700.0,5.55
2024-10-22,2024-10-22T00:00:00+09:00,ROASTED-ET,12284.0,4500.0,1440.0,15344.0,9.87
2024-10-22,2024-10-22T00:00:00+09:00,ROASTED-GT,17856.0,3000.0,960.0,19896.0,19.2
2024-10-23,2024-10-23T00:00:00+09:00,ROASTED-BR,39700.0,0.0,4860.0,34840.0,6.49
2024-10-23,2024-10-23T00:00:00+09:00,ROASTED-CO,29700.0,0.0,4860.0,24840.0,4.63
2024-10-23,2024-10-23T00:00:00+09:00,ROASTED-ET,15344.0,0.0,1755.0,13589.0,8.67
2024-10-23,2024-10-23T00:00:00+09:00,ROASTED-GT,19896.0,0.0,1170.0,18726.0,17.93
2024-10-24,2024-10-24T00:00:00+09:00,ROASTED-BR,34840.0,0.0,4610.0,30230.0,5.67
2024-10-24,2024-10-24T00:00:00+09:00,ROASTED-CO,24840.0,0.0,4610.0,20230.0,3.79
2024-10-24,2024-10-24T00:00:00+09:00,ROASTED-ET,13589.0,0.0,1305.0,12284.0,7.85
2024-10-24,2024-10-24T00:00:00+09:00,ROASTED-GT,18726.0,0.0,870.0,17856.0,17.12
2024-10-25,2024-10-25T00:00:00+09:00,ROASTED-BR,30230.0,18500.0,6310.0,42420.0,7.96
2024-10-25,2024-10-25T00:00:00+09:00,ROASTED-CO,20230.0,18500.0,6310.0,32420.0,6.09
2024-10-25,2024-10-25T00:00:00+09:00,ROASTED-ET,12284.0,5000.0,1773.0,15511.0,9.83
2024-10-25,2024-10-25T00:00:00+09:00,ROASTED-GT,17856.0,3500.0,1182.0,20174.0,19.18
2024-10-26,2024-10-26T00:00:00+09:00,ROASTED-BR,42420.0,0.0,7690.0,34730.0,6.45
2024-10-26,2024-10-26T00:00:00+09:00,ROASTED-CO,32420.0,0.0,7690.0,24730.0,4.59
2024-10-26,2024-10-26T00:00:00+09:00,ROASTED-ET,15511.0,0.0,1764.0,13747.0,8.71
2024-10-26,2024-10-26T00:00:00+09:00,ROASTED-GT,20174.0,0.0,1176.0,18998.0,18.06
2024-10-27,2024-10-27T00:00:00+09:00,ROASTED-BR,34730.0,0.0,4330.0,30400.0,5.65
2024-10-27,2024-10-27T00:00:00+09:00,ROASTED-CO,24730.0,0.0,4330.0,20400.0,3.79
2024-10-27,2024-10-27T00:00:00+09:00,ROASTED-ET,13747.0,0.0,1827.0,11920.0,7.48
2024-10-27,2024-10-27T00:00:00+09:00,ROASTED-GT,18998.0,0.0,1218.0,17780.0,16.73
2024-10-28,2024-10-28T00:00:00+09:00,ROASTED-BR,30400.0,15000.0,4610.0,40790.0,7.57
2024-10-28,2024-10-28T00:00:00+09:00,ROASTED-CO,20400.0,15000.0,4610.0,30790.0,5.71
2024-10-28,2024-10-28T00:00:00+09:00,ROASTED-ET,11920.0,5000.0,1395.0,15525.0,9.7
2024-10-28,2024-10-28T00:00:00+09:00,ROASTED-GT,17780.0,3000.0,930.0,19850.0,18.61
2024-10-29,2024-10-29T00:00:00+09:00,ROASTED-BR,40790.0,0.0,4780.0,36010.0,6.67
2024-10-29,2024-10-29T00:00:00+09:00,ROASTED-CO,30790.0,0.0,4780.0,26010.0,4.82
2024-10-29,2024-10-29T00:00:00+09:00,ROASTED-ET,15525.0,0.0,1539.0,13986.0,8.71
2024-10-29,2024-10-29T00:00:00+09:00,ROASTED-GT,19850.0,0.0,1026.0,18824.0,17.58
2024-10-30,2024-10-30T00:00:00+09:00,ROASTED-BR,36010.0,0.0,5710.0,30300.0,5.56
2024-10-30,2024-10-30T00:00:00+09:00,ROASTED-CO,26010.0,0.0,5710.0,20300.0,3.73
2024-10-30,2024-10-30T00:00:00+09:00,ROASTED-ET,13986.0,0.0,1683.0,12303.0,7.59
2024-10-30,2024-10-30T00:00:00+09:00,ROASTED-GT,18824.0,0.0,1122.0,17702.0,16.37
2024-10-31,2024-10-31T00:00:00+09:00,ROASTED-BR,30300.0,16000.0,5950.0,40350.0,7.38
2024-10-31,2024-10-31T00:00:00+09:00,ROASTED-CO,20300.0,16000.0,5950.0,30350.0,5.55
2024-10-31,2024-10-31T00:00:00+09:00,ROASTED-ET,12303.0,5000.0,1746.0,15557.0,9.58
2024-10-31,2024-10-31T00:00:00+09:00,ROASTED-GT,17702.0,4000.0,1164.0,20538.0,18.97
2024-11-01,2024-11-01T00:00:00+09:00,ROASTED-BR,40350.0,0.0,4140.0,36210.0,6.68
2024-11-01,2024-11-01T00:00:00+09:00,ROASTED-CO,30350.0,0.0,4140.0,26210.0,4.83
2024-11-01,2024-11-01T00:00:00+09:00,ROASTED-ET,15557.0,0.0,1809.0,13748.0,8.43
2024-11-01,2024-11-01T00:00:00+09:00,ROASTED-GT,20538.0,0.0,1206.0,19332.0,17.77
2024-11-02,2024-11-02T00:00:00+09:00,ROASTED-BR,36210.0,0.0,6260.0,29950.0,5.49
2024-11-02,2024-11-02T00:00:00+09:00,ROASTED-CO,26210.0,0.0,6260.0,19950.0,3.65
2024-11-02,2024-11-02T00:00:00+09:00,ROASTED-ET,13748.0,0.0,1926.0,11822.0,7.26
2024-11-02,2024-11-02T00:00:00+09:00,ROASTED-GT,19332.0,0.0,1284.0,18048.0,16.62
2024-11-03,2024-11-03T00:00:00+09:00,ROASTED-BR,29950.0,15000.0,5750.0,39200.0,7.16
2024-11-03,2024-11-03T00:00:00+09:00,ROASTED-CO,19950.0,15000.0,5750.0,29200.0,5.33
2024-11-03,2024-11-03T00:00:00+09:00,ROASTED-ET,11822.0,5500.0,2106.0,15216.0,9.26
2024-11-03,2024-11-03T00:00:00+09:00,ROASTED-GT,18048.0,3000.0,1404.0,19644.0,17.93
2024-11-04,2024-11-04T00:00:00+09:00,ROASTED-BR,39200.0,0.0,5020.0,34180.0,6.23
2024-11-04,2024-11-04T00:00:00+09:00,ROASTED-CO,29200.0,0.0,5020.0,24180.0,4.4
2024-11-04,2024-11-04T00:00:00+09:00,ROASTED-ET,15216.0,0.0,1521.0,13695.0,8.32
2024-11-04,2024-11-04T00:00:00+09:00,ROASTED-GT,19644.0,0.0,1014.0,18630.0,16.98
2024-11-05,2024-11-05T00:00:00+09:00,ROASTED-BR,34180.0,0.0,4140.0,30040.0,5.48
2024-11-05,2024-11-05T00:00:00+09:00,ROASTED-CO,24180.0,0.0,4140.0,20040.0,3.66
2024-11-05,2024-11-05T00:00:00+09:00,ROASTED-ET,13695.0,0.0,1440.0,12255.0,7.47
2024-11-05,2024-11-05T00:00:00+09:00,ROASTED-GT,18630.0,0.0,960.0,17670.0,16.16
2024-11-06,2024-11-06T00:00:00+09:00,ROASTED-BR,30040.0,18000.0,6800.0,41240.0,7.47
2024-11-06,2024-11-06T00:00:00+09:00,ROASTED-CO,20040.0,18000.0,6800.0,31240.0,5.66
2024-11-06,2024-11-06T00:00:00+09:00,ROASTED-ET,12255.0,5000.0,1719.0,15536.0,9.43
2024-11-06,2024-11-06T00:00:00+09:00,ROASTED-GT,17670.0,3500.0,1146.0,20024.0,18.24
2024-11-07,2024-11-07T00:00:00+09:00,ROASTED-BR,41240.0,0.0,5610.0,35630.0,6.47
2024-11-07,2024-11-07T00:00:00+09:00,ROASTED-CO,31240.0,0.0,5610.0,25630.0,4.66
2024-11-07,2024-11-07T00:00:00+09:00,ROASTED-ET,15536.0,0.0,1512.0,14024.0,8.52
2024-11-07,2024-11-07T00:00:00+09:00,ROASTED-GT,20024.0,0.0,1008.0,19016.0,17.32
2024-11-08,2024-11-08T00:00:00+09:00,ROASTED-BR,35630.0,0.0,5670.0,29960.0,5.41
2024-11-08,2024-11-08T00:00:00+09:00,ROASTED-CO,25630.0,0.0,5670.0,19960.0,3.6
2024-11-08,2024-11-08T00:00:00+09:00,ROASTED-ET,14024.0,0.0,2016.0,12008.0,7.21
2024-11-08,2024-11-08T00:00:00+09:00,ROASTED-GT,19016.0,0.0,1344.0,17672.0,15.92
2024-11-09,2024-11-09T00:00:00+09:00,ROASTED-BR,29960.0,17000.0,6240.0,40720.0,7.33
2024-11-09,2024-11-09T00:00:00+09:00,ROASTED-CO,19960.0,17000.0,6240.0,30720.0,5.53
2024-11-09,2024-11-09T00:00:00+09:00,ROASTED-ET,12008.0,5500.0,2178.0,15330.0,9.09
2024-11-09,2024-11-09T00:00:00+09:00,ROASTED-GT,17672.0,4000.0,1452.0,20220.0,17.99
2024-11-10,2024-11-10T00:00:00+09:00,ROASTED-BR,40720.0,0.0,5900.0,34820.0,6.25
2024-11-10,2024-11-10T00:00:00+09:00,ROASTED-CO,30720.0,0.0,5900.0,24820.0,4.46
2024-11-10,2024-11-10T00:00:00+09:00,ROASTED-ET,15330.0,0.0,1827.0,13503.0,7.97
2024-11-10,2024-11-10T00:00:00+09:00,ROASTED-GT,20220.0,0.0,1218.0,19002.0,16.82
2024-11-11,2024-11-11T00:00:00+09:00,ROASTED-BR,34820.0,0.0,4780.0,30040.0,5.45
2024-11-11,2024-11-11T00:00:00+09:00,ROASTED-CO,24820.0,0.0,4780.0,20040.0,3.64
2024-11-11,2024-11-11T00:00:00+09:00,ROASTED-ET,13503.0,0.0,1593.0,11910.0,7.06
2024-11-11,2024-11-11T00:00:00+09:00,ROASTED-GT,19002.0,0.0,1062.0,17940.0,15.96
2024-11-12,2024-11-12T00:00:00+09:00,ROASTED-BR,30040.0,16500.0,5170.0,41370.0,7.47
2024-11-12,2024-11-12T00:00:00+09:00,ROASTED-CO,20040.0,16500.0,5170.0,31370.0,5.66
2024-11-12,2024-11-12T00:00:00+09:00,ROASTED-ET,11910.0,5000.0,1710.0,15200.0,8.93
2024-11-12,2024-11-12T00:00:00+09:00,ROASTED-GT,17940.0,3000.0,1140.0,19800.0,17.46
2024-11-13,2024-11-13T00:00:00+09:00,ROASTED-BR,41370.0,0.0,4940.0,36430.0,6.63
2024-11-13,2024-11-13T00:00:00+09:00,ROASTED-CO,31370.0,0.0,4940.0,26430.0,4.81
2024-11-13,2024-11-13T00:00:00+09:00,ROASTED-ET,15200.0,0.0,1611.0,13589.0,7.95
2024-11-13,2024-11-13T00:00:00+09:00,ROASTED-GT,19800.0,0.0,1074.0,18726.0,16.44
2024-11-14,2024-11-14T00:00:00+09:00,ROASTED-BR,36430.0,0.0,6430.0,30000.0,5.39
2024-11-14,2024-11-14T00:00:00+09:00,ROASTED-CO,26430.0,0.0,6430.0,20000.0,3.6
2024-11-14,2024-11-14T00:00:00+09:00,ROASTED-ET,13589.0,0.0,1647.0,11942.0,6.98
2024-11-14,2024-11-14T00:00:00+09:00,ROASTED-GT,18726.0,0.0,1098.0,17628.0,15.45
2024-11-15,2024-11-15T00:00:00+09:00,ROASTED-BR,30000.0,18000.0,6050.0,41950.0,7.55
2024-11-15,2024-11-15T00:00:00+09:00,ROASTED-CO,20000.0,18000.0,6050.0,31950.0,5.75
2024-11-15,2024-11-15T00:00:00+09:00,ROASTED-ET,11942.0,5500.0,1809.0,15633.0,9.1
2024-11-15,2024-11-15T00:00:00+09:00,ROASTED-GT,17628.0,4000.0,1206.0,20422.0,17.82
2024-11-16,2024-11-16T00:00:00+09:00,ROASTED-BR,41950.0,0.0,6210.0,35740.0,6.48
2024-11-16,2024-11-16T00:00:00+09:00,ROASTED-CO,31950.0,0.0,6210.0,25740.0,4.67
2024-11-16,2024-11-16T00:00:00+09:00,ROASTED-ET,15633.0,0.0,1863.0,13770.0,8.04
2024-11-16,2024-11-16T00:00:00+09:00,ROASTED-GT,20422.0,0.0,1242.0,19180.0,16.81
2024-11-17,2024-11-17T00:00:00+09:00,ROASTED-BR,35740.0,0.0,5580.0,30160.0,5.47
2024-11-17,2024-11-17T00:00:00+09:00,ROASTED-CO,25740.0,0.0,5580.0,20160.0,3.66
2024-11-17,2024-11-17T00:00:00+09:00,ROASTED-ET,13770.0,0.0,1755.0,12015.0,7.06
2024-11-17,2024-11-17T00:00:00+09:00,ROASTED-GT,19180.0,0.0,1170.0,18010.0,15.87
2024-11-18,2024-11-18T00:00:00+09:00,ROASTED-BR,30160.0,15500.0,5670.0,39990.0,7.25
2024-11-18,2024-11-18T00:00:00+09:00,ROASTED-CO,20160.0,15500.0,5670.0,29990.0,5.44
2024-11-18,2024-11-18T00:00:00+09:00,ROASTED-ET,12015.0,4500.0,1440.0,15075.0,8.85
2024-11-18,2024-11-18T00:00:00+09:00,ROASTED-GT,18010.0,3000.0,960.0,20050.0,17.65
2024-11-19,2024-11-19T00:00:00+09:00,ROASTED-BR,39990.0,0.0,4660.0,35330.0,6.43
2024-11-19,2024-11-19T00:00:00+09:00,ROASTED-CO,29990.0,0.0,4660.0,25330.0,4.61
2024-11-19,2024-11-19T00:00:00+09:00,ROASTED-ET,15075.0,0.0,1530.0,13545.0,7.93
2024-11-19,2024-11-19T00:00:00+09:00,ROASTED-GT,20050.0,0.0,1020.0,19030.0,16.72
2024-11-20,2024-11-20T00:00:00+09:00,ROASTED-BR,35330.0,0.0,5350.0,29980.0,5.44
2024-11-20,2024-11-20T00:00:00+09:00,ROASTED-CO,25330.0,0.0,5350.0,19980.0,3.62
2024-11-20,2024-11-20T00:00:00+09:00,ROASTED-ET,13545.0,0.0,1476.0,12069.0,7.11
2024-11-20,2024-11-20T00:00:00+09:00,ROASTED-GT,19030.0,0.0,984.0,18046.0,15.95
2024-11-21,2024-11-21T00:00:00+09:00,ROASTED-BR,29980.0,20500.0,5280.0,45200.0,8.16
2024-11-21,2024-11-21T00:00:00+09:00,ROASTED-CO,19980.0,20500.0,5280.0,35200.0,6.36
2024-11-21,2024-11-21T00:00:00+09:00,ROASTED-ET,12069.0,6000.0,1602.0,16467.0,9.64
2024-11-21,2024-11-21T00:00:00+09:00,ROASTED-GT,18046.0,4000.0,1068.0,20978.0,18.43
2024-11-22,2024-11-22T00:00:00+09:00,ROASTED-BR,45200.0,0.0,5880.0,39320.0,7.12
2024-11-22,2024-11-22T00:00:00+09:00,ROASTED-CO,35200.0,0.0,5880.0,29320.0,5.31
2024-11-22,2024-11-22T00:00:00+09:00,ROASTED-ET,16467.0,0.0,1926.0,14541.0,8.49
2024-11-22,2024-11-22T00:00:00+09:00,ROASTED-GT,20978.0,0.0,1284.0,19694.0,17.24
2024-11-23,2024-11-23T00:00:00+09:00,ROASTED-BR,39320.0,0.0,8990.0,30330.0,5.45
2024-11-23,2024-11-23T00:00:00+09:00,ROASTED-CO,29320.0,0.0,8990.0,20330.0,3.65
2024-11-23,2024-11-23T00:00:00+09:00,ROASTED-ET,14541.0,0.0,2502.0,12039.0,6.92
2024-11-23,2024-11-23T00:00:00+09:00,ROASTED-GT,19694.0,0.0,1668.0,18026.0,15.54
2024-11-24,2024-11-24T00:00:00+09:00,ROASTED-BR,30330.0,17000.0,6640.0,40690.0,7.2
2024-11-24,2024-11-24T00:00:00+09:00,ROASTED-CO,20330.0,17000.0,6640.0,30690.0,5.43
2024-11-24,2024-11-24T00:00:00+09:00,ROASTED-ET,12039.0,5000.0,1737.0,15302.0,8.81
2024-11-24,2024-11-24T00:00:00+09:00,ROASTED-GT,18026.0,3000.0,1158.0,19868.0,17.16
2024-11-25,2024-11-25T00:00:00+09:00,ROASTED-BR,40690.0,0.0,5050.0,35640.0,6.29
2024-11-25,2024-11-25T00:00:00+09:00,ROASTED-CO,30690.0,0.0,5050.0,25640.0,4.53
2024-11-25,2024-11-25T00:00:00+09:00,ROASTED-ET,15302.0,0.0,1602.0,13700.0,7.86
2024-11-25,2024-11-25T00:00:00+09:00,ROASTED-GT,19868.0,0.0,1068.0,18800.0,16.17
2024-11-26,2024-11-26T00:00:00+09:00,ROASTED-BR,35640.0,0.0,5490.0,30150.0,5.3
2024-11-26,2024-11-26T00:00:00+09:00,ROASTED-CO,25640.0,0.0,5490.0,20150.0,3.54
2024-11-26,2024-11-26T00:00:00+09:00,ROASTED-ET,13700.0,0.0,1395.0,12305.0,7.08
2024-11-26,2024-11-26T00:00:00+09:00,ROASTED-GT,18800.0,0.0,930.0,17870.0,15.42
2024-11-27,2024-11-27T00:00:00+09:00,ROASTED-BR,30150.0,18000.0,4850.0,43300.0,7.65
2024-11-27,2024-11-27T00:00:00+09:00,ROASTED-CO,20150.0,18000.0,4850.0,33300.0,5.88
2024-11-27,2024-11-27T00:00:00+09:00,ROASTED-ET,12305.0,5000.0,1602.0,15703.0,9.05
2024-11-27,2024-11-27T00:00:00+09:00,ROASTED-GT,17870.0,3500.0,1068.0,20302.0,17.54
2024-11-28,2024-11-28T00:00:00+09:00,ROASTED-BR,43300.0,0.0,6110.0,37190.0,6.56
2024-11-28,2024-11-28T00:00:00+09:00,ROASTED-CO,33300.0,0.0,6110.0,27190.0,4.8
2024-11-28,2024-11-28T00:00:00+09:00,ROASTED-ET,15703.0,0.0,1728.0,13975.0,8.05
2024-11-28,2024-11-28T00:00:00+09:00,ROASTED-GT,20302.0,0.0,1152.0,19150.0,16.56
2024-11-29,2024-11-29T00:00:00+09:00,ROASTED-BR,37190.0,0.0,6890.0,30300.0,5.26
2024-11-29,2024-11-29T00:00:00+09:00,ROASTED-CO,27190.0,0.0,6890.0,20300.0,3.52
2024-11-29,2024-11-29T00:00:00+09:00,ROASTED-ET,13975.0,0.0,2115.0,11860.0,6.79
2024-11-29,2024-11-29T00:00:00+09:00,ROASTED-GT,19150.0,0.0,1410.0,17740.0,15.24
2024-11-30,2024-11-30T00:00:00+09:00,ROASTED-BR,30300.0,18000.0,7090.0,41210.0,7.11
2024-11-30,2024-11-30T00:00:00+09:00,ROASTED-CO,20300.0,18000.0,7090.0,31210.0,5.39
2024-11-30,2024-11-30T00:00:00+09:00,ROASTED-ET,11860.0,6000.0,2061.0,15799.0,9.02
2024-11-30,2024-11-30T00:00:00+09:00,ROASTED-GT,17740.0,4000.0,1374.0,20366.0,17.45
2024-12-01,2024-12-01T00:00:00+09:00,ROASTED-BR,41210.0,0.0,5630.0,35580.0,6.15
2024-12-01,2024-12-01T00:00:00+09:00,ROASTED-CO,31210.0,0.0,5630.0,25580.0,4.42
2024-12-01,2024-12-01T00:00:00+09:00,ROASTED-ET,15799.0,0.0,1989.0,13810.0,7.91
2024-12-01,2024-12-01T00:00:00+09:00,ROASTED-GT,20366.0,0.0,1326.0,19040.0,16.35
2024-12-02,2024-12-02T00:00:00+09:00,ROASTED-BR,35580.0,0.0,5330.0,30250.0,5.21
2024-12-02,2024-12-02T00:00:00+09:00,ROASTED-CO,25580.0,0.0,5330.0,20250.0,3.49
2024-12-02,2024-12-02T00:00:00+09:00,ROASTED-ET,13810.0,0.0,1620.0,12190.0,6.97
2024-12-02,2024-12-02T00:00:00+09:00,ROASTED-GT,19040.0,0.0,1080.0,17960.0,15.39
2024-12-03,2024-12-03T00:00:00+09:00,ROASTED-BR,30250.0,16500.0,5850.0,40900.0,6.98
2024-12-03,2024-12-03T00:00:00+09:00,ROASTED-CO,20250.0,16500.0,5850.0,30900.0,5.27
2024-12-03,2024-12-03T00:00:00+09:00,ROASTED-ET,12190.0,5000.0,1404.0,15786.0,9.03
2024-12-03,2024-12-03T00:00:00+09:00,ROASTED-GT,17960.0,3500.0,936.0,20524.0,17.6
2024-12-04,2024-12-04T00:00:00+09:00,ROASTED-BR,40900.0,0.0,4840.0,36060.0,6.23
2024-12-04,2024-12-04T00:00:00+09:00,ROASTED-CO,30900.0,0.0,4840.0,26060.0,4.5
2024-12-04,2024-12-04T00:00:00+09:00,ROASTED-ET,15786.0,0.0,1989.0,13797.0,7.85
2024-12-04,2024-12-04T00:00:00+09:00,ROASTED-GT,20524.0,0.0,1326.0,19198.0,16.38
2024-12-05,2024-12-05T00:00:00+09:00,ROASTED-BR,36060.0,0.0,5800.0,30260.0,5.22
2024-12-05,2024-12-05T00:00:00+09:00,ROASTED-CO,26060.0,0.0,5800.0,20260.0,3.49
2024-12-05,2024-12-05T00:00:00+09:00,ROASTED-ET,13797.0,0.0,1701.0,12096.0,6.85
2024-12-05,2024-12-05T00:00:00+09:00,ROASTED-GT,19198.0,0.0,1134.0,18064.0,15.35
2024-12-06,2024-12-06T00:00:00+09:00,ROASTED-BR,30260.0,20000.0,6480.0,43780.0,7.51
2024-12-06,2024-12-06T00:00:00+09:00,ROASTED-CO,20260.0,20000.0,6480.0,33780.0,5.8
2024-12-06,2024-12-06T00:00:00+09:00,ROASTED-ET,12096.0,6500.0,1953.0,16643.0,9.44
2024-12-06,2024-12-06T00:00:00+09:00,ROASTED-GT,18064.0,4000.0,1302.0,20762.0,17.66
2024-12-07,2024-12-07T00:00:00+09:00,ROASTED-BR,43780.0,0.0,7090.0,36690.0,6.26
2024-12-07,2024-12-07T00:00:00+09:00,ROASTED-CO,33780.0,0.0,7090.0,26690.0,4.56
2024-12-07,2024-12-07T00:00:00+09:00,ROASTED-ET,16643.0,0.0,2574.0,14069.0,7.92
2024-12-07,2024-12-07T00:00:00+09:00,ROASTED-GT,20762.0,0.0,1716.0,19046.0,16.08
2024-12-08,2024-12-08T00:00:00+09:00,ROASTED-BR,36690.0,0.0,6310.0,30380.0,5.17
2024-12-08,2024-12-08T00:00:00+09:00,ROASTED-CO,26690.0,0.0,6310.0,20380.0,3.47
2024-12-08,2024-12-08T00:00:00+09:00,ROASTED-ET,14069.0,0.0,2061.0,12008.0,6.73
2024-12-08,2024-12-08T00:00:00+09:00,ROASTED-GT,19046.0,0.0,1374.0,17672.0,14.85
2024-12-09,2024-12-09T00:00:00+09:00,ROASTED-BR,30380.0,14000.0,5360.0,39020.0,6.62
2024-12-09,2024-12-09T00:00:00+09:00,ROASTED-CO,20380.0,14000.0,5360.0,29020.0,4.92
2024-12-09,2024-12-09T00:00:00+09:00,ROASTED-ET,12008.0,5000.0,1890.0,15118.0,8.42
2024-12-09,2024-12-09T00:00:00+09:00,ROASTED-GT,17672.0,3500.0,1260.0,19912.0,16.63
2024-12-10,2024-12-10T00:00:00+09:00,ROASTED-BR,39020.0,0.0,4400.0,34620.0,5.9
2024-12-10,2024-12-10T00:00:00+09:00,ROASTED-CO,29020.0,0.0,4400.0,24620.0,4.2
2024-12-10,2024-12-10T00:00:00+09:00,ROASTED-ET,15118.0,0.0,1395.0,13723.0,7.69
2024-12-10,2024-12-10T00:00:00+09:00,ROASTED-GT,19912.0,0.0,930.0,18982.0,15.95
2024-12-11,2024-12-11T00:00:00+09:00,ROASTED-BR,34620.0,0.0,4580.0,30040.0,5.13
2024-12-11,2024-12-11T00:00:00+09:00,ROASTED-CO,24620.0,0.0,4580.0,20040.0,3.42
2024-12-11,2024-12-11T00:00:00+09:00,ROASTED-ET,13723.0,0.0,1647.0,12076.0,6.76
2024-12-11,2024-12-11T00:00:00+09:00,ROASTED-GT,18982.0,0.0,1098.0,17884.0,15.02
2024-12-12,2024-12-12T00:00:00+09:00,ROASTED-BR,30040.0,21000.0,6360.0,44680.0,7.64
2024-12-12,2024-12-12T00:00:00+09:00,ROASTED-CO,20040.0,21000.0,6360.0,34680.0,5.93
2024-12-12,2024-12-12T00:00:00+09:00,ROASTED-ET,12076.0,7000.0,2142.0,16934.0,9.39
2024-12-12,2024-12-12T00:00:00+09:00,ROASTED-GT,17884.0,5000.0,1428.0,21456.0,17.84
2024-12-13,2024-12-13T00:00:00+09:00,ROASTED-BR,44680.0,0.0,6730.0,37950.0,6.46
2024-12-13,2024-12-13T00:00:00+09:00,ROASTED-CO,34680.0,0.0,6730.0,27950.0,4.76
2024-12-13,2024-12-13T00:00:00+09:00,ROASTED-ET,16934.0,0.0,2142.0,14792.0,8.15
2024-12-13,2024-12-13T00:00:00+09:00,ROASTED-GT,21456.0,0.0,1428.0,20028.0,16.55
2024-12-14,2024-12-14T00:00:00+09:00,ROASTED-BR,37950.0,0.0,7680.0,30270.0,5.11
2024-12-14,2024-12-14T00:00:00+09:00,ROASTED-CO,27950.0,0.0,7680.0,20270.0,3.42
2024-12-14,2024-12-14T00:00:00+09:00,ROASTED-ET,14792.0,0.0,2862.0,11930.0,6.44
2024-12-14,2024-12-14T00:00:00+09:00,ROASTED-GT,20028.0,0.0,1908.0,18120.0,14.68
2024-12-15,2024-12-15T00:00:00+09:00,ROASTED-BR,30270.0,14500.0,5200.0,39570.0,6.69
2024-12-15,2024-12-15T00:00:00+09:00,ROASTED-CO,20270.0,14500.0,5200.0,29570.0,5.0
2024-12-15,2024-12-15T00:00:00+09:00,ROASTED-ET,11930.0,5500.0,2052.0,15378.0,8.26
2024-12-15,2024-12-15T00:00:00+09:00,ROASTED-GT,18120.0,3500.0,1368.0,20252.0,16.31
2024-12-16,2024-12-16T00:00:00+09:00,ROASTED-BR,39570.0,0.0,5310.0,34260.0,5.81
2024-12-16,2024-12-16T00:00:00+09:00,ROASTED-CO,29570.0,0.0,5310.0,24260.0,4.11
2024-12-16,2024-12-16T00:00:00+09:00,ROASTED-ET,15378.0,0.0,1584.0,13794.0,7.39
2024-12-16,2024-12-16T00:00:00+09:00,ROASTED-GT,20252.0,0.0,1056.0,19196.0,15.42
2024-12-17,2024-12-17T00:00:00+09:00,ROASTED-BR,34260.0,0.0,3910.0,30350.0,5.17
2024-12-17,2024-12-17T00:00:00+09:00,ROASTED-CO,24260.0,0.0,3910.0,20350.0,3.46
2024-12-17,2024-12-17T00:00:00+09:00,ROASTED-ET,13794.0,0.0,1620.0,12174.0,6.51
2024-12-17,2024-12-17T00:00:00+09:00,ROASTED-GT,19196.0,0.0,1080.0,18116.0,14.53
2024-12-18,2024-12-18T00:00:00+09:00,ROASTED-BR,30350.0,16000.0,5370.0,40980.0,6.98
2024-12-18,2024-12-18T00:00:00+09:00,ROASTED-CO,20350.0,16000.0,5370.0,30980.0,5.27
2024-12-18,2024-12-18T00:00:00+09:00,ROASTED-ET,12174.0,5000.0,1620.0,15554.0,8.29
2024-12-18,2024-12-18T00:00:00+09:00,ROASTED-GT,18116.0,3500.0,1080.0,20536.0,16.42
2024-12-19,2024-12-19T00:00:00+09:00,ROASTED-BR,40980.0,0.0,4180.0,36800.0,6.31
2024-12-19,2024-12-19T00:00:00+09:00,ROASTED-CO,30980.0,0.0,4180.0,26800.0,4.59
2024-12-19,2024-12-19T00:00:00+09:00,ROASTED-ET,15554.0,0.0,1602.0,13952.0,7.44
2024-12-19,2024-12-19T00:00:00+09:00,ROASTED-GT,20536.0,0.0,1068.0,19468.0,15.57
2024-12-20,2024-12-20T00:00:00+09:00,ROASTED-BR,36800.0,0.0,6530.0,30270.0,5.17
2024-12-20,2024-12-20T00:00:00+09:00,ROASTED-CO,26800.0,0.0,6530.0,20270.0,3.46
2024-12-20,2024-12-20T00:00:00+09:00,ROASTED-ET,13952.0,0.0,2106.0,11846.0,6.29
2024-12-20,2024-12-20T00:00:00+09:00,ROASTED-GT,19468.0,0.0,1404.0,18064.0,14.4
2024-12-21,2024-12-21T00:00:00+09:00,ROASTED-BR,30270.0,19000.0,6800.0,42470.0,7.35
2024-12-21,2024-12-21T00:00:00+09:00,ROASTED-CO,20270.0,19000.0,6800.0,32470.0,5.62
2024-12-21,2024-12-21T00:00:00+09:00,ROASTED-ET,11846.0,6000.0,2286.0,15560.0,8.3
2024-12-21,2024-12-21T00:00:00+09:00,ROASTED-GT,18064.0,3500.0,1524.0,20040.0,16.04
2024-12-22,2024-12-22T00:00:00+09:00,ROASTED-BR,42470.0,0.0,6210.0,36260.0,6.29
2024-12-22,2024-12-22T00:00:00+09:00,ROASTED-CO,32470.0,0.0,6210.0,26260.0,4.55
2024-12-22,2024-12-22T00:00:00+09:00,ROASTED-ET,15560.0,0.0,1854.0,13706.0,7.3
2024-12-22,2024-12-22T00:00:00+09:00,ROASTED-GT,20040.0,0.0,1236.0,18804.0,15.02
2024-12-23,2024-12-23T00:00:00+09:00,ROASTED-BR,36260.0,0.0,6190.0,30070.0,5.18
2024-12-23,2024-12-23T00:00:00+09:00,ROASTED-CO,26260.0,0.0,6190.0,20070.0,3.46
2024-12-23,2024-12-23T00:00:00+09:00,ROASTED-ET,13706.0,0.0,1566.0,12140.0,6.47
2024-12-23,2024-12-23T00:00:00+09:00,ROASTED-GT,18804.0,0.0,1044.0,17760.0,14.19
2024-12-24,2024-12-24T00:00:00+09:00,ROASTED-BR,30070.0,17000.0,5370.0,41700.0,7.19
2024-12-24,2024-12-24T00:00:00+09:00,ROASTED-CO,20070.0,17000.0,5370.0,31700.0,5.46
2024-12-24,2024-12-24T00:00:00+09:00,ROASTED-ET,12140.0,5000.0,1845.0,15295.0,8.08
2024-12-24,2024-12-24T00:00:00+09:00,ROASTED-GT,17760.0,3500.0,1230.0,20030.0,15.87
2024-12-25,2024-12-25T00:00:00+09:00,ROASTED-BR,41700.0,0.0,6120.0,35580.0,6.09
2024-12-25,2024-12-25T00:00:00+09:00,ROASTED-CO,31700.0,0.0,6120.0,25580.0,4.37
2024-12-25,2024-12-25T00:00:00+09:00,ROASTED-ET,15295.0,0.0,1440.0,13855.0,7.34
2024-12-25,2024-12-25T00:00:00+09:00,ROASTED-GT,20030.0,0.0,960.0,19070.0,15.16
2024-12-26,2024-12-26T00:00:00+09:00,ROASTED-BR,35580.0,0.0,5650.0,29930.0,5.13
2024-12-26,2024-12-26T00:00:00+09:00,ROASTED-CO,25580.0,0.0,5650.0,19930.0,3.42
2024-12-26,2024-12-26T00:00:00+09:00,ROASTED-ET,13855.0,0.0,1971.0,11884.0,6.27
2024-12-26,2024-12-26T00:00:00+09:00,ROASTED-GT,19070.0,0.0,1314.0,17756.0,14.05
2024-12-27,2024-12-27T00:00:00+09:00,ROASTED-BR,29930.0,19000.0,6470.0,42460.0,7.3
2024-12-27,2024-12-27T00:00:00+09:00,ROASTED-CO,19930.0,19000.0,6470.0,32460.0,5.58
2024-12-27,2024-12-27T00:00:00+09:00,ROASTED-ET,11884.0,6000.0,1971.0,15913.0,8.42
2024-12-27,2024-12-27T00:00:00+09:00,ROASTED-GT,17756.0,4000.0,1314.0,20442.0,16.22
2024-12-28,2024-12-28T00:00:00+09:00,ROASTED-BR,42460.0,0.0,7590.0,34870.0,5.98
2024-12-28,2024-12-28T00:00:00+09:00,ROASTED-CO,32460.0,0.0,7590.0,24870.0,4.26
2024-12-28,2024-12-28T00:00:00+09:00,ROASTED-ET,15913.0,0.0,2223.0,13690.0,7.22
2024-12-28,2024-12-28T00:00:00+09:00,ROASTED-GT,20442.0,0.0,1482.0,18960.0,14.99
2024-12-29,2024-12-29T00:00:00+09:00,ROASTED-BR,34870.0,0.0,4700.0,30170.0,5.2
2024-12-29,2024-12-29T00:00:00+09:00,ROASTED-CO,24870.0,0.0,4700.0,20170.0,3.48
2024-12-29,2024-12-29T00:00:00+09:00,ROASTED-ET,13690.0,0.0,1701.0,11989.0,6.36
2024-12-29,2024-12-29T00:00:00+09:00,ROASTED-GT,18960.0,0.0,1134.0,17826.0,14.17
2024-12-30,2024-12-30T00:00:00+09:00,ROASTED-BR,30170.0,17500.0,5760.0,41910.0,7.21
2024-12-30,2024-12-30T00:00:00+09:00,ROASTED-CO,20170.0,17500.0,5760.0,31910.0,5.49
2024-12-30,2024-12-30T00:00:00+09:00,ROASTED-ET,11989.0,5500.0,1683.0,15806.0,8.37
2024-12-30,2024-12-30T00:00:00+09:00,ROASTED-GT,17826.0,3500.0,1122.0,20204.0,16.05
2024-12-31,2024-12-31T00:00:00+09:00,ROASTED-BR,41910.0,0.0,5150.0,36760.0,6.35
2024-12-31,2024-12-31T00:00:00+09:00,ROASTED-CO,31910.0,0.0,5150.0,26760.0,4.62
2024-12-31,2024-12-31T00:00:00+09:00,ROASTED-ET,15806.0,0.0,1701.0,14105.0,7.43
2024-12-31,2024-12-31T00:00:00+09:00,ROASTED-GT,20204.0,0.0,1134.0,19070.0,15.06
2025-01-01,2025-01-01T00:00:00+09:00,ROASTED-BR,36760.0,0.0,6500.0,30260.0,5.17
2025-01-01,2025-01-01T00:00:00+09:00,ROASTED-CO,26760.0,0.0,6500.0,20260.0,3.46
2025-01-01,2025-01-01T00:00:00+09:00,ROASTED-ET,14105.0,0.0,2007.0,12098.0,6.37
2025-01-01,2025-01-01T00:00:00+09:00,ROASTED-GT,19070.0,0.0,1338.0,17732.0,14.0
2025-01-02,2025-01-02T00:00:00+09:00,ROASTED-BR,30260.0,19000.0,5310.0,43950.0,7.54
2025-01-02,2025-01-02T00:00:00+09:00,ROASTED-CO,20260.0,19000.0,5310.0,33950.0,5.82
2025-01-02,2025-01-02T00:00:00+09:00,ROASTED-ET,12098.0,6000.0,1746.0,16352.0,8.6
2025-01-02,2025-01-02T00:00:00+09:00,ROASTED-GT,17732.0,4000.0,1164.0,20568.0,16.22
2025-01-03,2025-01-03T00:00:00+09:00,ROASTED-BR,43950.0,0.0,6740.0,37210.0,6.37
2025-01-03,2025-01-03T00:00:00+09:00,ROASTED-CO,33950.0,0.0,6740.0,27210.0,4.66
2025-01-03,2025-01-03T00:00:00+09:00,ROASTED-ET,16352.0,0.0,2151.0,14201.0,7.44
2025-01-03,2025-01-03T00:00:00+09:00,ROASTED-GT,20568.0,0.0,1434.0,19134.0,15.04
2025-01-04,2025-01-04T00:00:00+09:00,ROASTED-BR,37210.0,0.0,7290.0,29920.0,5.12
2025-01-04,2025-01-04T00:00:00+09:00,ROASTED-CO,27210.0,0.0,7290.0,19920.0,3.41
2025-01-04,2025-01-04T00:00:00+09:00,ROASTED-ET,14201.0,0.0,1989.0,12212.0,6.47
2025-01-04,2025-01-04T00:00:00+09:00,ROASTED-GT,19134.0,0.0,1326.0,17808.0,14.15
2025-01-05,2025-01-05T00:00:00+09:00,ROASTED-BR,29920.0,15500.0,5340.0,40080.0,6.89
2025-01-05,2025-01-05T00:00:00+09:00,ROASTED-CO,19920.0,15500.0,5340.0,30080.0,5.17
2025-01-05,2025-01-05T00:00:00+09:00,ROASTED-ET,12212.0,5500.0,1899.0,15813.0,8.4
2025-01-05,2025-01-05T00:00:00+09:00,ROASTED-GT,17808.0,4000.0,1266.0,20542.0,16.37
2025-01-06,2025-01-06T00:00:00+09:00,ROASTED-BR,40080.0,0.0,4240.0,35840.0,6.21
2025-01-06,2025-01-06T00:00:00+09:00,ROASTED-CO,30080.0,0.0,4240.0,25840.0,4.48
2025-01-06,2025-01-06T00:00:00+09:00,ROASTED-ET,15813.0,0.0,1728.0,14085.0,7.51
2025-01-06,2025-01-06T00:00:00+09:00,ROASTED-GT,20542.0,0.0,1152.0,19390.0,15.5
2025-01-07,2025-01-07T00:00:00+09:00,ROASTED-BR,35840.0,0.0,5440.0,30400.0,5.23
2025-01-07,2025-01-07T00:00:00+09:00,ROASTED-CO,25840.0,0.0,5440.0,20400.0,3.51
2025-01-07,2025-01-07T00:00:00+09:00,ROASTED-ET,14085.0,0.0,2034.0,12051.0,6.35
2025-01-07,2025-01-07T00:00:00+09:00,ROASTED-GT,19390.0,0.0,1356.0,18034.0,14.24
2025-01-08,2025-01-08T00:00:00+09:00,ROASTED-BR,30400.0,16000.0,5380.0,41020.0,7.02
2025-01-08,2025-01-08T00:00:00+09:00,ROASTED-CO,20400.0,16000.0,5380.0,31020.0,5.31
2025-01-08,2025-01-08T00:00:00+09:00,ROASTED-ET,12051.0,5000.0,1674.0,15377.0,8.09
2025-01-08,2025-01-08T00:00:00+09:00,ROASTED-GT,18034.0,3500.0,1116.0,20418.0,16.12
2025-01-09,2025-01-09T00:00:00+09:00,ROASTED-BR,41020.0,0.0,5060.0,35960.0,6.21
2025-01-09,2025-01-09T00:00:00+09:00,ROASTED-CO,31020.0,0.0,5060.0,25960.0,4.48
2025-01-09,2025-01-09T00:00:00+09:00,ROASTED-ET,15377.0,0.0,1530.0,13847.0,7.37
2025-01-09,2025-01-09T00:00:00+09:00,ROASTED-GT,20418.0,0.0,1020.0,19398.0,15.49
2025-01-10,2025-01-10T00:00:00+09:00,ROASTED-BR,35960.0,0.0,5860.0,30100.0,5.22
2025-01-10,2025-01-10T00:00:00+09:00,ROASTED-CO,25960.0,0.0,5860.0,20100.0,3.49
2025-01-10,2025-01-10T00:00:00+09:00,ROASTED-ET,13847.0,0.0,1998.0,11849.0,6.33
2025-01-10,2025-01-10T00:00:00+09:00,ROASTED-GT,19398.0,0.0,1332.0,18066.0,14.47
2025-01-11,2025-01-11T00:00:00+09:00,ROASTED-BR,30100.0,20000.0,7490.0,42610.0,7.4
2025-01-11,2025-01-11T00:00:00+09:00,ROASTED-CO,20100.0,20000.0,7490.0,32610.0,5.67
2025-01-11,2025-01-11T00:00:00+09:00,ROASTED-ET,11849.0,6500.0,2619.0,15730.0,8.44
2025-01-11,2025-01-11T00:00:00+09:00,ROASTED-GT,18066.0,4000.0,1746.0,20320.0,16.35
2025-01-12,2025-01-12T00:00:00+09:00,ROASTED-BR,42610.0,0.0,5190.0,37420.0,6.5
2025-01-12,2025-01-12T00:00:00+09:00,ROASTED-CO,32610.0,0.0,5190.0,27420.0,4.76
2025-01-12,2025-01-12T00:00:00+09:00,ROASTED-ET,15730.0,0.0,1962.0,13768.0,7.4
2025-01-12,2025-01-12T00:00:00+09:00,ROASTED-GT,20320.0,0.0,1308.0,19012.0,15.32
2025-01-13,2025-01-13T00:00:00+09:00,ROASTED-BR,37420.0,0.0,7350.0,30070.0,5.16
2025-01-13,2025-01-13T00:00:00+09:00,ROASTED-CO,27420.0,0.0,7350.0,20070.0,3.44
2025-01-13,2025-01-13T00:00:00+09:00,ROASTED-ET,13768.0,0.0,1674.0,12094.0,6.49
2025-01-13,2025-01-13T00:00:00+09:00,ROASTED-GT,19012.0,0.0,1116.0,17896.0,14.4
2025-01-14,2025-01-14T00:00:00+09:00,ROASTED-BR,30070.0,15500.0,5180.0,40390.0,6.88
2025-01-14,2025-01-14T00:00:00+09:00,ROASTED-CO,20070.0,15500.0,5180.0,30390.0,5.17
2025-01-14,2025-01-14T00:00:00+09:00,ROASTED-ET,12094.0,5000.0,1476.0,15618.0,8.4
2025-01-14,2025-01-14T00:00:00+09:00,ROASTED-GT,17896.0,3000.0,984.0,19912.0,16.07
2025-01-15,2025-01-15T00:00:00+09:00,ROASTED-BR,40390.0,0.0,5370.0,35020.0,5.96
2025-01-15,2025-01-15T00:00:00+09:00,ROASTED-CO,30390.0,0.0,5370.0,25020.0,4.26
2025-01-15,2025-01-15T00:00:00+09:00,ROASTED-ET,15618.0,0.0,1620.0,13998.0,7.53
2025-01-15,2025-01-15T00:00:00+09:00,ROASTED-GT,19912.0,0.0,1080.0,18832.0,15.19
2025-01-16,2025-01-16T00:00:00+09:00,ROASTED-BR,35020.0,0.0,5100.0,29920.0,5.07
2025-01-16,2025-01-16T00:00:00+09:00,ROASTED-CO,25020.0,0.0,5100.0,19920.0,3.37
2025-01-16,2025-01-16T00:00:00+09:00,ROASTED-ET,13998.0,0.0,1710.0,12288.0,6.6
2025-01-16,2025-01-16T00:00:00+09:00,ROASTED-GT,18832.0,0.0,1140.0,17692.0,14.24
2025-01-17,2025-01-17T00:00:00+09:00,ROASTED-BR,29920.0,20000.0,6590.0,43330.0,7.33
2025-01-17,2025-01-17T00:00:00+09:00,ROASTED-CO,19920.0,20000.0,6590.0,33330.0,5.64
2025-01-17,2025-01-17T00:00:00+09:00,ROASTED-ET,12288.0,6000.0,2277.0,16011.0,8.57
2025-01-17,2025-01-17T00:00:00+09:00,ROASTED-GT,17692.0,4500.0,1518.0,20674.0,16.59
2025-01-18,2025-01-18T00:00:00+09:00,ROASTED-BR,43330.0,0.0,6970.0,36360.0,6.15
2025-01-18,2025-01-18T00:00:00+09:00,ROASTED-CO,33330.0,0.0,6970.0,26360.0,4.46
2025-01-18,2025-01-18T00:00:00+09:00,ROASTED-ET,16011.0,0.0,2214.0,13797.0,7.39
2025-01-18,2025-01-18T00:00:00+09:00,ROASTED-GT,20674.0,0.0,1476.0,19198.0,15.43
2025-01-19,2025-01-19T00:00:00+09:00,ROASTED-BR,36360.0,0.0,6360.0,30000.0,5.07
2025-01-19,2025-01-19T00:00:00+09:00,ROASTED-CO,26360.0,0.0,6360.0,20000.0,3.38
2025-01-19,2025-01-19T00:00:00+09:00,ROASTED-ET,13797.0,0.0,1719.0,12078.0,6.49
2025-01-19,2025-01-19T00:00:00+09:00,ROASTED-GT,19198.0,0.0,1146.0,18052.0,14.54
2025-01-20,2025-01-20T00:00:00+09:00,ROASTED-BR,30000.0,14500.0,5460.0,39040.0,6.62
2025-01-20,2025-01-20T00:00:00+09:00,ROASTED-CO,20000.0,14500.0,5460.0,29040.0,4.93
2025-01-20,2025-01-20T00:00:00+09:00,ROASTED-ET,12078.0,5000.0,1881.0,15197.0,8.11
2025-01-20,2025-01-20T00:00:00+09:00,ROASTED-GT,18052.0,3000.0,1254.0,19798.0,15.86
2025-01-21,2025-01-21T00:00:00+09:00,ROASTED-BR,39040.0,0.0,4050.0,34990.0,5.98
2025-01-21,2025-01-21T00:00:00+09:00,ROASTED-CO,29040.0,0.0,4050.0,24990.0,4.27
2025-01-21,2025-01-21T00:00:00+09:00,ROASTED-ET,15197.0,0.0,1485.0,13712.0,7.37
2025-01-21,2025-01-21T00:00:00+09:00,ROASTED-GT,19798.0,0.0,990.0,18808.0,15.17
2025-01-22,2025-01-22T00:00:00+09:00,ROASTED-BR,34990.0,0.0,4980.0,30010.0,5.17
2025-01-22,2025-01-22T00:00:00+09:00,ROASTED-CO,24990.0,0.0,4980.0,20010.0,3.45
2025-01-22,2025-01-22T00:00:00+09:00,ROASTED-ET,13712.0,0.0,1575.0,12137.0,6.51
2025-01-22,2025-01-22T00:00:00+09:00,ROASTED-GT,18808.0,0.0,1050.0,17758.0,14.28
2025-01-23,2025-01-23T00:00:00+09:00,ROASTED-BR,30010.0,18000.0,4970.0,43040.0,7.44
2025-01-23,2025-01-23T00:00:00+09:00,ROASTED-CO,20010.0,18000.0,4970.0,33040.0,5.71
2025-01-23,2025-01-23T00:00:00+09:00,ROASTED-ET,12137.0,5500.0,1782.0,15855.0,8.53
2025-01-23,2025-01-23T00:00:00+09:00,ROASTED-GT,17758.0,4000.0,1188.0,20570.0,16.6
2025-01-24,2025-01-24T00:00:00+09:00,ROASTED-BR,43040.0,0.0,6540.0,36500.0,6.31
2025-01-24,2025-01-24T00:00:00+09:00,ROASTED-CO,33040.0,0.0,6540.0,26500.0,4.58
2025-01-24,2025-01-24T00:00:00+09:00,ROASTED-ET,15855.0,0.0,1764.0,14091.0,7.61
2025-01-24,2025-01-24T00:00:00+09:00,ROASTED-GT,20570.0,0.0,1176.0,19394.0,15.72
2025-01-25,2025-01-25T00:00:00+09:00,ROASTED-BR,36500.0,0.0,6450.0,30050.0,5.23
2025-01-25,2025-01-25T00:00:00+09:00,ROASTED-CO,26500.0,0.0,6450.0,20050.0,3.49
2025-01-25,2025-01-25T00:00:00+09:00,ROASTED-ET,14091.0,0.0,2169.0,11922.0,6.45
2025-01-25,2025-01-25T00:00:00+09:00,ROASTED-GT,19394.0,0.0,1446.0,17948.0,14.56
2025-01-26,2025-01-26T00:00:00+09:00,ROASTED-BR,30050.0,16500.0,5660.0,40890.0,7.08
2025-01-26,2025-01-26T00:00:00+09:00,ROASTED-CO,20050.0,16500.0,5660.0,30890.0,5.35
2025-01-26,2025-01-26T00:00:00+09:00,ROASTED-ET,11922.0,6000.0,2196.0,15726.0,8.43
2025-01-26,2025-01-26T00:00:00+09:00,ROASTED-GT,17948.0,3500.0,1464.0,19984.0,16.06
2025-01-27,2025-01-27T00:00:00+09:00,ROASTED-BR,40890.0,0.0,5830.0,35060.0,6.07
2025-01-27,2025-01-27T00:00:00+09:00,ROASTED-CO,30890.0,0.0,5830.0,25060.0,4.34
2025-01-27,2025-01-27T00:00:00+09:00,ROASTED-ET,15726.0,0.0,1800.0,13926.0,7.44
2025-01-27,2025-01-27T00:00:00+09:00,ROASTED-GT,19984.0,0.0,1200.0,18784.0,15.06
2025-01-28,2025-01-28T00:00:00+09:00,ROASTED-BR,35060.0,0.0,4780.0,30280.0,5.25
2025-01-28,2025-01-28T00:00:00+09:00,ROASTED-CO,25060.0,0.0,4780.0,20280.0,3.52
2025-01-28,2025-01-28T00:00:00+09:00,ROASTED-ET,13926.0,0.0,1719.0,12207.0,6.52
2025-01-28,2025-01-28T00:00:00+09:00,ROASTED-GT,18784.0,0.0,1146.0,17638.0,14.14
2025-01-29,2025-01-29T00:00:00+09:00,ROASTED-BR,30280.0,16500.0,5800.0,40980.0,7.14
2025-01-29,2025-01-29T00:00:00+09:00,ROASTED-CO,20280.0,16500.0,5800.0,30980.0,5.4
2025-01-29,2025-01-29T00:00:00+09:00,ROASTED-ET,12207.0,5500.0,1620.0,16087.0,8.66
2025-01-29,2025-01-29T00:00:00+09:00,ROASTED-GT,17638.0,4000.0,1080.0,20558.0,16.6
2025-01-30,2025-01-30T00:00:00+09:00,ROASTED-BR,40980.0,0.0,5130.0,35850.0,6.25
2025-01-30,2025-01-30T00:00:00+09:00,ROASTED-CO,30980.0,0.0,5130.0,25850.0,4.51
2025-01-30,2025-01-30T00:00:00+09:00,ROASTED-ET,16087.0,0.0,2142.0,13945.0,7.45
2025-01-30,2025-01-30T00:00:00+09:00,ROASTED-GT,20558.0,0.0,1428.0,19130.0,15.33
2025-01-31,2025-01-31T00:00:00+09:00,ROASTED-BR,35850.0,0.0,5610.0,30240.0,5.31
2025-01-31,2025-01-31T00:00:00+09:00,ROASTED-CO,25850.0,0.0,5610.0,20240.0,3.55
2025-01-31,2025-01-31T00:00:00+09:00,ROASTED-ET,13945.0,0.0,2124.0,11821.0,6.32
2025-01-31,2025-01-31T00:00:00+09:00,ROASTED-GT,19130.0,0.0,1416.0,17714.0,14.2
2025-02-01,2025-02-01T00:00:00+09:00,ROASTED-BR,30240.0,16500.0,6910.0,39830.0,7.01
2025-02-01,2025-02-01T00:00:00+09:00,ROASTED-CO,20240.0,16500.0,6910.0,29830.0,5.25
2025-02-01,2025-02-01T00:00:00+09:00,ROASTED-ET,11821.0,6000.0,2394.0,15427.0,8.18
2025-02-01,2025-02-01T00:00:00+09:00,ROASTED-GT,17714.0,4000.0,1596.0,20118.0,16.01
2025-02-02,2025-02-02T00:00:00+09:00,ROASTED-BR,39830.0,0.0,5330.0,34500.0,6.07
2025-02-02,2025-02-02T00:00:00+09:00,ROASTED-CO,29830.0,0.0,5330.0,24500.0,4.31
2025-02-02,2025-02-02T00:00:00+09:00,ROASTED-ET,15427.0,0.0,1611.0,13816.0,7.37
2025-02-02,2025-02-02T00:00:00+09:00,ROASTED-GT,20118.0,0.0,1074.0,19044.0,15.24
2025-02-03,2025-02-03T00:00:00+09:00,ROASTED-BR,34500.0,0.0,4280.0,30220.0,5.32
2025-02-03,2025-02-03T00:00:00+09:00,ROASTED-CO,24500.0,0.0,4280.0,20220.0,3.56
2025-02-03,2025-02-03T00:00:00+09:00,ROASTED-ET,13816.0,0.0,1593.0,12223.0,6.54
2025-02-03,2025-02-03T00:00:00+09:00,ROASTED-GT,19044.0,0.0,1062.0,17982.0,14.42
2025-02-04,2025-02-04T00:00:00+09:00,ROASTED-BR,30220.0,17000.0,5470.0,41750.0,7.35
2025-02-04,2025-02-04T00:00:00+09:00,ROASTED-CO,20220.0,17000.0,5470.0,31750.0,5.59
2025-02-04,2025-02-04T00:00:00+09:00,ROASTED-ET,12223.0,5000.0,1737.0,15486.0,8.33
2025-02-04,2025-02-04T00:00:00+09:00,ROASTED-GT,17982.0,3500.0,1158.0,20324.0,16.4
2025-02-05,2025-02-05T00:00:00+09:00,ROASTED-BR,41750.0,0.0,5390.0,36360.0,6.4
2025-02-05,2025-02-05T00:00:00+09:00,ROASTED-CO,31750.0,0.0,5390.0,26360.0,4.64
2025-02-05,2025-02-05T00:00:00+09:00,ROASTED-ET,15486.0,0.0,1530.0,13956.0,7.53
2025-02-05,2025-02-05T00:00:00+09:00,ROASTED-GT,20324.0,0.0,1020.0,19304.0,15.62
2025-02-06,2025-02-06T00:00:00+09:00,ROASTED-BR,36360.0,0.0,6110.0,30250.0,5.29
2025-02-06,2025-02-06T00:00:00+09:00,ROASTED-CO,26360.0,0.0,6110.0,20250.0,3.54
2025-02-06,2025-02-06T00:00:00+09:00,ROASTED-ET,13956.0,0.0,1818.0,12138.0,6.51
2025-02-06,2025-02-06T00:00:00+09:00,ROASTED-GT,19304.0,0.0,1212.0,18092.0,14.55
2025-02-07,2025-02-07T00:00:00+09:00,ROASTED-BR,30250.0,18500.0,5860.0,42890.0,7.5
2025-02-07,2025-02-07T00:00:00+09:00,ROASTED-CO,20250.0,18500.0,5860.0,32890.0,5.75
2025-02-07,2025-02-07T00:00:00+09:00,ROASTED-ET,12138.0,6500.0,2178.0,16460.0,8.8
2025-02-07,2025-02-07T00:00:00+09:00,ROASTED-GT,18092.0,4000.0,1452.0,20640.0,16.55
2025-02-08,2025-02-08T00:00:00+09:00,ROASTED-BR,42890.0,0.0,6900.0,35990.0,6.31
2025-02-08,2025-02-08T00:00:00+09:00,ROASTED-CO,32890.0,0.0,6900.0,25990.0,4.56
2025-02-08,2025-02-08T00:00:00+09:00,ROASTED-ET,16460.0,0.0,2592.0,13868.0,7.42
2025-02-08,2025-02-08T00:00:00+09:00,ROASTED-GT,20640.0,0.0,1728.0,18912.0,15.17
2025-02-09,2025-02-09T00:00:00+09:00,ROASTED-BR,35990.0,0.0,5670.0,30320.0,5.3
2025-02-09,2025-02-09T00:00:00+09:00,ROASTED-CO,25990.0,0.0,5670.0,20320.0,3.55
2025-02-09,2025-02-09T00:00:00+09:00,ROASTED-ET,13868.0,0.0,1899.0,11969.0,6.41
2025-02-09,2025-02-09T00:00:00+09:00,ROASTED-GT,18912.0,0.0,1266.0,17646.0,14.17
2025-02-10,2025-02-10T00:00:00+09:00,ROASTED-BR,30320.0,14500.0,4540.0,40280.0,7.17
2025-02-10,2025-02-10T00:00:00+09:00,ROASTED-CO,20320.0,14500.0,4540.0,30280.0,5.39
2025-02-10,2025-02-10T00:00:00+09:00,ROASTED-ET,11969.0,5500.0,1872.0,15597.0,8.32
2025-02-10,2025-02-10T00:00:00+09:00,ROASTED-GT,17646.0,4000.0,1248.0,20398.0,16.32
2025-02-11,2025-02-11T00:00:00+09:00,ROASTED-BR,40280.0,0.0,5310.0,34970.0,6.22
2025-02-11,2025-02-11T00:00:00+09:00,ROASTED-CO,30280.0,0.0,5310.0,24970.0,4.44
2025-02-11,2025-02-11T00:00:00+09:00,ROASTED-ET,15597.0,0.0,1908.0,13689.0,7.24
2025-02-11,2025-02-11T00:00:00+09:00,ROASTED-GT,20398.0,0.0,1272.0,19126.0,15.18
2025-02-12,2025-02-12T00:00:00+09:00,ROASTED-BR,34970.0,0.0,5030.0,29940.0,5.34
2025-02-12,2025-02-12T00:00:00+09:00,ROASTED-CO,24970.0,0.0,5030.0,19940.0,3.55
2025-02-12,2025-02-12T00:00:00+09:00,ROASTED-ET,13689.0,0.0,1638.0,12051.0,6.37
2025-02-12,2025-02-12T00:00:00+09:00,ROASTED-GT,19126.0,0.0,1092.0,18034.0,14.31
2025-02-13,2025-02-13T00:00:00+09:00,ROASTED-BR,29940.0,19500.0,6860.0,42580.0,7.51
2025-02-13,2025-02-13T00:00:00+09:00,ROASTED-CO,19940.0,19500.0,6860.0,32580.0,5.74
2025-02-13,2025-02-13T00:00:00+09:00,ROASTED-ET,12051.0,6500.0,1836.0,16715.0,8.82
2025-02-13,2025-02-13T00:00:00+09:00,ROASTED-GT,18034.0,4000.0,1224.0,20810.0,16.47
2025-02-14,2025-02-14T00:00:00+09:00,ROASTED-BR,42580.0,0.0,6410.0,36170.0,6.38
2025-02-14,2025-02-14T00:00:00+09:00,ROASTED-CO,32580.0,0.0,6410.0,26170.0,4.62
2025-02-14,2025-02-14T00:00:00+09:00,ROASTED-ET,16715.0,0.0,2115.0,14600.0,7.73
2025-02-14,2025-02-14T00:00:00+09:00,ROASTED-GT,20810.0,0.0,1410.0,19400.0,15.4
2025-02-15,2025-02-15T00:00:00+09:00,ROASTED-BR,36170.0,0.0,6050.0,30120.0,5.35
2025-02-15,2025-02-15T00:00:00+09:00,ROASTED-CO,26170.0,0.0,6050.0,20120.0,3.57
2025-02-15,2025-02-15T00:00:00+09:00,ROASTED-ET,14600.0,0.0,2313.0,12287.0,6.49
2025-02-15,2025-02-15T00:00:00+09:00,ROASTED-GT,19400.0,0.0,1542.0,17858.0,14.15
2025-02-16,2025-02-16T00:00:00+09:00,ROASTED-BR,30120.0,15000.0,4970.0,40150.0,7.19
2025-02-16,2025-02-16T00:00:00+09:00,ROASTED-CO,20120.0,15000.0,4970.0,30150.0,5.4
2025-02-16,2025-02-16T00:00:00+09:00,ROASTED-ET,12287.0,5000.0,1737.0,15550.0,8.21
2025-02-16,2025-02-16T00:00:00+09:00,ROASTED-GT,17858.0,3500.0,1158.0,20200.0,16.0
2025-02-17,2025-02-17T00:00:00+09:00,ROASTED-BR,40150.0,0.0,5420.0,34730.0,6.22
2025-02-17,2025-02-17T00:00:00+09:00,ROASTED-CO,30150.0,0.0,5420.0,24730.0,4.43
2025-02-17,2025-02-17T00:00:00+09:00,ROASTED-ET,15550.0,0.0,1827.0,13723.0,7.25
2025-02-17,2025-02-17T00:00:00+09:00,ROASTED-GT,20200.0,0.0,1218.0,18982.0,15.05
2025-02-18,2025-02-18T00:00:00+09:00,ROASTED-BR,34730.0,0.0,4530.0,30200.0,5.39
2025-02-18,2025-02-18T00:00:00+09:00,ROASTED-CO,24730.0,0.0,4530.0,20200.0,3.61
2025-02-18,2025-02-18T00:00:00+09:00,ROASTED-ET,13723.0,0.0,1674.0,12049.0,6.35
2025-02-18,2025-02-18T00:00:00+09:00,ROASTED-GT,18982.0,0.0,1116.0,17866.0,14.11
2025-02-19,2025-02-19T00:00:00+09:00,ROASTED-BR,30200.0,19500.0,5570.0,44130.0,7.85
2025-02-19,2025-02-19T00:00:00+09:00,ROASTED-CO,20200.0,19500.0,5570.0,34130.0,6.07
2025-02-19,2025-02-19T00:00:00+09:00,ROASTED-ET,12049.0,6000.0,1836.0,16213.0,8.5
2025-02-19,2025-02-19T00:00:00+09:00,ROASTED-GT,17866.0,4000.0,1224.0,20642.0,16.23
2025-02-20,2025-02-20T00:00:00+09:00,ROASTED-BR,44130.0,0.0,6850.0,37280.0,6.55
2025-02-20,2025-02-20T00:00:00+09:00,ROASTED-CO,34130.0,0.0,6850.0,27280.0,4.8
2025-02-20,2025-02-20T00:00:00+09:00,ROASTED-ET,16213.0,0.0,2151.0,14062.0,7.32
2025-02-20,2025-02-20T00:00:00+09:00,ROASTED-GT,20642.0,0.0,1434.0,19208.0,15.0
2025-02-21,2025-02-21T00:00:00+09:00,ROASTED-BR,37280.0,0.0,7360.0,29920.0,5.23
2025-02-21,2025-02-21T00:00:00+09:00,ROASTED-CO,27280.0,0.0,7360.0,19920.0,3.48
2025-02-21,2025-02-21T00:00:00+09:00,ROASTED-ET,14062.0,0.0,2007.0,12055.0,6.25
2025-02-21,2025-02-21T00:00:00+09:00,ROASTED-GT,19208.0,0.0,1338.0,17870.0,13.89
2025-02-22,2025-02-22T00:00:00+09:00,ROASTED-BR,29920.0,19500.0,6570.0,42850.0,7.49
2025-02-22,2025-02-22T00:00:00+09:00,ROASTED-CO,19920.0,19500.0,6570.0,32850.0,5.74
2025-02-22,2025-02-22T00:00:00+09:00,ROASTED-ET,12055.0,6500.0,2574.0,15981.0,8.22
2025-02-22,2025-02-22T00:00:00+09:00,ROASTED-GT,17870.0,4500.0,1716.0,20654.0,15.93
2025-02-23,2025-02-23T00:00:00+09:00,ROASTED-BR,42850.0,0.0,6770.0,36080.0,6.26
2025-02-23,2025-02-23T00:00:00+09:00,ROASTED-CO,32850.0,0.0,6770.0,26080.0,4.53
2025-02-23,2025-02-23T00:00:00+09:00,ROASTED-ET,15981.0,0.0,2205.0,13776.0,7.08
2025-02-23,2025-02-23T00:00:00+09:00,ROASTED-GT,20654.0,0.0,1470.0,19184.0,14.8
2025-02-24,2025-02-24T00:00:00+09:00,ROASTED-BR,36080.0,0.0,5900.0,30180.0,5.24
2025-02-24,2025-02-24T00:00:00+09:00,ROASTED-CO,26080.0,0.0,5900.0,20180.0,3.5
2025-02-24,2025-02-24T00:00:00+09:00,ROASTED-ET,13776.0,0.0,1611.0,12165.0,6.28
2025-02-24,2025-02-24T00:00:00+09:00,ROASTED-GT,19184.0,0.0,1074.0,18110.0,14.02
2025-02-25,2025-02-25T00:00:00+09:00,ROASTED-BR,30180.0,16500.0,5000.0,41680.0,7.22
2025-02-25,2025-02-25T00:00:00+09:00,ROASTED-CO,20180.0,16500.0,5000.0,31680.0,5.49
2025-02-25,2025-02-25T00:00:00+09:00,ROASTED-ET,12165.0,5000.0,1665.0,15500.0,8.01
2025-02-25,2025-02-25T00:00:00+09:00,ROASTED-GT,18110.0,3000.0,1110.0,20000.0,15.5
2025-02-26,2025-02-26T00:00:00+09:00,ROASTED-BR,41680.0,0.0,5980.0,35700.0,6.18
2025-02-26,2025-02-26T00:00:00+09:00,ROASTED-CO,31680.0,0.0,5980.0,25700.0,4.45
2025-02-26,2025-02-26T00:00:00+09:00,ROASTED-ET,15500.0,0.0,1521.0,13979.0,7.23
2025-02-26,2025-02-26T00:00:00+09:00,ROASTED-GT,20000.0,0.0,1014.0,18986.0,14.74
2025-02-27,2025-02-27T00:00:00+09:00,ROASTED-BR,35700.0,0.0,5600.0,30100.0,5.19
2025-02-27,2025-02-27T00:00:00+09:00,ROASTED-CO,25700.0,0.0,5600.0,20100.0,3.47
2025-02-27,2025-02-27T00:00:00+09:00,ROASTED-ET,13979.0,0.0,1827.0,12152.0,6.33
2025-02-27,2025-02-27T00:00:00+09:00,ROASTED-GT,18986.0,0.0,1218.0,17768.0,13.87
2025-02-28,2025-02-28T00:00:00+09:00,ROASTED-BR,30100.0,20500.0,7280.0,43320.0,7.4
2025-02-28,2025-02-28T00:00:00+09:00,ROASTED-CO,20100.0,20500.0,7280.0,33320.0,5.69
2025-02-28,2025-02-28T00:00:00+09:00,ROASTED-ET,12152.0,6000.0,2025.0,16127.0,8.41
2025-02-28,2025-02-28T00:00:00+09:00,ROASTED-GT,17768.0,4000.0,1350.0,20418.0,15.97
2025-03-01,2025-03-01T00:00:00+09:00,ROASTED-BR,43320.0,0.0,7490.0,35830.0,6.1
2025-03-01,2025-03-01T00:00:00+09:00,ROASTED-CO,33320.0,0.0,7490.0,25830.0,4.4
2025-03-01,2025-03-01T00:00:00+09:00,ROASTED-ET,16127.0,0.0,2304.0,13823.0,7.22
2025-03-01,2025-03-01T00:00:00+09:00,ROASTED-GT,20418.0,0.0,1536.0,18882.0,14.79
2025-03-02,2025-03-02T00:00:00+09:00,ROASTED-BR,35830.0,0.0,5720.0,30110.0,5.11
2025-03-02,2025-03-02T00:00:00+09:00,ROASTED-CO,25830.0,0.0,5720.0,20110.0,3.41
2025-03-02,2025-03-02T00:00:00+09:00,ROASTED-ET,13823.0,0.0,1782.0,12041.0,6.27
2025-03-02,2025-03-02T00:00:00+09:00,ROASTED-GT,18882.0,0.0,1188.0,17694.0,13.82
2025-03-03,2025-03-03T00:00:00+09:00,ROASTED-BR,30110.0,14500.0,5130.0,39480.0,6.67
2025-03-03,2025-03-03T00:00:00+09:00,ROASTED-CO,20110.0,14500.0,5130.0,29480.0,4.98
2025-03-03,2025-03-03T00:00:00+09:00,ROASTED-ET,12041.0,5000.0,1629.0,15412.0,8.02
2025-03-03,2025-03-03T00:00:00+09:00,ROASTED-GT,17694.0,3500.0,1086.0,20108.0,15.69
2025-03-04,2025-03-04T00:00:00+09:00,ROASTED-BR,39480.0,0.0,4030.0,35450.0,6.04
2025-03-04,2025-03-04T00:00:00+09:00,ROASTED-CO,29480.0,0.0,4030.0,25450.0,4.34
2025-03-04,2025-03-04T00:00:00+09:00,ROASTED-ET,15412.0,0.0,1674.0,13738.0,7.16
2025-03-04,2025-03-04T00:00:00+09:00,ROASTED-GT,20108.0,0.0,1116.0,18992.0,14.84
2025-03-05,2025-03-05T00:00:00+09:00,ROASTED-BR,35450.0,0.0,5050.0,30400.0,5.19
2025-03-05,2025-03-05T00:00:00+09:00,ROASTED-CO,25450.0,0.0,5050.0,20400.0,3.48
2025-03-05,2025-03-05T00:00:00+09:00,ROASTED-ET,13738.0,0.0,1881.0,11857.0,6.14
2025-03-05,2025-03-05T00:00:00+09:00,ROASTED-GT,18992.0,0.0,1254.0,17738.0,13.77
2025-03-06,2025-03-06T00:00:00+09:00,ROASTED-BR,30400.0,20000.0,5760.0,44640.0,7.64
2025-03-06,2025-03-06T00:00:00+09:00,ROASTED-CO,20400.0,20000.0,5760.0,34640.0,5.93
2025-03-06,2025-03-06T00:00:00+09:00,ROASTED-ET,11857.0,7000.0,1620.0,17237.0,8.95
2025-03-06,2025-03-06T00:00:00+09:00,ROASTED-GT,17738.0,4500.0,1080.0,21158.0,16.49
2025-03-07,2025-03-07T00:00:00+09:00,ROASTED-BR,44640.0,0.0,6820.0,37820.0,6.43
2025-03-07,2025-03-07T00:00:00+09:00,ROASTED-CO,34640.0,0.0,6820.0,27820.0,4.73
2025-03-07,2025-03-07T00:00:00+09:00,ROASTED-ET,17237.0,0.0,1989.0,15248.0,7.95
2025-03-07,2025-03-07T00:00:00+09:00,ROASTED-GT,21158.0,0.0,1326.0,19832.0,15.51
2025-03-08,2025-03-08T00:00:00+09:00,ROASTED-BR,37820.0,0.0,7480.0,30340.0,5.14
2025-03-08,2025-03-08T00:00:00+09:00,ROASTED-CO,27820.0,0.0,7480.0,20340.0,3.45
2025-03-08,2025-03-08T00:00:00+09:00,ROASTED-ET,15248.0,0.0,3096.0,12152.0,6.28
2025-03-08,2025-03-08T00:00:00+09:00,ROASTED-GT,19832.0,0.0,2064.0,17768.0,13.76
2025-03-09,2025-03-09T00:00:00+09:00,ROASTED-BR,30340.0,16500.0,4730.0,42110.0,7.18
2025-03-09,2025-03-09T00:00:00+09:00,ROASTED-CO,20340.0,16500.0,4730.0,32110.0,5.48
2025-03-09,2025-03-09T00:00:00+09:00,ROASTED-ET,12152.0,5000.0,2052.0,15100.0,7.78
2025-03-09,2025-03-09T00:00:00+09:00,ROASTED-GT,17768.0,3500.0,1368.0,19900.0,15.37
2025-03-10,2025-03-10T00:00:00+09:00,ROASTED-BR,42110.0,0.0,6060.0,36050.0,6.09
2025-03-10,2025-03-10T00:00:00+09:00,ROASTED-CO,32110.0,0.0,6060.0,26050.0,4.4
2025-03-10,2025-03-10T00:00:00+09:00,ROASTED-ET,15100.0,0.0,1692.0,13408.0,6.93
2025-03-10,2025-03-10T00:00:00+09:00,ROASTED-GT,19900.0,0.0,1128.0,18772.0,14.55
2025-03-11,2025-03-11T00:00:00+09:00,ROASTED-BR,36050.0,0.0,5750.0,30300.0,5.11
2025-03-11,2025-03-11T00:00:00+09:00,ROASTED-CO,26050.0,0.0,5750.0,20300.0,3.42
2025-03-11,2025-03-11T00:00:00+09:00,ROASTED-ET,13408.0,0.0,1431.0,11977.0,6.24
2025-03-11,2025-03-11T00:00:00+09:00,ROASTED-GT,18772.0,0.0,954.0,17818.0,13.93
2025-03-12,2025-03-12T00:00:00+09:00,ROASTED-BR,30300.0,15500.0,5490.0,40310.0,6.77
2025-03-12,2025-03-12T00:00:00+09:00,ROASTED-CO,20300.0,15500.0,5490.0,30310.0,5.09
2025-03-12,2025-03-12T00:00:00+09:00,ROASTED-ET,11977.0,5000.0,1557.0,15420.0,8.05
2025-03-12,2025-03-12T00:00:00+09:00,ROASTED-GT,17818.0,3500.0,1038.0,20280.0,15.88
2025-03-13,2025-03-13T00:00:00+09:00,ROASTED-BR,40310.0,0.0,4960.0,35350.0,6.01
2025-03-13,2025-03-13T00:00:00+09:00,ROASTED-CO,30310.0,0.0,4960.0,25350.0,4.31
2025-03-13,2025-03-13T00:00:00+09:00,ROASTED-ET,15420.0,0.0,1683.0,13737.0,7.19
2025-03-13,2025-03-13T00:00:00+09:00,ROASTED-GT,20280.0,0.0,1122.0,19158.0,15.05
2025-03-14,2025-03-14T00:00:00+09:00,ROASTED-BR,35350.0,0.0,5140.0,30210.0,5.17
2025-03-14,2025-03-14T00:00:00+09:00,ROASTED-CO,25350.0,0.0,5140.0,20210.0,3.46
2025-03-14,2025-03-14T00:00:00+09:00,ROASTED-ET,13737.0,0.0,1719.0,12018.0,6.34
2025-03-14,2025-03-14T00:00:00+09:00,ROASTED-GT,19158.0,0.0,1146.0,18012.0,14.25
2025-03-15,2025-03-15T00:00:00+09:00,ROASTED-BR,30210.0,19000.0,7310.0,41900.0,7.12
2025-03-15,2025-03-15T00:00:00+09:00,ROASTED-CO,20210.0,19000.0,7310.0,31900.0,5.42
2025-03-15,2025-03-15T00:00:00+09:00,ROASTED-ET,12018.0,5000.0,1890.0,15128.0,8.04
2025-03-15,2025-03-15T00:00:00+09:00,ROASTED-GT,18012.0,3500.0,1260.0,20252.0,16.15
2025-03-16,2025-03-16T00:00:00+09:00,ROASTED-BR,41900.0,0.0,6050.0,35850.0,6.05
2025-03-16,2025-03-16T00:00:00+09:00,ROASTED-CO,31900.0,0.0,6050.0,25850.0,4.37
2025-03-16,2025-03-16T00:00:00+09:00,ROASTED-ET,15128.0,0.0,1737.0,13391.0,7.12
2025-03-16,2025-03-16T00:00:00+09:00,ROASTED-GT,20252.0,0.0,1158.0,19094.0,15.23
2025-03-17,2025-03-17T00:00:00+09:00,ROASTED-BR,35850.0,0.0,5580.0,30270.0,5.11
2025-03-17,2025-03-17T00:00:00+09:00,ROASTED-CO,25850.0,0.0,5580.0,20270.0,3.42
2025-03-17,2025-03-17T00:00:00+09:00,ROASTED-ET,13391.0,0.0,1557.0,11834.0,6.32
2025-03-17,2025-03-17T00:00:00+09:00,ROASTED-GT,19094.0,0.0,1038.0,18056.0,14.48
2025-03-18,2025-03-18T00:00:00+09:00,ROASTED-BR,30270.0,16500.0,4860.0,41910.0,7.06
2025-03-18,2025-03-18T00:00:00+09:00,ROASTED-CO,20270.0,16500.0,4860.0,31910.0,5.37
2025-03-18,2025-03-18T00:00:00+09:00,ROASTED-ET,11834.0,5000.0,1467.0,15367.0,8.25
2025-03-18,2025-03-18T00:00:00+09:00,ROASTED-GT,18056.0,3000.0,978.0,20078.0,16.16
2025-03-19,2025-03-19T00:00:00+09:00,ROASTED-BR,41910.0,0.0,4900.0,37010.0,6.26
2025-03-19,2025-03-19T00:00:00+09:00,ROASTED-CO,31910.0,0.0,4900.0,27010.0,4.57
2025-03-19,2025-03-19T00:00:00+09:00,ROASTED-ET,15367.0,0.0,1341.0,14026.0,7.6
2025-03-19,2025-03-19T00:00:00+09:00,ROASTED-GT,20078.0,0.0,894.0,19184.0,15.59
2025-03-20,2025-03-20T00:00:00+09:00,ROASTED-BR,37010.0,0.0,6690.0,30320.0,5.13
2025-03-20,2025-03-20T00:00:00+09:00,ROASTED-CO,27010.0,0.0,6690.0,20320.0,3.44
2025-03-20,2025-03-20T00:00:00+09:00,ROASTED-ET,14026.0,0.0,1926.0,12100.0,6.58
2025-03-20,2025-03-20T00:00:00+09:00,ROASTED-GT,19184.0,0.0,1284.0,17900.0,14.61
2025-03-21,2025-03-21T00:00:00+09:00,ROASTED-BR,30320.0,19000.0,6330.0,42990.0,7.32
2025-03-21,2025-03-21T00:00:00+09:00,ROASTED-CO,20320.0,19000.0,6330.0,32990.0,5.62
2025-03-21,2025-03-21T00:00:00+09:00,ROASTED-ET,12100.0,5500.0,1917.0,15683.0,8.55
2025-03-21,2025-03-21T00:00:00+09:00,ROASTED-GT,17900.0,3500.0,1278.0,20122.0,16.45
2025-03-22,2025-03-22T00:00:00+09:00,ROASTED-BR,42990.0,0.0,6970.0,36020.0,6.12
2025-03-22,2025-03-22T00:00:00+09:00,ROASTED-CO,32990.0,0.0,6970.0,26020.0,4.42
2025-03-22,2025-03-22T00:00:00+09:00,ROASTED-ET,15683.0,0.0,1809.0,13874.0,7.68
2025-03-22,2025-03-22T00:00:00+09:00,ROASTED-GT,20122.0,0.0,1206.0,18916.0,15.7
2025-03-23,2025-03-23T00:00:00+09:00,ROASTED-BR,36020.0,0.0,5630.0,30390.0,5.2
2025-03-23,2025-03-23T00:00:00+09:00,ROASTED-CO,26020.0,0.0,5630.0,20390.0,3.49
2025-03-23,2025-03-23T00:00:00+09:00,ROASTED-ET,13874.0,0.0,1791.0,12083.0,6.74
2025-03-23,2025-03-23T00:00:00+09:00,ROASTED-GT,18916.0,0.0,1194.0,17722.0,14.83
2025-03-24,2025-03-24T00:00:00+09:00,ROASTED-BR,30390.0,17000.0,5980.0,41410.0,7.08
2025-03-24,2025-03-24T00:00:00+09:00,ROASTED-CO,20390.0,17000.0,5980.0,31410.0,5.37
2025-03-24,2025-03-24T00:00:00+09:00,ROASTED-ET,12083.0,5000.0,1809.0,15274.0,8.49
2025-03-24,2025-03-24T00:00:00+09:00,ROASTED-GT,17722.0,3500.0,1206.0,20016.0,16.68
2025-03-25,2025-03-25T00:00:00+09:00,ROASTED-BR,41410.0,0.0,5290.0,36120.0,6.16
2025-03-25,2025-03-25T00:00:00+09:00,ROASTED-CO,31410.0,0.0,5290.0,26120.0,4.46
2025-03-25,2025-03-25T00:00:00+09:00,ROASTED-ET,15274.0,0.0,1422.0,13852.0,7.73
2025-03-25,2025-03-25T00:00:00+09:00,ROASTED-GT,20016.0,0.0,948.0,19068.0,15.97
2025-03-26,2025-03-26T00:00:00+09:00,ROASTED-BR,36120.0,0.0,6080.0,30040.0,5.12
2025-03-26,2025-03-26T00:00:00+09:00,ROASTED-CO,26120.0,0.0,6080.0,20040.0,3.42
2025-03-26,2025-03-26T00:00:00+09:00,ROASTED-ET,13852.0,0.0,1836.0,12016.0,6.67
2025-03-26,2025-03-26T00:00:00+09:00,ROASTED-GT,19068.0,0.0,1224.0,17844.0,14.85
2025-03-27,2025-03-27T00:00:00+09:00,ROASTED-BR,30040.0,18000.0,4810.0,43230.0,7.41
2025-03-27,2025-03-27T00:00:00+09:00,ROASTED-CO,20040.0,18000.0,4810.0,33230.0,5.7
2025-03-27,2025-03-27T00:00:00+09:00,ROASTED-ET,12016.0,6000.0,1719.0,16297.0,9.06
2025-03-27,2025-03-27T00:00:00+09:00,ROASTED-GT,17844.0,4000.0,1146.0,20698.0,17.26
2025-03-28,2025-03-28T00:00:00+09:00,ROASTED-BR,43230.0,0.0,6590.0,36640.0,6.31
2025-03-28,2025-03-28T00:00:00+09:00,ROASTED-CO,33230.0,0.0,6590.0,26640.0,4.59
2025-03-28,2025-03-28T00:00:00+09:00,ROASTED-ET,16297.0,0.0,2025.0,14272.0,7.94
2025-03-28,2025-03-28T00:00:00+09:00,ROASTED-GT,20698.0,0.0,1350.0,19348.0,16.14
2025-03-29,2025-03-29T00:00:00+09:00,ROASTED-BR,36640.0,0.0,6310.0,30330.0,5.26
2025-03-29,2025-03-29T00:00:00+09:00,ROASTED-CO,26640.0,0.0,6310.0,20330.0,3.52
2025-03-29,2025-03-29T00:00:00+09:00,ROASTED-ET,14272.0,0.0,2223.0,12049.0,6.71
2025-03-29,2025-03-29T00:00:00+09:00,ROASTED-GT,19348.0,0.0,1482.0,17866.0,14.93
2025-03-30,2025-03-30T00:00:00+09:00,ROASTED-BR,30330.0,17500.0,5660.0,42170.0,7.31
2025-03-30,2025-03-30T00:00:00+09:00,ROASTED-CO,20330.0,17500.0,5660.0,32170.0,5.58
2025-03-30,2025-03-30T00:00:00+09:00,ROASTED-ET,12049.0,4500.0,1494.0,15055.0,8.43
2025-03-30,2025-03-30T00:00:00+09:00,ROASTED-GT,17866.0,3000.0,996.0,19870.0,16.7
2025-03-31,2025-03-31T00:00:00+09:00,ROASTED-BR,42170.0,0.0,6290.0,35880.0,6.18
2025-03-31,2025-03-31T00:00:00+09:00,ROASTED-CO,32170.0,0.0,6290.0,25880.0,4.46
2025-03-31,2025-03-31T00:00:00+09:00,ROASTED-ET,15055.0,0.0,1494.0,13561.0,7.62
2025-03-31,2025-03-31T00:00:00+09:00,ROASTED-GT,19870.0,0.0,996.0,18874.0,15.9
2025-04-01,2025-04-01T00:00:00+09:00,ROASTED-BR,35880.0,0.0,5480.0,30400.0,5.19
2025-04-01,2025-04-01T00:00:00+09:00,ROASTED-CO,25880.0,0.0,5480.0,20400.0,3.48
2025-04-01,2025-04-01T00:00:00+09:00,ROASTED-ET,13561.0,0.0,1467.0,12094.0,6.82
2025-04-01,2025-04-01T00:00:00+09:00,ROASTED-GT,18874.0,0.0,978.0,17896.0,15.14
2025-04-02,2025-04-02T00:00:00+09:00,ROASTED-BR,30400.0,18000.0,5210.0,43190.0,7.36
2025-04-02,2025-04-02T00:00:00+09:00,ROASTED-CO,20400.0,18000.0,5210.0,33190.0,5.66
2025-04-02,2025-04-02T00:00:00+09:00,ROASTED-ET,12094.0,5000.0,1368.0,15726.0,8.96
2025-04-02,2025-04-02T00:00:00+09:00,ROASTED-GT,17896.0,3500.0,912.0,20484.0,17.51
2025-04-03,2025-04-03T00:00:00+09:00,ROASTED-BR,43190.0,0.0,6130.0,37060.0,6.31
2025-04-03,2025-04-03T00:00:00+09:00,ROASTED-CO,33190.0,0.0,6130.0,27060.0,4.6
2025-04-03,2025-04-03T00:00:00+09:00,ROASTED-ET,15726.0,0.0,1494.0,14232.0,8.13
2025-04-03,2025-04-03T00:00:00+09:00,ROASTED-GT,20484.0,0.0,996.0,19488.0,16.7
2025-04-04,2025-04-04T00:00:00+09:00,ROASTED-BR,37060.0,0.0,6660.0,30400.0,5.18
2025-04-04,2025-04-04T00:00:00+09:00,ROASTED-CO,27060.0,0.0,6660.0,20400.0,3.47
2025-04-04,2025-04-04T00:00:00+09:00,ROASTED-ET,14232.0,0.0,2070.0,12162.0,6.94
2025-04-04,2025-04-04T00:00:00+09:00,ROASTED-GT,19488.0,0.0,1380.0,18108.0,15.49
2025-04-05,2025-04-05T00:00:00+09:00,ROASTED-BR,30400.0,17000.0,6360.0,41040.0,7.04
2025-04-05,2025-04-05T00:00:00+09:00,ROASTED-CO,20400.0,17000.0,6360.0,31040.0,5.32
2025-04-05,2025-04-05T00:00:00+09:00,ROASTED-ET,12162.0,5500.0,2241.0,15421.0,8.95
2025-04-05,2025-04-05T00:00:00+09:00,ROASTED-GT,18108.0,3500.0,1494.0,20114.0,17.52
2025-04-06,2025-04-06T00:00:00+09:00,ROASTED-BR,41040.0,0.0,6130.0,34910.0,5.93
2025-04-06,2025-04-06T00:00:00+09:00,ROASTED-CO,31040.0,0.0,6130.0,24910.0,4.23
2025-04-06,2025-04-06T00:00:00+09:00,ROASTED-ET,15421.0,0.0,1854.0,13567.0,7.91
2025-04-06,2025-04-06T00:00:00+09:00,ROASTED-GT,20114.0,0.0,1236.0,18878.0,16.51
2025-04-07,2025-04-07T00:00:00+09:00,ROASTED-BR,34910.0,0.0,4570.0,30340.0,5.21
2025-04-07,2025-04-07T00:00:00+09:00,ROASTED-CO,24910.0,0.0,4570.0,20340.0,3.49
2025-04-07,2025-04-07T00:00:00+09:00,ROASTED-ET,13567.0,0.0,1557.0,12010.0,7.02
2025-04-07,2025-04-07T00:00:00+09:00,ROASTED-GT,18878.0,0.0,1038.0,17840.0,15.64
2025-04-08,2025-04-08T00:00:00+09:00,ROASTED-BR,30340.0,16500.0,4730.0,42110.0,7.27
2025-04-08,2025-04-08T00:00:00+09:00,ROASTED-CO,20340.0,16500.0,4730.0,32110.0,5.54
2025-04-08,2025-04-08T00:00:00+09:00,ROASTED-ET,12010.0,5000.0,1458.0,15552.0,9.09
2025-04-08,2025-04-08T00:00:00+09:00,ROASTED-GT,17840.0,3500.0,972.0,20368.0,17.85
2025-04-09,2025-04-09T00:00:00+09:00,ROASTED-BR,42110.0,0.0,6690.0,35420.0,6.07
2025-04-09,2025-04-09T00:00:00+09:00,ROASTED-CO,32110.0,0.0,6690.0,25420.0,4.36
2025-04-09,2025-04-09T00:00:00+09:00,ROASTED-ET,15552.0,0.0,1656.0,13896.0,8.1
2025-04-09,2025-04-09T00:00:00+09:00,ROASTED-GT,20368.0,0.0,1104.0,19264.0,16.85
2025-04-10,2025-04-10T00:00:00+09:00,ROASTED-BR,35420.0,0.0,5440.0,29980.0,5.12
2025-04-10,2025-04-10T00:00:00+09:00,ROASTED-CO,25420.0,0.0,5440.0,19980.0,3.41
2025-04-10,2025-04-10T00:00:00+09:00,ROASTED-ET,13896.0,0.0,1728.0,12168.0,7.09
2025-04-10,2025-04-10T00:00:00+09:00,ROASTED-GT,19264.0,0.0,1152.0,18112.0,15.83
2025-04-11,2025-04-11T00:00:00+09:00,ROASTED-BR,29980.0,18500.0,5500.0,42980.0,7.33
2025-04-11,2025-04-11T00:00:00+09:00,ROASTED-CO,19980.0,18500.0,5500.0,32980.0,5.62
2025-04-11,2025-04-11T00:00:00+09:00,ROASTED-ET,12168.0,5500.0,1683.0,15985.0,9.32
2025-04-11,2025-04-11T00:00:00+09:00,ROASTED-GT,18112.0,3500.0,1122.0,20490.0,17.92
2025-04-12,2025-04-12T00:00:00+09:00,ROASTED-BR,42980.0,0.0,6900.0,36080.0,6.17
2025-04-12,2025-04-12T00:00:00+09:00,ROASTED-CO,32980.0,0.0,6900.0,26080.0,4.46
2025-04-12,2025-04-12T00:00:00+09:00,ROASTED-ET,15985.0,0.0,2160.0,13825.0,8.01
2025-04-12,2025-04-12T00:00:00+09:00,ROASTED-GT,20490.0,0.0,1440.0,19050.0,16.56
2025-04-13,2025-04-13T00:00:00+09:00,ROASTED-BR,36080.0,0.0,6100.0,29980.0,5.12
2025-04-13,2025-04-13T00:00:00+09:00,ROASTED-CO,26080.0,0.0,6100.0,19980.0,3.41
2025-04-13,2025-04-13T00:00:00+09:00,ROASTED-ET,13825.0,0.0,1737.0,12088.0,7.01
2025-04-13,2025-04-13T00:00:00+09:00,ROASTED-GT,19050.0,0.0,1158.0,17892.0,15.56
2025-04-14,2025-04-14T00:00:00+09:00,ROASTED-BR,29980.0,16500.0,5100.0,41380.0,7.09
2025-04-14,2025-04-14T00:00:00+09:00,ROASTED-CO,19980.0,16500.0,5100.0,31380.0,5.38
2025-04-14,2025-04-14T00:00:00+09:00,ROASTED-ET,12088.0,4000.0,1440.0,14648.0,8.51
2025-04-14,2025-04-14T00:00:00+09:00,ROASTED-GT,17892.0,2500.0,960.0,19432.0,16.94
2025-04-15,2025-04-15T00:00:00+09:00,ROASTED-BR,41380.0,0.0,4990.0,36390.0,6.23
2025-04-15,2025-04-15T00:00:00+09:00,ROASTED-CO,31380.0,0.0,4990.0,26390.0,4.52
2025-04-15,2025-04-15T00:00:00+09:00,ROASTED-ET,14648.0,0.0,1224.0,13424.0,7.84
2025-04-15,2025-04-15T00:00:00+09:00,ROASTED-GT,19432.0,0.0,816.0,18616.0,16.31
2025-04-16,2025-04-16T00:00:00+09:00,ROASTED-BR,36390.0,0.0,6200.0,30190.0,5.13
2025-04-16,2025-04-16T00:00:00+09:00,ROASTED-CO,26390.0,0.0,6200.0,20190.0,3.43
2025-04-16,2025-04-16T00:00:00+09:00,ROASTED-ET,13424.0,0.0,1476.0,11948.0,6.96
2025-04-16,2025-04-16T00:00:00+09:00,ROASTED-GT,18616.0,0.0,984.0,17632.0,15.4
2025-04-17,2025-04-17T00:00:00+09:00,ROASTED-BR,30190.0,19500.0,5730.0,43960.0,7.51
2025-04-17,2025-04-17T00:00:00+09:00,ROASTED-CO,20190.0,19500.0,5730.0,33960.0,5.8
2025-04-17,2025-04-17T00:00:00+09:00,ROASTED-ET,11948.0,5500.0,1458.0,15990.0,9.4
2025-04-17,2025-04-17T00:00:00+09:00,ROASTED-GT,17632.0,3500.0,972.0,20160.0,17.78
2025-04-18,2025-04-18T00:00:00+09:00,ROASTED-BR,43960.0,0.0,6090.0,37870.0,6.48
2025-04-18,2025-04-18T00:00:00+09:00,ROASTED-CO,33960.0,0.0,6090.0,27870.0,4.77
2025-04-18,2025-04-18T00:00:00+09:00,ROASTED-ET,15990.0,0.0,1692.0,14298.0,8.45
2025-04-18,2025-04-18T00:00:00+09:00,ROASTED-GT,20160.0,0.0,1128.0,19032.0,16.87
2025-04-19,2025-04-19T00:00:00+09:00,ROASTED-BR,37870.0,0.0,7510.0,30360.0,5.18
2025-04-19,2025-04-19T00:00:00+09:00,ROASTED-CO,27870.0,0.0,7510.0,20360.0,3.47
2025-04-19,2025-04-19T00:00:00+09:00,ROASTED-ET,14298.0,0.0,2043.0,12255.0,7.21
2025-04-19,2025-04-19T00:00:00+09:00,ROASTED-GT,19032.0,0.0,1362.0,17670.0,15.58
2025-04-20,2025-04-20T00:00:00+09:00,ROASTED-BR,30360.0,14500.0,4710.0,40150.0,6.89
2025-04-20,2025-04-20T00:00:00+09:00,ROASTED-CO,20360.0,14500.0,4710.0,30150.0,5.17
2025-04-20,2025-04-20T00:00:00+09:00,ROASTED-ET,12255.0,4500.0,1755.0,15000.0,8.83
2025-04-20,2025-04-20T00:00:00+09:00,ROASTED-GT,17670.0,3500.0,1170.0,20000.0,17.65
2025-04-21,2025-04-21T00:00:00+09:00,ROASTED-BR,40150.0,0.0,4660.0,35490.0,6.14
2025-04-21,2025-04-21T00:00:00+09:00,ROASTED-CO,30150.0,0.0,4660.0,25490.0,4.41
2025-04-21,2025-04-21T00:00:00+09:00,ROASTED-ET,15000.0,0.0,1494.0,13506.0,8.0
2025-04-21,2025-04-21T00:00:00+09:00,ROASTED-GT,20000.0,0.0,996.0,19004.0,16.89
2025-04-22,2025-04-22T00:00:00+09:00,ROASTED-BR,35490.0,0.0,5360.0,30130.0,5.21
2025-04-22,2025-04-22T00:00:00+09:00,ROASTED-CO,25490.0,0.0,5360.0,20130.0,3.48
2025-04-22,2025-04-22T00:00:00+09:00,ROASTED-ET,13506.0,0.0,1440.0,12066.0,7.14
2025-04-22,2025-04-22T00:00:00+09:00,ROASTED-GT,19004.0,0.0,960.0,18044.0,16.03
2025-04-23,2025-04-23T00:00:00+09:00,ROASTED-BR,30130.0,16500.0,5140.0,41490.0,7.21
2025-04-23,2025-04-23T00:00:00+09:00,ROASTED-CO,20130.0,16500.0,5140.0,31490.0,5.47
2025-04-23,2025-04-23T00:00:00+09:00,ROASTED-ET,12066.0,5000.0,1593.0,15473.0,9.21
2025-04-23,2025-04-23T00:00:00+09:00,ROASTED-GT,18044.0,3000.0,1062.0,19982.0,17.84
2025-04-24,2025-04-24T00:00:00+09:00,ROASTED-BR,41490.0,0.0,5670.0,35820.0,6.19
2025-04-24,2025-04-24T00:00:00+09:00,ROASTED-CO,31490.0,0.0,5670.0,25820.0,4.47
2025-04-24,2025-04-24T00:00:00+09:00,ROASTED-ET,15473.0,0.0,1611.0,13862.0,8.27
2025-04-24,2025-04-24T00:00:00+09:00,ROASTED-GT,19982.0,0.0,1074.0,18908.0,16.92
2025-04-25,2025-04-25T00:00:00+09:00,ROASTED-BR,35820.0,0.0,5690.0,30130.0,5.24
2025-04-25,2025-04-25T00:00:00+09:00,ROASTED-CO,25820.0,0.0,5690.0,20130.0,3.5
2025-04-25,2025-04-25T00:00:00+09:00,ROASTED-ET,13862.0,0.0,1899.0,11963.0,7.16
2025-04-25,2025-04-25T00:00:00+09:00,ROASTED-GT,18908.0,0.0,1266.0,17642.0,15.83
2025-04-26,2025-04-26T00:00:00+09:00,ROASTED-BR,30130.0,18500.0,6860.0,41770.0,7.24
2025-04-26,2025-04-26T00:00:00+09:00,ROASTED-CO,20130.0,18500.0,6860.0,31770.0,5.51
2025-04-26,2025-04-26T00:00:00+09:00,ROASTED-ET,11963.0,5500.0,1953.0,15510.0,9.33
2025-04-26,2025-04-26T00:00:00+09:00,ROASTED-GT,17642.0,3500.0,1302.0,19840.0,17.9
2025-04-27,2025-04-27T00:00:00+09:00,ROASTED-BR,41770.0,0.0,6040.0,35730.0,6.18
2025-04-27,2025-04-27T00:00:00+09:00,ROASTED-CO,31770.0,0.0,6040.0,25730.0,4.45
2025-04-27,2025-04-27T00:00:00+09:00,ROASTED-ET,15510.0,0.0,1899.0,13611.0,8.12
2025-04-27,2025-04-27T00:00:00+09:00,ROASTED-GT,19840.0,0.0,1266.0,18574.0,16.62
2025-04-28,2025-04-28T00:00:00+09:00,ROASTED-BR,35730.0,0.0,5430.0,30300.0,5.27
2025-04-28,2025-04-28T00:00:00+09:00,ROASTED-CO,25730.0,0.0,5430.0,20300.0,3.53
2025-04-28,2025-04-28T00:00:00+09:00,ROASTED-ET,13611.0,0.0,1359.0,12252.0,7.33
2025-04-28,2025-04-28T00:00:00+09:00,ROASTED-GT,18574.0,0.0,906.0,17668.0,15.85
2025-04-29,2025-04-29T00:00:00+09:00,ROASTED-BR,30300.0,17000.0,5750.0,41550.0,7.21
2025-04-29,2025-04-29T00:00:00+09:00,ROASTED-CO,20300.0,17000.0,5750.0,31550.0,5.48
2025-04-29,2025-04-29T00:00:00+09:00,ROASTED-ET,12252.0,4500.0,1638.0,15114.0,9.01
2025-04-29,2025-04-29T00:00:00+09:00,ROASTED-GT,17668.0,3500.0,1092.0,20076.0,17.95
2025-04-30,2025-04-30T00:00:00+09:00,ROASTED-BR,41550.0,0.0,5040.0,36510.0,6.34
2025-04-30,2025-04-30T00:00:00+09:00,ROASTED-CO,31550.0,0.0,5040.0,26510.0,4.61
2025-04-30,2025-04-30T00:00:00+09:00,ROASTED-ET,15114.0,0.0,1350.0,13764.0,8.21
2025-04-30,2025-04-30T00:00:00+09:00,ROASTED-GT,20076.0,0.0,900.0,19176.0,17.15
2025-05-01,2025-05-01T00:00:00+09:00,ROASTED-BR,36510.0,0.0,6490.0,30020.0,5.2
2025-05-01,2025-05-01T00:00:00+09:00,ROASTED-CO,26510.0,0.0,6490.0,20020.0,3.47
2025-05-01,2025-05-01T00:00:00+09:00,ROASTED-ET,13764.0,0.0,1674.0,12090.0,7.18
2025-05-01,2025-05-01T00:00:00+09:00,ROASTED-GT,19176.0,0.0,1116.0,18060.0,16.09
2025-05-02,2025-05-02T00:00:00+09:00,ROASTED-BR,30020.0,22000.0,6140.0,45880.0,7.98
2025-05-02,2025-05-02T00:00:00+09:00,ROASTED-CO,20020.0,22000.0,6140.0,35880.0,6.24
2025-05-02,2025-05-02T00:00:00+09:00,ROASTED-ET,12090.0,5500.0,1512.0,16078.0,9.66
2025-05-02,2025-05-02T00:00:00+09:00,ROASTED-GT,18060.0,3500.0,1008.0,20552.0,18.53
2025-05-03,2025-05-03T00:00:00+09:00,ROASTED-BR,45880.0,0.0,8750.0,37130.0,6.36
2025-05-03,2025-05-03T00:00:00+09:00,ROASTED-CO,35880.0,0.0,8750.0,27130.0,4.65
2025-05-03,2025-05-03T00:00:00+09:00,ROASTED-ET,16078.0,0.0,2034.0,14044.0,8.48
2025-05-03,2025-05-03T00:00:00+09:00,ROASTED-GT,20552.0,0.0,1356.0,19196.0,17.38
2025-05-04,2025-05-04T00:00:00+09:00,ROASTED-BR,37130.0,0.0,6830.0,30300.0,5.17
2025-05-04,2025-05-04T00:00:00+09:00,ROASTED-CO,27130.0,0.0,6830.0,20300.0,3.46
2025-05-04,2025-05-04T00:00:00+09:00,ROASTED-ET,14044.0,0.0,1827.0,12217.0,7.38
2025-05-04,2025-05-04T00:00:00+09:00,ROASTED-GT,19196.0,0.0,1218.0,17978.0,16.29
2025-05-05,2025-05-05T00:00:00+09:00,ROASTED-BR,30300.0,15000.0,5310.0,39990.0,6.79
2025-05-05,2025-05-05T00:00:00+09:00,ROASTED-CO,20300.0,15000.0,5310.0,29990.0,5.09
2025-05-05,2025-05-05T00:00:00+09:00,ROASTED-ET,12217.0,4000.0,1620.0,14597.0,8.81
2025-05-05,2025-05-05T00:00:00+09:00,ROASTED-GT,17978.0,2500.0,1080.0,19398.0,17.55
2025-05-06,2025-05-06T00:00:00+09:00,ROASTED-BR,39990.0,0.0,5180.0,34810.0,5.9
2025-05-06,2025-05-06T00:00:00+09:00,ROASTED-CO,29990.0,0.0,5180.0,24810.0,4.2
2025-05-06,2025-05-06T00:00:00+09:00,ROASTED-ET,14597.0,0.0,1125.0,13472.0,8.19
2025-05-06,2025-05-06T00:00:00+09:00,ROASTED-GT,19398.0,0.0,750.0,18648.0,17.0
2025-05-07,2025-05-07T00:00:00+09:00,ROASTED-BR,34810.0,0.0,4650.0,30160.0,5.17
2025-05-07,2025-05-07T00:00:00+09:00,ROASTED-CO,24810.0,0.0,4650.0,20160.0,3.46
2025-05-07,2025-05-07T00:00:00+09:00,ROASTED-ET,13472.0,0.0,1422.0,12050.0,7.36
2025-05-07,2025-05-07T00:00:00+09:00,ROASTED-GT,18648.0,0.0,948.0,17700.0,16.22
2025-05-08,2025-05-08T00:00:00+09:00,ROASTED-BR,30160.0,17500.0,5330.0,42330.0,7.26
2025-05-08,2025-05-08T00:00:00+09:00,ROASTED-CO,20160.0,17500.0,5330.0,32330.0,5.55
2025-05-08,2025-05-08T00:00:00+09:00,ROASTED-ET,12050.0,5000.0,1521.0,15529.0,9.53
2025-05-08,2025-05-08T00:00:00+09:00,ROASTED-GT,17700.0,3500.0,1014.0,20186.0,18.58
2025-05-09,2025-05-09T00:00:00+09:00,ROASTED-BR,42330.0,0.0,5790.0,36540.0,6.26
2025-05-09,2025-05-09T00:00:00+09:00,ROASTED-CO,32330.0,0.0,5790.0,26540.0,4.55
2025-05-09,2025-05-09T00:00:00+09:00,ROASTED-ET,15529.0,0.0,1782.0,13747.0,8.42
2025-05-09,2025-05-09T00:00:00+09:00,ROASTED-GT,20186.0,0.0,1188.0,18998.0,17.45
2025-05-10,2025-05-10T00:00:00+09:00,ROASTED-BR,36540.0,0.0,6470.0,30070.0,5.17
2025-05-10,2025-05-10T00:00:00+09:00,ROASTED-CO,26540.0,0.0,6470.0,20070.0,3.45
2025-05-10,2025-05-10T00:00:00+09:00,ROASTED-ET,13747.0,0.0,1908.0,11839.0,7.29
2025-05-10,2025-05-10T00:00:00+09:00,ROASTED-GT,18998.0,0.0,1272.0,17726.0,16.37
2025-05-11,2025-05-11T00:00:00+09:00,ROASTED-BR,30070.0,15000.0,6340.0,38730.0,6.64
2025-05-11,2025-05-11T00:00:00+09:00,ROASTED-CO,20070.0,15000.0,6340.0,28730.0,4.93
2025-05-11,2025-05-11T00:00:00+09:00,ROASTED-ET,11839.0,5000.0,1368.0,15471.0,9.6
2025-05-11,2025-05-11T00:00:00+09:00,ROASTED-GT,17726.0,3000.0,912.0,19814.0,18.45
2025-05-12,2025-05-12T00:00:00+09:00,ROASTED-BR,38730.0,0.0,4600.0,34130.0,5.87
2025-05-12,2025-05-12T00:00:00+09:00,ROASTED-CO,28730.0,0.0,4600.0,24130.0,4.15
2025-05-12,2025-05-12T00:00:00+09:00,ROASTED-ET,15471.0,0.0,1494.0,13977.0,8.66
2025-05-12,2025-05-12T00:00:00+09:00,ROASTED-GT,19814.0,0.0,996.0,18818.0,17.5
2025-05-13,2025-05-13T00:00:00+09:00,ROASTED-BR,34130.0,0.0,3910.0,30220.0,5.23
2025-05-13,2025-05-13T00:00:00+09:00,ROASTED-CO,24130.0,0.0,3910.0,20220.0,3.5
2025-05-13,2025-05-13T00:00:00+09:00,ROASTED-ET,13977.0,0.0,1755.0,12222.0,7.49
2025-05-13,2025-05-13T00:00:00+09:00,ROASTED-GT,18818.0,0.0,1170.0,17648.0,16.22
2025-05-14,2025-05-14T00:00:00+09:00,ROASTED-BR,30220.0,14000.0,4180.0,40040.0,7.02
2025-05-14,2025-05-14T00:00:00+09:00,ROASTED-CO,20220.0,14000.0,4180.0,30040.0,5.27
2025-05-14,2025-05-14T00:00:00+09:00,ROASTED-ET,12222.0,4500.0,1476.0,15246.0,9.34
2025-05-14,2025-05-14T00:00:00+09:00,ROASTED-GT,17648.0,3500.0,984.0,20164.0,18.53
2025-05-15,2025-05-15T00:00:00+09:00,ROASTED-BR,40040.0,0.0,3920.0,36120.0,6.41
2025-05-15,2025-05-15T00:00:00+09:00,ROASTED-CO,30040.0,0.0,3920.0,26120.0,4.63
2025-05-15,2025-05-15T00:00:00+09:00,ROASTED-ET,15246.0,0.0,1323.0,13923.0,8.56
2025-05-15,2025-05-15T00:00:00+09:00,ROASTED-GT,20164.0,0.0,882.0,19282.0,17.77
2025-05-16,2025-05-16T00:00:00+09:00,ROASTED-BR,36120.0,0.0,6040.0,30080.0,5.34
2025-05-16,2025-05-16T00:00:00+09:00,ROASTED-CO,26120.0,0.0,6040.0,20080.0,3.56
2025-05-16,2025-05-16T00:00:00+09:00,ROASTED-ET,13923.0,0.0,1836.0,12087.0,7.4
2025-05-16,2025-05-16T00:00:00+09:00,ROASTED-GT,19282.0,0.0,1224.0,18058.0,16.59
2025-05-17,2025-05-17T00:00:00+09:00,ROASTED-BR,30080.0,15500.0,5440.0,40140.0,7.22
2025-05-17,2025-05-17T00:00:00+09:00,ROASTED-CO,20080.0,15500.0,5440.0,30140.0,5.42
2025-05-17,2025-05-17T00:00:00+09:00,ROASTED-ET,12087.0,5000.0,1755.0,15332.0,9.45
2025-05-17,2025-05-17T00:00:00+09:00,ROASTED-GT,18058.0,3000.0,1170.0,19888.0,18.39
2025-05-18,2025-05-18T00:00:00+09:00,ROASTED-BR,40140.0,0.0,5480.0,34660.0,6.2
2025-05-18,2025-05-18T00:00:00+09:00,ROASTED-CO,30140.0,0.0,5480.0,24660.0,4.41
2025-05-18,2025-05-18T00:00:00+09:00,ROASTED-ET,15332.0,0.0,1584.0,13748.0,8.51
2025-05-18,2025-05-18T00:00:00+09:00,ROASTED-GT,19888.0,0.0,1056.0,18832.0,17.48
2025-05-19,2025-05-19T00:00:00+09:00,ROASTED-BR,34660.0,0.0,4670.0,29990.0,5.37
2025-05-19,2025-05-19T00:00:00+09:00,ROASTED-CO,24660.0,0.0,4670.0,19990.0,3.58
2025-05-19,2025-05-19T00:00:00+09:00,ROASTED-ET,13748.0,0.0,1458.0,12290.0,7.61
2025-05-19,2025-05-19T00:00:00+09:00,ROASTED-GT,18832.0,0.0,972.0,17860.0,16.59
2025-05-20,2025-05-20T00:00:00+09:00,ROASTED-BR,29990.0,15500.0,5610.0,39880.0,7.12
2025-05-20,2025-05-20T00:00:00+09:00,ROASTED-CO,19990.0,15500.0,5610.0,29880.0,5.34
2025-05-20,2025-05-20T00:00:00+09:00,ROASTED-ET,12290.0,4000.0,1206.0,15084.0,9.39
2025-05-20,2025-05-20T00:00:00+09:00,ROASTED-GT,17860.0,3000.0,804.0,20056.0,18.73
2025-05-21,2025-05-21T00:00:00+09:00,ROASTED-BR,39880.0,0.0,4330.0,35550.0,6.38
2025-05-21,2025-05-21T00:00:00+09:00,ROASTED-CO,29880.0,0.0,4330.0,25550.0,4.59
2025-05-21,2025-05-21T00:00:00+09:00,ROASTED-ET,15084.0,0.0,1494.0,13590.0,8.48
2025-05-21,2025-05-21T00:00:00+09:00,ROASTED-GT,20056.0,0.0,996.0,19060.0,17.84
2025-05-22,2025-05-22T00:00:00+09:00,ROASTED-BR,35550.0,0.0,5190.0,30360.0,5.47
2025-05-22,2025-05-22T00:00:00+09:00,ROASTED-CO,25550.0,0.0,5190.0,20360.0,3.67
2025-05-22,2025-05-22T00:00:00+09:00,ROASTED-ET,13590.0,0.0,1557.0,12033.0,7.52
2025-05-22,2025-05-22T00:00:00+09:00,ROASTED-GT,19060.0,0.0,1038.0,18022.0,16.88
2025-05-23,2025-05-23T00:00:00+09:00,ROASTED-BR,30360.0,17000.0,5780.0,41580.0,7.48
2025-05-23,2025-05-23T00:00:00+09:00,ROASTED-CO,20360.0,17000.0,5780.0,31580.0,5.68
2025-05-23,2025-05-23T00:00:00+09:00,ROASTED-ET,12033.0,5000.0,1359.0,15674.0,9.91
2025-05-23,2025-05-23T00:00:00+09:00,ROASTED-GT,18022.0,3000.0,906.0,20116.0,19.08
2025-05-24,2025-05-24T00:00:00+09:00,ROASTED-BR,41580.0,0.0,6220.0,35360.0,6.39
2025-05-24,2025-05-24T00:00:00+09:00,ROASTED-CO,31580.0,0.0,6220.0,25360.0,4.58
2025-05-24,2025-05-24T00:00:00+09:00,ROASTED-ET,15674.0,0.0,1944.0,13730.0,8.68
2025-05-24,2025-05-24T00:00:00+09:00,ROASTED-GT,20116.0,0.0,1296.0,18820.0,17.85
2025-05-25,2025-05-25T00:00:00+09:00,ROASTED-BR,35360.0,0.0,5210.0,30150.0,5.48
2025-05-25,2025-05-25T00:00:00+09:00,ROASTED-CO,25360.0,0.0,5210.0,20150.0,3.66
2025-05-25,2025-05-25T00:00:00+09:00,ROASTED-ET,13730.0,0.0,1503.0,12227.0,7.8
2025-05-25,2025-05-25T00:00:00+09:00,ROASTED-GT,18820.0,0.0,1002.0,17818.0,17.05
2025-05-26,2025-05-26T00:00:00+09:00,ROASTED-BR,30150.0,12500.0,4580.0,38070.0,6.96
2025-05-26,2025-05-26T00:00:00+09:00,ROASTED-CO,20150.0,12500.0,4580.0,28070.0,5.13
2025-05-26,2025-05-26T00:00:00+09:00,ROASTED-ET,12227.0,3500.0,1143.0,14584.0,9.35
2025-05-26,2025-05-26T00:00:00+09:00,ROASTED-GT,17818.0,2500.0,762.0,19556.0,18.81
2025-05-27,2025-05-27T00:00:00+09:00,ROASTED-BR,38070.0,0.0,4690.0,33380.0,6.14
2025-05-27,2025-05-27T00:00:00+09:00,ROASTED-CO,28070.0,0.0,4690.0,23380.0,4.3
2025-05-27,2025-05-27T00:00:00+09:00,ROASTED-ET,14584.0,0.0,1107.0,13477.0,8.75
2025-05-27,2025-05-27T00:00:00+09:00,ROASTED-GT,19556.0,0.0,738.0,18818.0,18.32
2025-05-28,2025-05-28T00:00:00+09:00,ROASTED-BR,33380.0,0.0,3230.0,30150.0,5.61
2025-05-28,2025-05-28T00:00:00+09:00,ROASTED-CO,23380.0,0.0,3230.0,20150.0,3.75
2025-05-28,2025-05-28T00:00:00+09:00,ROASTED-ET,13477.0,0.0,1377.0,12100.0,7.85
2025-05-28,2025-05-28T00:00:00+09:00,ROASTED-GT,18818.0,0.0,918.0,17900.0,17.42
2025-05-29,2025-05-29T00:00:00+09:00,ROASTED-BR,30150.0,16000.0,5370.0,40780.0,7.65
2025-05-29,2025-05-29T00:00:00+09:00,ROASTED-CO,20150.0,16000.0,5370.0,30780.0,5.77
2025-05-29,2025-05-29T00:00:00+09:00,ROASTED-ET,12100.0,4500.0,1242.0,15358.0,10.06
2025-05-29,2025-05-29T00:00:00+09:00,ROASTED-GT,17900.0,3000.0,828.0,20072.0,19.73
2025-05-30,2025-05-30T00:00:00+09:00,ROASTED-BR,40780.0,0.0,5370.0,35410.0,6.68
2025-05-30,2025-05-30T00:00:00+09:00,ROASTED-CO,30780.0,0.0,5370.0,25410.0,4.79
2025-05-30,2025-05-30T00:00:00+09:00,ROASTED-ET,15358.0,0.0,1629.0,13729.0,8.97
2025-05-30,2025-05-30T00:00:00+09:00,ROASTED-GT,20072.0,0.0,1086.0,18986.0,18.61
2025-05-31,2025-05-31T00:00:00+09:00,ROASTED-BR,35410.0,0.0,5430.0,29980.0,5.78
2025-05-31,2025-05-31T00:00:00+09:00,ROASTED-CO,25410.0,0.0,5430.0,19980.0,3.85
2025-05-31,2025-05-31T00:00:00+09:00,ROASTED-ET,13729.0,0.0,1827.0,11902.0,7.82
2025-05-31,2025-05-31T00:00:00+09:00,ROASTED-GT,18986.0,0.0,1218.0,17768.0,17.5
2025-06-01,2025-06-01T00:00:00+09:00,ROASTED-BR,29980.0,14000.0,4990.0,38990.0,7.62
2025-06-01,2025-06-01T00:00:00+09:00,ROASTED-CO,19980.0,14000.0,4990.0,28990.0,5.66
2025-06-01,2025-06-01T00:00:00+09:00,ROASTED-ET,11902.0,4500.0,1557.0,14845.0,9.81
2025-06-01,2025-06-01T00:00:00+09:00,ROASTED-GT,17768.0,3000.0,1038.0,19730.0,19.56
2025-06-02,2025-06-02T00:00:00+09:00,ROASTED-BR,38990.0,0.0,4370.0,34620.0,6.81
2025-06-02,2025-06-02T00:00:00+09:00,ROASTED-CO,28990.0,0.0,4370.0,24620.0,4.84
2025-06-02,2025-06-02T00:00:00+09:00,ROASTED-ET,14845.0,0.0,1296.0,13549.0,9.02
2025-06-02,2025-06-02T00:00:00+09:00,ROASTED-GT,19730.0,0.0,864.0,18866.0,18.84
2025-06-03,2025-06-03T00:00:00+09:00,ROASTED-BR,34620.0,0.0,4300.0,30320.0,6.0
2025-06-03,2025-06-03T00:00:00+09:00,ROASTED-CO,24620.0,0.0,4300.0,20320.0,4.02
2025-06-03,2025-06-03T00:00:00+09:00,ROASTED-ET,13549.0,0.0,1305.0,12244.0,8.12
2025-06-03,2025-06-03T00:00:00+09:00,ROASTED-GT,18866.0,0.0,870.0,17996.0,17.9
2025-06-04,2025-06-04T00:00:00+09:00,ROASTED-BR,30320.0,16000.0,4780.0,41540.0,8.21
2025-06-04,2025-06-04T00:00:00+09:00,ROASTED-CO,20320.0,16000.0,4780.0,31540.0,6.24
2025-06-04,2025-06-04T00:00:00+09:00,ROASTED-ET,12244.0,4000.0,1278.0,14966.0,9.96
2025-06-04,2025-06-04T00:00:00+09:00,ROASTED-GT,17996.0,2500.0,852.0,19644.0,19.6
2025-06-05,2025-06-05T00:00:00+09:00,ROASTED-BR,41540.0,0.0,5320.0,36220.0,7.16
2025-06-05,2025-06-05T00:00:00+09:00,ROASTED-CO,31540.0,0.0,5320.0,26220.0,5.18
2025-06-05,2025-06-05T00:00:00+09:00,ROASTED-ET,14966.0,0.0,1395.0,13571.0,9.06
2025-06-05,2025-06-05T00:00:00+09:00,ROASTED-GT,19644.0,0.0,930.0,18714.0,18.73
2025-06-06,2025-06-06T00:00:00+09:00,ROASTED-BR,36220.0,0.0,6000.0,30220.0,5.97
2025-06-06,2025-06-06T00:00:00+09:00,ROASTED-CO,26220.0,0.0,6000.0,20220.0,3.99
2025-06-06,2025-06-06T00:00:00+09:00,ROASTED-ET,13571.0,0.0,1512.0,12059.0,8.1
2025-06-06,2025-06-06T00:00:00+09:00,ROASTED-GT,18714.0,0.0,1008.0,17706.0,17.84
2025-06-07,2025-06-07T00:00:00+09:00,ROASTED-BR,30220.0,17500.0,6090.0,41630.0,8.24
2025-06-07,2025-06-07T00:00:00+09:00,ROASTED-CO,20220.0,17500.0,6090.0,31630.0,6.26
2025-06-07,2025-06-07T00:00:00+09:00,ROASTED-ET,12059.0,5000.0,2394.0,14665.0,9.74
2025-06-07,2025-06-07T00:00:00+09:00,ROASTED-GT,17706.0,3500.0,1596.0,19610.0,19.53
2025-06-08,2025-06-08T00:00:00+09:00,ROASTED-BR,41630.0,0.0,6210.0,35420.0,7.02
2025-06-08,2025-06-08T00:00:00+09:00,ROASTED-CO,31630.0,0.0,6210.0,25420.0,5.04
2025-06-08,2025-06-08T00:00:00+09:00,ROASTED-ET,14665.0,0.0,1404.0,13261.0,8.8
2025-06-08,2025-06-08T00:00:00+09:00,ROASTED-GT,19610.0,0.0,936.0,18674.0,18.58
2025-06-09,2025-06-09T00:00:00+09:00,ROASTED-BR,35420.0,0.0,5310.0,30110.0,5.94
2025-06-09,2025-06-09T00:00:00+09:00,ROASTED-CO,25420.0,0.0,5310.0,20110.0,3.96
2025-06-09,2025-06-09T00:00:00+09:00,ROASTED-ET,13261.0,0.0,1278.0,11983.0,7.99
2025-06-09,2025-06-09T00:00:00+09:00,ROASTED-GT,18674.0,0.0,852.0,17822.0,17.82
2025-06-10,2025-06-10T00:00:00+09:00,ROASTED-BR,30110.0,14000.0,3970.0,40140.0,7.91
2025-06-10,2025-06-10T00:00:00+09:00,ROASTED-CO,20110.0,14000.0,3970.0,30140.0,5.94
2025-06-10,2025-06-10T00:00:00+09:00,ROASTED-ET,11983.0,4000.0,1323.0,14660.0,9.88
2025-06-10,2025-06-10T00:00:00+09:00,ROASTED-GT,17822.0,2500.0,882.0,19440.0,19.64
2025-06-11,2025-06-11T00:00:00+09:00,ROASTED-BR,40140.0,0.0,5080.0,35060.0,6.87
2025-06-11,2025-06-11T00:00:00+09:00,ROASTED-CO,30140.0,0.0,5080.0,25060.0,4.91
2025-06-11,2025-06-11T00:00:00+09:00,ROASTED-ET,14660.0,0.0,1314.0,13346.0,9.03
2025-06-11,2025-06-11T00:00:00+09:00,ROASTED-GT,19440.0,0.0,876.0,18564.0,18.83
2025-06-12,2025-06-12T00:00:00+09:00,ROASTED-BR,35060.0,0.0,4750.0,30310.0,5.9
2025-06-12,2025-06-12T00:00:00+09:00,ROASTED-CO,25060.0,0.0,4750.0,20310.0,3.95
2025-06-12,2025-06-12T00:00:00+09:00,ROASTED-ET,13346.0,0.0,1080.0,12266.0,8.34
2025-06-12,2025-06-12T00:00:00+09:00,ROASTED-GT,18564.0,0.0,720.0,17844.0,18.21
2025-06-13,2025-06-13T00:00:00+09:00,ROASTED-BR,30310.0,15500.0,5880.0,39930.0,7.78
2025-06-13,2025-06-13T00:00:00+09:00,ROASTED-CO,20310.0,15500.0,5880.0,29930.0,5.83
2025-06-13,2025-06-13T00:00:00+09:00,ROASTED-ET,12266.0,4000.0,1251.0,15015.0,10.36
2025-06-13,2025-06-13T00:00:00+09:00,ROASTED-GT,17844.0,3000.0,834.0,20010.0,20.71
2025-06-14,2025-06-14T00:00:00+09:00,ROASTED-BR,39930.0,0.0,5930.0,34000.0,6.6
2025-06-14,2025-06-14T00:00:00+09:00,ROASTED-CO,29930.0,0.0,5930.0,24000.0,4.66
2025-06-14,2025-06-14T00:00:00+09:00,ROASTED-ET,15015.0,0.0,1710.0,13305.0,9.19
2025-06-14,2025-06-14T00:00:00+09:00,ROASTED-GT,20010.0,0.0,1140.0,18870.0,19.56
2025-06-15,2025-06-15T00:00:00+09:00,ROASTED-BR,34000.0,0.0,3790.0,30210.0,5.94
2025-06-15,2025-06-15T00:00:00+09:00,ROASTED-CO,24000.0,0.0,3790.0,20210.0,3.97
2025-06-15,2025-06-15T00:00:00+09:00,ROASTED-ET,13305.0,0.0,1413.0,11892.0,8.25
2025-06-15,2025-06-15T00:00:00+09:00,ROASTED-GT,18870.0,0.0,942.0,17928.0,18.66
2025-06-16,2025-06-16T00:00:00+09:00,ROASTED-BR,30210.0,15000.0,4140.0,41070.0,8.1
2025-06-16,2025-06-16T00:00:00+09:00,ROASTED-CO,20210.0,15000.0,4140.0,31070.0,6.13
2025-06-16,2025-06-16T00:00:00+09:00,ROASTED-ET,11892.0,4000.0,1260.0,14632.0,10.2
2025-06-16,2025-06-16T00:00:00+09:00,ROASTED-GT,17928.0,2500.0,840.0,19588.0,20.49
2025-06-17,2025-06-17T00:00:00+09:00,ROASTED-BR,41070.0,0.0,5310.0,35760.0,7.07
2025-06-17,2025-06-17T00:00:00+09:00,ROASTED-CO,31070.0,0.0,5310.0,25760.0,5.09
2025-06-17,2025-06-17T00:00:00+09:00,ROASTED-ET,14632.0,0.0,1224.0,13408.0,9.34
2025-06-17,2025-06-17T00:00:00+09:00,ROASTED-GT,19588.0,0.0,816.0,18772.0,19.62
2025-06-18,2025-06-18T00:00:00+09:00,ROASTED-BR,35760.0,0.0,5590.0,30170.0,5.91
2025-06-18,2025-06-18T00:00:00+09:00,ROASTED-CO,25760.0,0.0,5590.0,20170.0,3.95
2025-06-18,2025-06-18T00:00:00+09:00,ROASTED-ET,13408.0,0.0,1125.0,12283.0,8.64
2025-06-18,2025-06-18T00:00:00+09:00,ROASTED-GT,18772.0,0.0,750.0,18022.0,19.01
2025-06-19,2025-06-19T00:00:00+09:00,ROASTED-BR,30170.0,16500.0,3990.0,42680.0,8.43
2025-06-19,2025-06-19T00:00:00+09:00,ROASTED-CO,20170.0,16500.0,3990.0,32680.0,6.46
2025-06-19,2025-06-19T00:00:00+09:00,ROASTED-ET,12283.0,4500.0,1242.0,15541.0,11.02
2025-06-19,2025-06-19T00:00:00+09:00,ROASTED-GT,18022.0,3000.0,828.0,20194.0,21.48
2025-06-20,2025-06-20T00:00:00+09:00,ROASTED-BR,42680.0,0.0,5350.0,37330.0,7.4
2025-06-20,2025-06-20T00:00:00+09:00,ROASTED-CO,32680.0,0.0,5350.0,27330.0,5.42
2025-06-20,2025-06-20T00:00:00+09:00,ROASTED-ET,15541.0,0.0,1548.0,13993.0,9.87
2025-06-20,2025-06-20T00:00:00+09:00,ROASTED-GT,20194.0,0.0,1032.0,19162.0,20.28
2025-06-21,2025-06-21T00:00:00+09:00,ROASTED-BR,37330.0,0.0,7160.0,30170.0,5.94
2025-06-21,2025-06-21T00:00:00+09:00,ROASTED-CO,27330.0,0.0,7160.0,20170.0,3.97
2025-06-21,2025-06-21T00:00:00+09:00,ROASTED-ET,13993.0,0.0,1701.0,12292.0,8.73
2025-06-21,2025-06-21T00:00:00+09:00,ROASTED-GT,19162.0,0.0,1134.0,18028.0,19.2
2025-06-22,2025-06-22T00:00:00+09:00,ROASTED-BR,30170.0,18000.0,7070.0,41100.0,7.99
2025-06-22,2025-06-22T00:00:00+09:00,ROASTED-CO,20170.0,18000.0,7070.0,31100.0,6.05
2025-06-22,2025-06-22T00:00:00+09:00,ROASTED-ET,12292.0,3500.0,1305.0,14487.0,10.34
2025-06-22,2025-06-22T00:00:00+09:00,ROASTED-GT,18028.0,2000.0,870.0,19158.0,20.51
2025-06-23,2025-06-23T00:00:00+09:00,ROASTED-BR,41100.0,0.0,5380.0,35720.0,6.9
2025-06-23,2025-06-23T00:00:00+09:00,ROASTED-CO,31100.0,0.0,5380.0,25720.0,4.97
2025-06-23,2025-06-23T00:00:00+09:00,ROASTED-ET,14487.0,0.0,1125.0,13362.0,9.54
2025-06-23,2025-06-23T00:00:00+09:00,ROASTED-GT,19158.0,0.0,750.0,18408.0,19.71
2025-06-24,2025-06-24T00:00:00+09:00,ROASTED-BR,35720.0,0.0,5530.0,30190.0,5.8
2025-06-24,2025-06-24T00:00:00+09:00,ROASTED-CO,25720.0,0.0,5530.0,20190.0,3.88
2025-06-24,2025-06-24T00:00:00+09:00,ROASTED-ET,13362.0,0.0,1125.0,12237.0,8.73
2025-06-24,2025-06-24T00:00:00+09:00,ROASTED-GT,18408.0,0.0,750.0,17658.0,18.9
2025-06-25,2025-06-25T00:00:00+09:00,ROASTED-BR,30190.0,16500.0,5200.0,41490.0,7.87
2025-06-25,2025-06-25T00:00:00+09:00,ROASTED-CO,20190.0,16500.0,5200.0,31490.0,5.97
2025-06-25,2025-06-25T00:00:00+09:00,ROASTED-ET,12237.0,4000.0,1359.0,14878.0,10.62
2025-06-25,2025-06-25T00:00:00+09:00,ROASTED-GT,17658.0,3000.0,906.0,19752.0,21.15
2025-06-26,2025-06-26T00:00:00+09:00,ROASTED-BR,41490.0,0.0,5390.0,36100.0,6.84
2025-06-26,2025-06-26T00:00:00+09:00,ROASTED-CO,31490.0,0.0,5390.0,26100.0,4.95
2025-06-26,2025-06-26T00:00:00+09:00,ROASTED-ET,14878.0,0.0,1386.0,13492.0,9.6
2025-06-26,2025-06-26T00:00:00+09:00,ROASTED-GT,19752.0,0.0,924.0,18828.0,20.09
2025-06-27,2025-06-27T00:00:00+09:00,ROASTED-BR,36100.0,0.0,5720.0,30380.0,5.75
2025-06-27,2025-06-27T00:00:00+09:00,ROASTED-CO,26100.0,0.0,5720.0,20380.0,3.85
2025-06-27,2025-06-27T00:00:00+09:00,ROASTED-ET,13492.0,0.0,1602.0,11890.0,8.46
2025-06-27,2025-06-27T00:00:00+09:00,ROASTED-GT,18828.0,0.0,1068.0,17760.0,18.96
2025-06-28,2025-06-28T00:00:00+09:00,ROASTED-BR,30380.0,16500.0,6620.0,40260.0,7.55
2025-06-28,2025-06-28T00:00:00+09:00,ROASTED-CO,20380.0,16500.0,6620.0,30260.0,5.68
2025-06-28,2025-06-28T00:00:00+09:00,ROASTED-ET,11890.0,4500.0,1692.0,14698.0,10.5
2025-06-28,2025-06-28T00:00:00+09:00,ROASTED-GT,17760.0,3000.0,1128.0,19632.0,21.03
2025-06-29,2025-06-29T00:00:00+09:00,ROASTED-BR,40260.0,0.0,4750.0,35510.0,6.67
2025-06-29,2025-06-29T00:00:00+09:00,ROASTED-CO,30260.0,0.0,4750.0,25510.0,4.79
2025-06-29,2025-06-29T00:00:00+09:00,ROASTED-ET,14698.0,0.0,1377.0,13321.0,9.56
2025-06-29,2025-06-29T00:00:00+09:00,ROASTED-GT,19632.0,0.0,918.0,18714.0,20.14
2025-06-30,2025-06-30T00:00:00+09:00,ROASTED-BR,35510.0,0.0,5200.0,30310.0,5.67
2025-06-30,2025-06-30T00:00:00+09:00,ROASTED-CO,25510.0,0.0,5200.0,20310.0,3.8
2025-06-30,2025-06-30T00:00:00+09:00,ROASTED-ET,13321.0,0.0,1098.0,12223.0,8.81
2025-06-30,2025-06-30T00:00:00+09:00,ROASTED-GT,18714.0,0.0,732.0,17982.0,19.45
2025-07-01,2025-07-01T00:00:00+09:00,ROASTED-BR,30310.0,13500.0,3810.0,40000.0,7.5
2025-07-01,2025-07-01T00:00:00+09:00,ROASTED-CO,20310.0,13500.0,3810.0,30000.0,5.63
2025-07-01,2025-07-01T00:00:00+09:00,ROASTED-ET,12223.0,3500.0,1152.0,14571.0,10.55
2025-07-01,2025-07-01T00:00:00+09:00,ROASTED-GT,17982.0,2500.0,768.0,19714.0,21.41
2025-07-02,2025-07-02T00:00:00+09:00,ROASTED-BR,40000.0,0.0,4930.0,35070.0,6.57
2025-07-02,2025-07-02T00:00:00+09:00,ROASTED-CO,30000.0,0.0,4930.0,25070.0,4.7
2025-07-02,2025-07-02T00:00:00+09:00,ROASTED-ET,14571.0,0.0,1197.0,13374.0,9.7
2025-07-02,2025-07-02T00:00:00+09:00,ROASTED-GT,19714.0,0.0,798.0,18916.0,20.59
2025-07-03,2025-07-03T00:00:00+09:00,ROASTED-BR,35070.0,0.0,4900.0,30170.0,5.67
2025-07-03,2025-07-03T00:00:00+09:00,ROASTED-CO,25070.0,0.0,4900.0,20170.0,3.79
2025-07-03,2025-07-03T00:00:00+09:00,ROASTED-ET,13374.0,0.0,1305.0,12069.0,8.78
2025-07-03,2025-07-03T00:00:00+09:00,ROASTED-GT,18916.0,0.0,870.0,18046.0,19.69
2025-07-04,2025-07-04T00:00:00+09:00,ROASTED-BR,30170.0,17500.0,5410.0,42260.0,7.97
2025-07-04,2025-07-04T00:00:00+09:00,ROASTED-CO,20170.0,17500.0,5410.0,32260.0,6.08
2025-07-04,2025-07-04T00:00:00+09:00,ROASTED-ET,12069.0,4500.0,1665.0,14904.0,10.8
2025-07-04,2025-07-04T00:00:00+09:00,ROASTED-GT,18046.0,3000.0,1110.0,19936.0,21.66
2025-07-05,2025-07-05T00:00:00+09:00,ROASTED-BR,42260.0,0.0,6570.0,35690.0,6.71
2025-07-05,2025-07-05T00:00:00+09:00,ROASTED-CO,32260.0,0.0,6570.0,25690.0,4.83
2025-07-05,2025-07-05T00:00:00+09:00,ROASTED-ET,14904.0,0.0,1584.0,13320.0,9.85
2025-07-05,2025-07-05T00:00:00+09:00,ROASTED-GT,19936.0,0.0,1056.0,18880.0,20.95
2025-07-06,2025-07-06T00:00:00+09:00,ROASTED-BR,35690.0,0.0,5760.0,29930.0,5.64
2025-07-06,2025-07-06T00:00:00+09:00,ROASTED-CO,25690.0,0.0,5760.0,19930.0,3.76
2025-07-06,2025-07-06T00:00:00+09:00,ROASTED-ET,13320.0,0.0,1296.0,12024.0,8.92
2025-07-06,2025-07-06T00:00:00+09:00,ROASTED-GT,18880.0,0.0,864.0,18016.0,20.05
2025-07-07,2025-07-07T00:00:00+09:00,ROASTED-BR,29930.0,14500.0,4400.0,40030.0,7.59
2025-07-07,2025-07-07T00:00:00+09:00,ROASTED-CO,19930.0,14500.0,4400.0,30030.0,5.7
2025-07-07,2025-07-07T00:00:00+09:00,ROASTED-ET,12024.0,3500.0,1233.0,14291.0,10.62
2025-07-07,2025-07-07T00:00:00+09:00,ROASTED-GT,18016.0,2000.0,822.0,19194.0,21.39
2025-07-08,2025-07-08T00:00:00+09:00,ROASTED-BR,40030.0,0.0,4100.0,35930.0,6.81
2025-07-08,2025-07-08T00:00:00+09:00,ROASTED-CO,30030.0,0.0,4100.0,25930.0,4.92
2025-07-08,2025-07-08T00:00:00+09:00,ROASTED-ET,14291.0,0.0,1071.0,13220.0,9.89
2025-07-08,2025-07-08T00:00:00+09:00,ROASTED-GT,19194.0,0.0,714.0,18480.0,20.73
2025-07-09,2025-07-09T00:00:00+09:00,ROASTED-BR,35930.0,0.0,5880.0,30050.0,5.67
2025-07-09,2025-07-09T00:00:00+09:00,ROASTED-CO,25930.0,0.0,5880.0,20050.0,3.78
2025-07-09,2025-07-09T00:00:00+09:00,ROASTED-ET,13220.0,0.0,1206.0,12014.0,9.01
2025-07-09,2025-07-09T00:00:00+09:00,ROASTED-GT,18480.0,0.0,804.0,17676.0,19.89
2025-07-10,2025-07-10T00:00:00+09:00,ROASTED-BR,30050.0,15500.0,4380.0,41170.0,7.78
2025-07-10,2025-07-10T00:00:00+09:00,ROASTED-CO,20050.0,15500.0,4380.0,31170.0,5.89
2025-07-10,2025-07-10T00:00:00+09:00,ROASTED-ET,12014.0,4500.0,1224.0,15290.0,11.42
2025-07-10,2025-07-10T00:00:00+09:00,ROASTED-GT,17676.0,3000.0,816.0,19860.0,22.26
2025-07-11,2025-07-11T00:00:00+09:00,ROASTED-BR,41170.0,0.0,6880.0,34290.0,6.44
2025-07-11,2025-07-11T00:00:00+09:00,ROASTED-CO,31170.0,0.0,6880.0,24290.0,4.56
2025-07-11,2025-07-11T00:00:00+09:00,ROASTED-ET,15290.0,0.0,1611.0,13679.0,10.12
2025-07-11,2025-07-11T00:00:00+09:00,ROASTED-GT,19860.0,0.0,1074.0,18786.0,20.85
2025-07-12,2025-07-12T00:00:00+09:00,ROASTED-BR,34290.0,0.0,3960.0,30330.0,5.77
2025-07-12,2025-07-12T00:00:00+09:00,ROASTED-CO,24290.0,0.0,3960.0,20330.0,3.87
2025-07-12,2025-07-12T00:00:00+09:00,ROASTED-ET,13679.0,0.0,1485.0,12194.0,9.08
2025-07-12,2025-07-12T00:00:00+09:00,ROASTED-GT,18786.0,0.0,990.0,17796.0,19.87
2025-07-13,2025-07-13T00:00:00+09:00,ROASTED-BR,30330.0,15000.0,4480.0,40850.0,7.74
2025-07-13,2025-07-13T00:00:00+09:00,ROASTED-CO,20330.0,15000.0,4480.0,30850.0,5.84
2025-07-13,2025-07-13T00:00:00+09:00,ROASTED-ET,12194.0,4000.0,1359.0,14835.0,11.06
2025-07-13,2025-07-13T00:00:00+09:00,ROASTED-GT,17796.0,2500.0,906.0,19390.0,21.68
2025-07-14,2025-07-14T00:00:00+09:00,ROASTED-BR,40850.0,0.0,5090.0,35760.0,6.73
2025-07-14,2025-07-14T00:00:00+09:00,ROASTED-CO,30850.0,0.0,5090.0,25760.0,4.85
2025-07-14,2025-07-14T00:00:00+09:00,ROASTED-ET,14835.0,0.0,1305.0,13530.0,10.07
2025-07-14,2025-07-14T00:00:00+09:00,ROASTED-GT,19390.0,0.0,870.0,18520.0,20.69
2025-07-15,2025-07-15T00:00:00+09:00,ROASTED-BR,35760.0,0.0,5560.0,30200.0,5.67
2025-07-15,2025-07-15T00:00:00+09:00,ROASTED-CO,25760.0,0.0,5560.0,20200.0,3.79
2025-07-15,2025-07-15T00:00:00+09:00,ROASTED-ET,13530.0,0.0,1287.0,12243.0,9.1
2025-07-15,2025-07-15T00:00:00+09:00,ROASTED-GT,18520.0,0.0,858.0,17662.0,19.69
2025-07-16,2025-07-16T00:00:00+09:00,ROASTED-BR,30200.0,16500.0,4330.0,42370.0,8.03
2025-07-16,2025-07-16T00:00:00+09:00,ROASTED-CO,20200.0,16500.0,4330.0,32370.0,6.13
2025-07-16,2025-07-16T00:00:00+09:00,ROASTED-ET,12243.0,3500.0,1161.0,14582.0,10.83
2025-07-16,2025-07-16T00:00:00+09:00,ROASTED-GT,17662.0,3000.0,774.0,19888.0,22.16
2025-07-17,2025-07-17T00:00:00+09:00,ROASTED-BR,42370.0,0.0,5890.0,36480.0,6.82
2025-07-17,2025-07-17T00:00:00+09:00,ROASTED-CO,32370.0,0.0,5890.0,26480.0,4.95
2025-07-17,2025-07-17T00:00:00+09:00,ROASTED-ET,14582.0,0.0,1296.0,13286.0,9.85
2025-07-17,2025-07-17T00:00:00+09:00,ROASTED-GT,19888.0,0.0,864.0,19024.0,21.16
2025-07-18,2025-07-18T00:00:00+09:00,ROASTED-BR,36480.0,0.0,6170.0,30310.0,5.64
2025-07-18,2025-07-18T00:00:00+09:00,ROASTED-CO,26480.0,0.0,6170.0,20310.0,3.78
2025-07-18,2025-07-18T00:00:00+09:00,ROASTED-ET,13286.0,0.0,1467.0,11819.0,8.78
2025-07-18,2025-07-18T00:00:00+09:00,ROASTED-GT,19024.0,0.0,978.0,18046.0,20.12
2025-07-19,2025-07-19T00:00:00+09:00,ROASTED-BR,30310.0,15000.0,5810.0,39500.0,7.41
2025-07-19,2025-07-19T00:00:00+09:00,ROASTED-CO,20310.0,15000.0,5810.0,29500.0,5.54
2025-07-19,2025-07-19T00:00:00+09:00,ROASTED-ET,11819.0,4000.0,1602.0,14217.0,10.59
2025-07-19,2025-07-19T00:00:00+09:00,ROASTED-GT,18046.0,2500.0,1068.0,19478.0,21.77
2025-07-20,2025-07-20T00:00:00+09:00,ROASTED-BR,39500.0,0.0,4710.0,34790.0,6.64
2025-07-20,2025-07-20T00:00:00+09:00,ROASTED-CO,29500.0,0.0,4710.0,24790.0,4.73
2025-07-20,2025-07-20T00:00:00+09:00,ROASTED-ET,14217.0,0.0,1143.0,13074.0,9.78
2025-07-20,2025-07-20T00:00:00+09:00,ROASTED-GT,19478.0,0.0,762.0,18716.0,21.01
2025-07-21,2025-07-21T00:00:00+09:00,ROASTED-BR,34790.0,0.0,4850.0,29940.0,5.73
2025-07-21,2025-07-21T00:00:00+09:00,ROASTED-CO,24790.0,0.0,4850.0,19940.0,3.82
2025-07-21,2025-07-21T00:00:00+09:00,ROASTED-ET,13074.0,0.0,1188.0,11886.0,8.88
2025-07-21,2025-07-21T00:00:00+09:00,ROASTED-GT,18716.0,0.0,792.0,17924.0,20.09
2025-07-22,2025-07-22T00:00:00+09:00,ROASTED-BR,29940.0,13500.0,3370.0,40070.0,7.78
2025-07-22,2025-07-22T00:00:00+09:00,ROASTED-CO,19940.0,13500.0,3370.0,30070.0,5.84
2025-07-22,2025-07-22T00:00:00+09:00,ROASTED-ET,11886.0,3500.0,1134.0,14252.0,10.65
2025-07-22,2025-07-22T00:00:00+09:00,ROASTED-GT,17924.0,2000.0,756.0,19168.0,21.48
2025-07-23,2025-07-23T00:00:00+09:00,ROASTED-BR,40070.0,0.0,5130.0,34940.0,6.79
2025-07-23,2025-07-23T00:00:00+09:00,ROASTED-CO,30070.0,0.0,5130.0,24940.0,4.85
2025-07-23,2025-07-23T00:00:00+09:00,ROASTED-ET,14252.0,0.0,1206.0,13046.0,9.78
2025-07-23,2025-07-23T00:00:00+09:00,ROASTED-GT,19168.0,0.0,804.0,18364.0,20.66
2025-07-24,2025-07-24T00:00:00+09:00,ROASTED-BR,34940.0,0.0,4840.0,30100.0,5.87
2025-07-24,2025-07-24T00:00:00+09:00,ROASTED-CO,24940.0,0.0,4840.0,20100.0,3.92
2025-07-24,2025-07-24T00:00:00+09:00,ROASTED-ET,13046.0,0.0,981.0,12065.0,9.15
2025-07-24,2025-07-24T00:00:00+09:00,ROASTED-GT,18364.0,0.0,654.0,17710.0,20.14
2025-07-25,2025-07-25T00:00:00+09:00,ROASTED-BR,30100.0,17000.0,6030.0,41070.0,8.0
2025-07-25,2025-07-25T00:00:00+09:00,ROASTED-CO,20100.0,17000.0,6030.0,31070.0,6.05
2025-07-25,2025-07-25T00:00:00+09:00,ROASTED-ET,12065.0,4500.0,1440.0,15125.0,11.52
2025-07-25,2025-07-25T00:00:00+09:00,ROASTED-GT,17710.0,3000.0,960.0,19750.0,22.56
2025-07-26,2025-07-26T00:00:00+09:00,ROASTED-BR,41070.0,0.0,6410.0,34660.0,6.76
2025-07-26,2025-07-26T00:00:00+09:00,ROASTED-CO,31070.0,0.0,6410.0,24660.0,4.81
2025-07-26,2025-07-26T00:00:00+09:00,ROASTED-ET,15125.0,0.0,1683.0,13442.0,10.24
2025-07-26,2025-07-26T00:00:00+09:00,ROASTED-GT,19750.0,0.0,1122.0,18628.0,21.29
2025-07-27,2025-07-27T00:00:00+09:00,ROASTED-BR,34660.0,0.0,4560.0,30100.0,5.88
2025-07-27,2025-07-27T00:00:00+09:00,ROASTED-CO,24660.0,0.0,4560.0,20100.0,3.92
2025-07-27,2025-07-27T00:00:00+09:00,ROASTED-ET,13442.0,0.0,1494.0,11948.0,9.07
2025-07-27,2025-07-27T00:00:00+09:00,ROASTED-GT,18628.0,0.0,996.0,17632.0,20.08
2025-07-28,2025-07-28T00:00:00+09:00,ROASTED-BR,30100.0,16500.0,6010.0,40590.0,7.88
2025-07-28,2025-07-28T00:00:00+09:00,ROASTED-CO,20100.0,16500.0,6010.0,30590.0,5.94
2025-07-28,2025-07-28T00:00:00+09:00,ROASTED-ET,11948.0,3500.0,1170.0,14278.0,10.82
2025-07-28,2025-07-28T00:00:00+09:00,ROASTED-GT,17632.0,2500.0,780.0,19352.0,22.0
2025-07-29,2025-07-29T00:00:00+09:00,ROASTED-BR,40590.0,0.0,5400.0,35190.0,6.76
2025-07-29,2025-07-29T00:00:00+09:00,ROASTED-CO,30590.0,0.0,5400.0,25190.0,4.84
2025-07-29,2025-07-29T00:00:00+09:00,ROASTED-ET,14278.0,0.0,1152.0,13126.0,9.95
2025-07-29,2025-07-29T00:00:00+09:00,ROASTED-GT,19352.0,0.0,768.0,18584.0,21.13
2025-07-30,2025-07-30T00:00:00+09:00,ROASTED-BR,35190.0,0.0,4870.0,30320.0,5.82
2025-07-30,2025-07-30T00:00:00+09:00,ROASTED-CO,25190.0,0.0,4870.0,20320.0,3.9
2025-07-30,2025-07-30T00:00:00+09:00,ROASTED-ET,13126.0,0.0,1296.0,11830.0,8.94
2025-07-30,2025-07-30T00:00:00+09:00,ROASTED-GT,18584.0,0.0,864.0,17720.0,20.09
2025-07-31,2025-07-31T00:00:00+09:00,ROASTED-BR,30320.0,19000.0,6150.0,43170.0,8.22
2025-07-31,2025-07-31T00:00:00+09:00,ROASTED-CO,20320.0,19000.0,6150.0,33170.0,6.32
2025-07-31,2025-07-31T00:00:00+09:00,ROASTED-ET,11830.0,4500.0,1422.0,14908.0,11.23
2025-07-31,2025-07-31T00:00:00+09:00,ROASTED-GT,17720.0,3000.0,948.0,19772.0,22.35
2025-08-01,2025-08-01T00:00:00+09:00,ROASTED-BR,43170.0,0.0,6040.0,37130.0,7.04
2025-08-01,2025-08-01T00:00:00+09:00,ROASTED-CO,33170.0,0.0,6040.0,27130.0,5.15
2025-08-01,2025-08-01T00:00:00+09:00,ROASTED-ET,14908.0,0.0,1296.0,13612.0,10.36
2025-08-01,2025-08-01T00:00:00+09:00,ROASTED-GT,19772.0,0.0,864.0,18908.0,21.58
2025-08-02,2025-08-02T00:00:00+09:00,ROASTED-BR,37130.0,0.0,7150.0,29980.0,5.66
2025-08-02,2025-08-02T00:00:00+09:00,ROASTED-CO,27130.0,0.0,7150.0,19980.0,3.77
2025-08-02,2025-08-02T00:00:00+09:00,ROASTED-ET,13612.0,0.0,1638.0,11974.0,9.1
2025-08-02,2025-08-02T00:00:00+09:00,ROASTED-GT,18908.0,0.0,1092.0,17816.0,20.31
2025-08-03,2025-08-03T00:00:00+09:00,ROASTED-BR,29980.0,15000.0,5280.0,39700.0,7.52
2025-08-03,2025-08-03T00:00:00+09:00,ROASTED-CO,19980.0,15000.0,5280.0,29700.0,5.63
2025-08-03,2025-08-03T00:00:00+09:00,ROASTED-ET,11974.0,4000.0,1386.0,14588.0,11.06
2025-08-03,2025-08-03T00:00:00+09:00,ROASTED-GT,17816.0,2500.0,924.0,19392.0,22.05
2025-08-04,2025-08-04T00:00:00+09:00,ROASTED-BR,39700.0,0.0,3710.0,35990.0,6.85
2025-08-04,2025-08-04T00:00:00+09:00,ROASTED-CO,29700.0,0.0,3710.0,25990.0,4.95
2025-08-04,2025-08-04T00:00:00+09:00,ROASTED-ET,14588.0,0.0,1224.0,13364.0,10.13
2025-08-04,2025-08-04T00:00:00+09:00,ROASTED-GT,19392.0,0.0,816.0,18576.0,21.13
2025-08-05,2025-08-05T00:00:00+09:00,ROASTED-BR,35990.0,0.0,5580.0,30410.0,5.73
2025-08-05,2025-08-05T00:00:00+09:00,ROASTED-CO,25990.0,0.0,5580.0,20410.0,3.85
2025-08-05,2025-08-05T00:00:00+09:00,ROASTED-ET,13364.0,0.0,1062.0,12302.0,9.33
2025-08-05,2025-08-05T00:00:00+09:00,ROASTED-GT,18576.0,0.0,708.0,17868.0,20.33
2025-08-06,2025-08-06T00:00:00+09:00,ROASTED-BR,30410.0,15500.0,5240.0,40670.0,7.7
2025-08-06,2025-08-06T00:00:00+09:00,ROASTED-CO,20410.0,15500.0,5240.0,30670.0,5.81
2025-08-06,2025-08-06T00:00:00+09:00,ROASTED-ET,12302.0,4000.0,1485.0,14817.0,11.15
2025-08-06,2025-08-06T00:00:00+09:00,ROASTED-GT,17868.0,3000.0,990.0,19878.0,22.44
2025-08-07,2025-08-07T00:00:00+09:00,ROASTED-BR,40670.0,0.0,5140.0,35530.0,6.69
2025-08-07,2025-08-07T00:00:00+09:00,ROASTED-CO,30670.0,0.0,5140.0,25530.0,4.81
2025-08-07,2025-08-07T00:00:00+09:00,ROASTED-ET,14817.0,0.0,1170.0,13647.0,10.29
2025-08-07,2025-08-07T00:00:00+09:00,ROASTED-GT,19878.0,0.0,780.0,19098.0,21.6
2025-08-08,2025-08-08T00:00:00+09:00,ROASTED-BR,35530.0,0.0,5420.0,30110.0,5.73
2025-08-08,2025-08-08T00:00:00+09:00,ROASTED-CO,25530.0,0.0,5420.0,20110.0,3.83
2025-08-08,2025-08-08T00:00:00+09:00,ROASTED-ET,13647.0,0.0,1620.0,12027.0,9.06
2025-08-08,2025-08-08T00:00:00+09:00,ROASTED-GT,19098.0,0.0,1080.0,18018.0,20.37
2025-08-09,2025-08-09T00:00:00+09:00,ROASTED-BR,30110.0,19500.0,6920.0,42690.0,7.96
2025-08-09,2025-08-09T00:00:00+09:00,ROASTED-CO,20110.0,19500.0,6920.0,32690.0,6.1
2025-08-09,2025-08-09T00:00:00+09:00,ROASTED-ET,12027.0,4500.0,1494.0,15033.0,11.33
2025-08-09,2025-08-09T00:00:00+09:00,ROASTED-GT,18018.0,3000.0,996.0,20022.0,22.63
2025-08-10,2025-08-10T00:00:00+09:00,ROASTED-BR,42690.0,0.0,6580.0,36110.0,6.64
2025-08-10,2025-08-10T00:00:00+09:00,ROASTED-CO,32690.0,0.0,6580.0,26110.0,4.8
2025-08-10,2025-08-10T00:00:00+09:00,ROASTED-ET,15033.0,0.0,1494.0,13539.0,10.16
2025-08-10,2025-08-10T00:00:00+09:00,ROASTED-GT,20022.0,0.0,996.0,19026.0,21.43
2025-08-11,2025-08-11T00:00:00+09:00,ROASTED-BR,36110.0,0.0,6090.0,30020.0,5.49
2025-08-11,2025-08-11T00:00:00+09:00,ROASTED-CO,26110.0,0.0,6090.0,20020.0,3.66
2025-08-11,2025-08-11T00:00:00+09:00,ROASTED-ET,13539.0,0.0,1458.0,12081.0,9.03
2025-08-11,2025-08-11T00:00:00+09:00,ROASTED-GT,19026.0,0.0,972.0,18054.0,20.25
2025-08-12,2025-08-12T00:00:00+09:00,ROASTED-BR,30020.0,14500.0,3850.0,40670.0,7.52
2025-08-12,2025-08-12T00:00:00+09:00,ROASTED-CO,20020.0,14500.0,3850.0,30670.0,5.67
2025-08-12,2025-08-12T00:00:00+09:00,ROASTED-ET,12081.0,4000.0,1305.0,14776.0,11.04
2025-08-12,2025-08-12T00:00:00+09:00,ROASTED-GT,18054.0,2500.0,870.0,19684.0,22.07
2025-08-13,2025-08-13T00:00:00+09:00,ROASTED-BR,40670.0,0.0,5530.0,35140.0,6.44
2025-08-13,2025-08-13T00:00:00+09:00,ROASTED-CO,30670.0,0.0,5530.0,25140.0,4.61
2025-08-13,2025-08-13T00:00:00+09:00,ROASTED-ET,14776.0,0.0,1395.0,13381.0,9.94
2025-08-13,2025-08-13T00:00:00+09:00,ROASTED-GT,19684.0,0.0,930.0,18754.0,20.89
2025-08-14,2025-08-14T00:00:00+09:00,ROASTED-BR,35140.0,0.0,4780.0,30360.0,5.61
2025-08-14,2025-08-14T00:00:00+09:00,ROASTED-CO,25140.0,0.0,4780.0,20360.0,3.76
2025-08-14,2025-08-14T00:00:00+09:00,ROASTED-ET,13381.0,0.0,1269.0,12112.0,9.0
2025-08-14,2025-08-14T00:00:00+09:00,ROASTED-GT,18754.0,0.0,846.0,17908.0,19.96
2025-08-15,2025-08-15T00:00:00+09:00,ROASTED-BR,30360.0,19500.0,6650.0,43210.0,7.95
2025-08-15,2025-08-15T00:00:00+09:00,ROASTED-CO,20360.0,19500.0,6650.0,33210.0,6.11
2025-08-15,2025-08-15T00:00:00+09:00,ROASTED-ET,12112.0,4500.0,1647.0,14965.0,11.07
2025-08-15,2025-08-15T00:00:00+09:00,ROASTED-GT,17908.0,3000.0,1098.0,19810.0,21.98
2025-08-16,2025-08-16T00:00:00+09:00,ROASTED-BR,43210.0,0.0,7060.0,36150.0,6.6
2025-08-16,2025-08-16T00:00:00+09:00,ROASTED-CO,33210.0,0.0,7060.0,26150.0,4.77
2025-08-16,2025-08-16T00:00:00+09:00,ROASTED-ET,14965.0,0.0,1602.0,13363.0,9.88
2025-08-16,2025-08-16T00:00:00+09:00,ROASTED-GT,19810.0,0.0,1068.0,18742.0,20.79
2025-08-17,2025-08-17T00:00:00+09:00,ROASTED-BR,36150.0,0.0,5820.0,30330.0,5.5
2025-08-17,2025-08-17T00:00:00+09:00,ROASTED-CO,26150.0,0.0,5820.0,20330.0,3.69
2025-08-17,2025-08-17T00:00:00+09:00,ROASTED-ET,13363.0,0.0,1296.0,12067.0,8.89
2025-08-17,2025-08-17T00:00:00+09:00,ROASTED-GT,18742.0,0.0,864.0,17878.0,19.76
2025-08-18,2025-08-18T00:00:00+09:00,ROASTED-BR,30330.0,14500.0,4660.0,40170.0,7.29
2025-08-18,2025-08-18T00:00:00+09:00,ROASTED-CO,20330.0,14500.0,4660.0,30170.0,5.48
2025-08-18,2025-08-18T00:00:00+09:00,ROASTED-ET,12067.0,3500.0,1125.0,14442.0,10.66
2025-08-18,2025-08-18T00:00:00+09:00,ROASTED-GT,17878.0,2500.0,750.0,19628.0,21.73
2025-08-19,2025-08-19T00:00:00+09:00,ROASTED-BR,40170.0,0.0,5160.0,35010.0,6.28
2025-08-19,2025-08-19T00:00:00+09:00,ROASTED-CO,30170.0,0.0,5160.0,25010.0,4.49
2025-08-19,2025-08-19T00:00:00+09:00,ROASTED-ET,14442.0,0.0,1242.0,13200.0,9.71
2025-08-19,2025-08-19T00:00:00+09:00,ROASTED-GT,19628.0,0.0,828.0,18800.0,20.75
2025-08-20,2025-08-20T00:00:00+09:00,ROASTED-BR,35010.0,0.0,4610.0,30400.0,5.47
2025-08-20,2025-08-20T00:00:00+09:00,ROASTED-CO,25010.0,0.0,4610.0,20400.0,3.67
2025-08-20,2025-08-20T00:00:00+09:00,ROASTED-ET,13200.0,0.0,1296.0,11904.0,8.74
2025-08-20,2025-08-20T00:00:00+09:00,ROASTED-GT,18800.0,0.0,864.0,17936.0,19.75
2025-08-21,2025-08-21T00:00:00+09:00,ROASTED-BR,30400.0,17500.0,5320.0,42580.0,7.64
2025-08-21,2025-08-21T00:00:00+09:00,ROASTED-CO,20400.0,17500.0,5320.0,32580.0,5.85
2025-08-21,2025-08-21T00:00:00+09:00,ROASTED-ET,11904.0,5000.0,1332.0,15572.0,11.33
2025-08-21,2025-08-21T00:00:00+09:00,ROASTED-GT,17936.0,3000.0,888.0,20048.0,21.87
2025-08-22,2025-08-22T00:00:00+09:00,ROASTED-BR,42580.0,0.0,5600.0,36980.0,6.65
2025-08-22,2025-08-22T00:00:00+09:00,ROASTED-CO,32580.0,0.0,5600.0,26980.0,4.86
2025-08-22,2025-08-22T00:00:00+09:00,ROASTED-ET,15572.0,0.0,1584.0,13988.0,10.14
2025-08-22,2025-08-22T00:00:00+09:00,ROASTED-GT,20048.0,0.0,1056.0,18992.0,20.65
2025-08-23,2025-08-23T00:00:00+09:00,ROASTED-BR,36980.0,0.0,7010.0,29970.0,5.37
2025-08-23,2025-08-23T00:00:00+09:00,ROASTED-CO,26980.0,0.0,7010.0,19970.0,3.58
2025-08-23,2025-08-23T00:00:00+09:00,ROASTED-ET,13988.0,0.0,1683.0,12305.0,8.92
2025-08-23,2025-08-23T00:00:00+09:00,ROASTED-GT,18992.0,0.0,1122.0,17870.0,19.43
2025-08-24,2025-08-24T00:00:00+09:00,ROASTED-BR,29970.0,16000.0,6020.0,39950.0,7.1
2025-08-24,2025-08-24T00:00:00+09:00,ROASTED-CO,19970.0,16000.0,6020.0,29950.0,5.32
2025-08-24,2025-08-24T00:00:00+09:00,ROASTED-ET,12305.0,4000.0,1458.0,14847.0,10.77
2025-08-24,2025-08-24T00:00:00+09:00,ROASTED-GT,17870.0,2500.0,972.0,19398.0,21.11
2025-08-25,2025-08-25T00:00:00+09:00,ROASTED-BR,39950.0,0.0,4950.0,35000.0,6.26
2025-08-25,2025-08-25T00:00:00+09:00,ROASTED-CO,29950.0,0.0,4950.0,25000.0,4.47
2025-08-25,2025-08-25T00:00:00+09:00,ROASTED-ET,14847.0,0.0,1278.0,13569.0,9.82
2025-08-25,2025-08-25T00:00:00+09:00,ROASTED-GT,19398.0,0.0,852.0,18546.0,20.12
2025-08-26,2025-08-26T00:00:00+09:00,ROASTED-BR,35000.0,0.0,4840.0,30160.0,5.41
2025-08-26,2025-08-26T00:00:00+09:00,ROASTED-CO,25000.0,0.0,4840.0,20160.0,3.62
2025-08-26,2025-08-26T00:00:00+09:00,ROASTED-ET,13569.0,0.0,1323.0,12246.0,8.82
2025-08-26,2025-08-26T00:00:00+09:00,ROASTED-GT,18546.0,0.0,882.0,17664.0,19.08
2025-08-27,2025-08-27T00:00:00+09:00,ROASTED-BR,30160.0,15500.0,4390.0,41270.0,7.43
2025-08-27,2025-08-27T00:00:00+09:00,ROASTED-CO,20160.0,15500.0,4390.0,31270.0,5.63
2025-08-27,2025-08-27T00:00:00+09:00,ROASTED-ET,12246.0,4000.0,1260.0,14986.0,10.8
2025-08-27,2025-08-27T00:00:00+09:00,ROASTED-GT,17664.0,3000.0,840.0,19824.0,21.43
2025-08-28,2025-08-28T00:00:00+09:00,ROASTED-BR,41270.0,0.0,5480.0,35790.0,6.47
2025-08-28,2025-08-28T00:00:00+09:00,ROASTED-CO,31270.0,0.0,5480.0,25790.0,4.66
2025-08-28,2025-08-28T00:00:00+09:00,ROASTED-ET,14986.0,0.0,1458.0,13528.0,9.74
2025-08-28,2025-08-28T00:00:00+09:00,ROASTED-GT,19824.0,0.0,972.0,18852.0,20.36
2025-08-29,2025-08-29T00:00:00+09:00,ROASTED-BR,35790.0,0.0,5560.0,30230.0,5.48
2025-08-29,2025-08-29T00:00:00+09:00,ROASTED-CO,25790.0,0.0,5560.0,20230.0,3.67
2025-08-29,2025-08-29T00:00:00+09:00,ROASTED-ET,13528.0,0.0,1530.0,11998.0,8.59
2025-08-29,2025-08-29T00:00:00+09:00,ROASTED-GT,18852.0,0.0,1020.0,17832.0,19.15
2025-08-30,2025-08-30T00:00:00+09:00,ROASTED-BR,30230.0,19000.0,7090.0,42140.0,7.64
2025-08-30,2025-08-30T00:00:00+09:00,ROASTED-CO,20230.0,19000.0,7090.0,32140.0,5.83
2025-08-30,2025-08-30T00:00:00+09:00,ROASTED-ET,11998.0,4500.0,1683.0,14815.0,10.59
2025-08-30,2025-08-30T00:00:00+09:00,ROASTED-GT,17832.0,3000.0,1122.0,19710.0,21.14
2025-08-31,2025-08-31T00:00:00+09:00,ROASTED-BR,42140.0,0.0,6500.0,35640.0,6.42
2025-08-31,2025-08-31T00:00:00+09:00,ROASTED-CO,32140.0,0.0,6500.0,25640.0,4.62
2025-08-31,2025-08-31T00:00:00+09:00,ROASTED-ET,14815.0,0.0,1422.0,13393.0,9.57
2025-08-31,2025-08-31T00:00:00+09:00,ROASTED-GT,19710.0,0.0,948.0,18762.0,20.1
2025-09-01,2025-09-01T00:00:00+09:00,ROASTED-BR,35640.0,0.0,5460.0,30180.0,5.37
2025-09-01,2025-09-01T00:00:00+09:00,ROASTED-CO,25640.0,0.0,5460.0,20180.0,3.59
2025-09-01,2025-09-01T00:00:00+09:00,ROASTED-ET,13393.0,0.0,1377.0,12016.0,8.55
2025-09-01,2025-09-01T00:00:00+09:00,ROASTED-GT,18762.0,0.0,918.0,17844.0,19.05
2025-09-02,2025-09-02T00:00:00+09:00,ROASTED-BR,30180.0,15000.0,4890.0,40290.0,7.2
2025-09-02,2025-09-02T00:00:00+09:00,ROASTED-CO,20180.0,15000.0,4890.0,30290.0,5.42
2025-09-02,2025-09-02T00:00:00+09:00,ROASTED-ET,12016.0,4500.0,1251.0,15265.0,10.81
2025-09-02,2025-09-02T00:00:00+09:00,ROASTED-GT,17844.0,3000.0,834.0,20010.0,21.26
2025-09-03,2025-09-03T00:00:00+09:00,ROASTED-BR,40290.0,0.0,4360.0,35930.0,6.46
2025-09-03,2025-09-03T00:00:00+09:00,ROASTED-CO,30290.0,0.0,4360.0,25930.0,4.66
2025-09-03,2025-09-03T00:00:00+09:00,ROASTED-ET,15265.0,0.0,1449.0,13816.0,9.79
2025-09-03,2025-09-03T00:00:00+09:00,ROASTED-GT,20010.0,0.0,966.0,19044.0,20.25
2025-09-04,2025-09-04T00:00:00+09:00,ROASTED-BR,35930.0,0.0,5760.0,30170.0,5.4
2025-09-04,2025-09-04T00:00:00+09:00,ROASTED-CO,25930.0,0.0,5760.0,20170.0,3.61
2025-09-04,2025-09-04T00:00:00+09:00,ROASTED-ET,13816.0,0.0,1548.0,12268.0,8.61
2025-09-04,2025-09-04T00:00:00+09:00,ROASTED-GT,19044.0,0.0,1032.0,18012.0,18.97
2025-09-05,2025-09-05T00:00:00+09:00,ROASTED-BR,30170.0,18500.0,6690.0,41980.0,7.46
2025-09-05,2025-09-05T00:00:00+09:00,ROASTED-CO,20170.0,18500.0,6690.0,31980.0,5.68
2025-09-05,2025-09-05T00:00:00+09:00,ROASTED-ET,12268.0,4500.0,1458.0,15310.0,10.79
2025-09-05,2025-09-05T00:00:00+09:00,ROASTED-GT,18012.0,3000.0,972.0,20040.0,21.19
2025-09-06,2025-09-06T00:00:00+09:00,ROASTED-BR,41980.0,0.0,6740.0,35240.0,6.27
2025-09-06,2025-09-06T00:00:00+09:00,ROASTED-CO,31980.0,0.0,6740.0,25240.0,4.49
2025-09-06,2025-09-06T00:00:00+09:00,ROASTED-ET,15310.0,0.0,1773.0,13537.0,9.48
2025-09-06,2025-09-06T00:00:00+09:00,ROASTED-GT,20040.0,0.0,1182.0,18858.0,19.8
2025-09-07,2025-09-07T00:00:00+09:00,ROASTED-BR,35240.0,0.0,4990.0,30250.0,5.43
2025-09-07,2025-09-07T00:00:00+09:00,ROASTED-CO,25240.0,0.0,4990.0,20250.0,3.64
2025-09-07,2025-09-07T00:00:00+09:00,ROASTED-ET,13537.0,0.0,1386.0,12151.0,8.53
2025-09-07,2025-09-07T00:00:00+09:00,ROASTED-GT,18858.0,0.0,924.0,17934.0,18.88
2025-09-08,2025-09-08T00:00:00+09:00,ROASTED-BR,30250.0,15000.0,5840.0,39410.0,7.09
2025-09-08,2025-09-08T00:00:00+09:00,ROASTED-CO,20250.0,15000.0,5840.0,29410.0,5.29
2025-09-08,2025-09-08T00:00:00+09:00,ROASTED-ET,12151.0,3500.0,1395.0,14256.0,10.02
2025-09-08,2025-09-08T00:00:00+09:00,ROASTED-GT,17934.0,2500.0,930.0,19504.0,20.57
2025-09-09,2025-09-09T00:00:00+09:00,ROASTED-BR,39410.0,0.0,4710.0,34700.0,6.21
2025-09-09,2025-09-09T00:00:00+09:00,ROASTED-CO,29410.0,0.0,4710.0,24700.0,4.42
2025-09-09,2025-09-09T00:00:00+09:00,ROASTED-ET,14256.0,0.0,1233.0,13023.0,9.17
2025-09-09,2025-09-09T00:00:00+09:00,ROASTED-GT,19504.0,0.0,822.0,18682.0,19.74
2025-09-10,2025-09-10T00:00:00+09:00,ROASTED-BR,34700.0,0.0,4550.0,30150.0,5.43
2025-09-10,2025-09-10T00:00:00+09:00,ROASTED-CO,24700.0,0.0,4550.0,20150.0,3.63
2025-09-10,2025-09-10T00:00:00+09:00,ROASTED-ET,13023.0,0.0,1170.0,11853.0,8.4
2025-09-10,2025-09-10T00:00:00+09:00,ROASTED-GT,18682.0,0.0,780.0,17902.0,19.02
2025-09-11,2025-09-11T00:00:00+09:00,ROASTED-BR,30150.0,15000.0,3890.0,41260.0,7.47
2025-09-11,2025-09-11T00:00:00+09:00,ROASTED-CO,20150.0,15000.0,3890.0,31260.0,5.66
2025-09-11,2025-09-11T00:00:00+09:00,ROASTED-ET,11853.0,5000.0,1458.0,15395.0,10.85
2025-09-11,2025-09-11T00:00:00+09:00,ROASTED-GT,17902.0,3000.0,972.0,19930.0,21.08
2025-09-12,2025-09-12T00:00:00+09:00,ROASTED-BR,41260.0,0.0,5950.0,35310.0,6.42
2025-09-12,2025-09-12T00:00:00+09:00,ROASTED-CO,31260.0,0.0,5950.0,25310.0,4.6
2025-09-12,2025-09-12T00:00:00+09:00,ROASTED-ET,15395.0,0.0,1548.0,13847.0,9.79
2025-09-12,2025-09-12T00:00:00+09:00,ROASTED-GT,19930.0,0.0,1032.0,18898.0,20.03
2025-09-13,2025-09-13T00:00:00+09:00,ROASTED-BR,35310.0,0.0,4940.0,30370.0,5.6
2025-09-13,2025-09-13T00:00:00+09:00,ROASTED-CO,25310.0,0.0,4940.0,20370.0,3.76
2025-09-13,2025-09-13T00:00:00+09:00,ROASTED-ET,13847.0,0.0,1764.0,12083.0,8.5
2025-09-13,2025-09-13T00:00:00+09:00,ROASTED-GT,18898.0,0.0,1176.0,17722.0,18.71
2025-09-14,2025-09-14T00:00:00+09:00,ROASTED-BR,30370.0,16500.0,6140.0,40730.0,7.5
2025-09-14,2025-09-14T00:00:00+09:00,ROASTED-CO,20370.0,16500.0,6140.0,30730.0,5.66
2025-09-14,2025-09-14T00:00:00+09:00,ROASTED-ET,12083.0,4500.0,1557.0,15026.0,10.51
2025-09-14,2025-09-14T00:00:00+09:00,ROASTED-GT,17722.0,3500.0,1038.0,20184.0,21.17
2025-09-15,2025-09-15T00:00:00+09:00,ROASTED-BR,40730.0,0.0,5800.0,34930.0,6.38
2025-09-15,2025-09-15T00:00:00+09:00,ROASTED-CO,30730.0,0.0,5800.0,24930.0,4.56
2025-09-15,2025-09-15T00:00:00+09:00,ROASTED-ET,15026.0,0.0,1737.0,13289.0,9.15
2025-09-15,2025-09-15T00:00:00+09:00,ROASTED-GT,20184.0,0.0,1158.0,19026.0,19.66
2025-09-16,2025-09-16T00:00:00+09:00,ROASTED-BR,34930.0,0.0,4570.0,30360.0,5.57
2025-09-16,2025-09-16T00:00:00+09:00,ROASTED-CO,24930.0,0.0,4570.0,20360.0,3.73
2025-09-16,2025-09-16T00:00:00+09:00,ROASTED-ET,13289.0,0.0,1413.0,11876.0,8.15
2025-09-16,2025-09-16T00:00:00+09:00,ROASTED-GT,19026.0,0.0,942.0,18084.0,18.6
2025-09-17,2025-09-17T00:00:00+09:00,ROASTED-BR,30360.0,16000.0,4550.0,41810.0,7.67
2025-09-17,2025-09-17T00:00:00+09:00,ROASTED-CO,20360.0,16000.0,4550.0,31810.0,5.84
2025-09-17,2025-09-17T00:00:00+09:00,ROASTED-ET,11876.0,4500.0,1224.0,15152.0,10.41
2025-09-17,2025-09-17T00:00:00+09:00,ROASTED-GT,18084.0,2500.0,816.0,19768.0,20.37
2025-09-18,2025-09-18T00:00:00+09:00,ROASTED-BR,41810.0,0.0,5690.0,36120.0,6.61
2025-09-18,2025-09-18T00:00:00+09:00,ROASTED-CO,31810.0,0.0,5690.0,26120.0,4.78
2025-09-18,2025-09-18T00:00:00+09:00,ROASTED-ET,15152.0,0.0,1395.0,13757.0,9.44
2025-09-18,2025-09-18T00:00:00+09:00,ROASTED-GT,19768.0,0.0,930.0,18838.0,19.38
2025-09-19,2025-09-19T00:00:00+09:00,ROASTED-BR,36120.0,0.0,5970.0,30150.0,5.51
2025-09-19,2025-09-19T00:00:00+09:00,ROASTED-CO,26120.0,0.0,5970.0,20150.0,3.68
2025-09-19,2025-09-19T00:00:00+09:00,ROASTED-ET,13757.0,0.0,1575.0,12182.0,8.36
2025-09-19,2025-09-19T00:00:00+09:00,ROASTED-GT,18838.0,0.0,1050.0,17788.0,18.31
2025-09-20,2025-09-20T00:00:00+09:00,ROASTED-BR,30150.0,18000.0,7820.0,40330.0,7.33
2025-09-20,2025-09-20T00:00:00+09:00,ROASTED-CO,20150.0,18000.0,7820.0,30330.0,5.51
2025-09-20,2025-09-20T00:00:00+09:00,ROASTED-ET,12182.0,5500.0,2502.0,15180.0,10.21
2025-09-20,2025-09-20T00:00:00+09:00,ROASTED-GT,17788.0,4000.0,1668.0,20120.0,20.3
2025-09-21,2025-09-21T00:00:00+09:00,ROASTED-BR,40330.0,0.0,5700.0,34630.0,6.3
2025-09-21,2025-09-21T00:00:00+09:00,ROASTED-CO,30330.0,0.0,5700.0,24630.0,4.48
2025-09-21,2025-09-21T00:00:00+09:00,ROASTED-ET,15180.0,0.0,1593.0,13587.0,9.11
2025-09-21,2025-09-21T00:00:00+09:00,ROASTED-GT,20120.0,0.0,1062.0,19058.0,19.17
2025-09-22,2025-09-22T00:00:00+09:00,ROASTED-BR,34630.0,0.0,4490.0,30140.0,5.5
2025-09-22,2025-09-22T00:00:00+09:00,ROASTED-CO,24630.0,0.0,4490.0,20140.0,3.68
2025-09-22,2025-09-22T00:00:00+09:00,ROASTED-ET,13587.0,0.0,1521.0,12066.0,8.04
2025-09-22,2025-09-22T00:00:00+09:00,ROASTED-GT,19058.0,0.0,1014.0,18044.0,18.04
2025-09-23,2025-09-23T00:00:00+09:00,ROASTED-BR,30140.0,16500.0,5950.0,40690.0,7.38
2025-09-23,2025-09-23T00:00:00+09:00,ROASTED-CO,20140.0,16500.0,5950.0,30690.0,5.56
2025-09-23,2025-09-23T00:00:00+09:00,ROASTED-ET,12066.0,4500.0,1800.0,14766.0,9.73
2025-09-23,2025-09-23T00:00:00+09:00,ROASTED-GT,18044.0,3000.0,1200.0,19844.0,19.62
2025-09-24,2025-09-24T00:00:00+09:00,ROASTED-BR,40690.0,0.0,5340.0,35350.0,6.37
2025-09-24,2025-09-24T00:00:00+09:00,ROASTED-CO,30690.0,0.0,5340.0,25350.0,4.57
2025-09-24,2025-09-24T00:00:00+09:00,ROASTED-ET,14766.0,0.0,1557.0,13209.0,8.65
2025-09-24,2025-09-24T00:00:00+09:00,ROASTED-GT,19844.0,0.0,1038.0,18806.0,18.46
2025-09-25,2025-09-25T00:00:00+09:00,ROASTED-BR,35350.0,0.0,5330.0,30020.0,5.41
2025-09-25,2025-09-25T00:00:00+09:00,ROASTED-CO,25350.0,0.0,5330.0,20020.0,3.61
2025-09-25,2025-09-25T00:00:00+09:00,ROASTED-ET,13209.0,0.0,1386.0,11823.0,7.75
2025-09-25,2025-09-25T00:00:00+09:00,ROASTED-GT,18806.0,0.0,924.0,17882.0,17.59
2025-09-26,2025-09-26T00:00:00+09:00,ROASTED-BR,30020.0,18000.0,5270.0,42750.0,7.72
2025-09-26,2025-09-26T00:00:00+09:00,ROASTED-CO,20020.0,18000.0,5270.0,32750.0,5.92
2025-09-26,2025-09-26T00:00:00+09:00,ROASTED-ET,11823.0,5500.0,1566.0,15757.0,10.32
2025-09-26,2025-09-26T00:00:00+09:00,ROASTED-GT,17882.0,3500.0,1044.0,20338.0,19.99
2025-09-27,2025-09-27T00:00:00+09:00,ROASTED-BR,42750.0,0.0,7000.0,35750.0,6.46
2025-09-27,2025-09-27T00:00:00+09:00,ROASTED-CO,32750.0,0.0,7000.0,25750.0,4.65
2025-09-27,2025-09-27T00:00:00+09:00,ROASTED-ET,15757.0,0.0,1962.0,13795.0,8.98
2025-09-27,2025-09-27T00:00:00+09:00,ROASTED-GT,20338.0,0.0,1308.0,19030.0,18.58
2025-09-28,2025-09-28T00:00:00+09:00,ROASTED-BR,35750.0,0.0,5390.0,30360.0,5.53
2025-09-28,2025-09-28T00:00:00+09:00,ROASTED-CO,25750.0,0.0,5390.0,20360.0,3.71
2025-09-28,2025-09-28T00:00:00+09:00,ROASTED-ET,13795.0,0.0,1701.0,12094.0,7.82
2025-09-28,2025-09-28T00:00:00+09:00,ROASTED-GT,19030.0,0.0,1134.0,17896.0,17.36
2025-09-29,2025-09-29T00:00:00+09:00,ROASTED-BR,30360.0,15000.0,3770.0,41590.0,7.66
2025-09-29,2025-09-29T00:00:00+09:00,ROASTED-CO,20360.0,15000.0,3770.0,31590.0,5.82
2025-09-29,2025-09-29T00:00:00+09:00,ROASTED-ET,12094.0,4500.0,1386.0,15208.0,9.83
2025-09-29,2025-09-29T00:00:00+09:00,ROASTED-GT,17896.0,3000.0,924.0,19972.0,19.37
2025-09-30,2025-09-30T00:00:00+09:00,ROASTED-BR,41590.0,0.0,5210.0,36380.0,6.68
2025-09-30,2025-09-30T00:00:00+09:00,ROASTED-CO,31590.0,0.0,5210.0,26380.0,4.85
2025-09-30,2025-09-30T00:00:00+09:00,ROASTED-ET,15208.0,0.0,1665.0,13543.0,8.67
2025-09-30,2025-09-30T00:00:00+09:00,ROASTED-GT,19972.0,0.0,1110.0,18862.0,18.12
2025-10-01,2025-10-01T00:00:00+09:00,ROASTED-BR,36380.0,0.0,6240.0,30140.0,5.47
2025-10-01,2025-10-01T00:00:00+09:00,ROASTED-CO,26380.0,0.0,6240.0,20140.0,3.65
2025-10-01,2025-10-01T00:00:00+09:00,ROASTED-ET,13543.0,0.0,1377.0,12166.0,7.8
2025-10-01,2025-10-01T00:00:00+09:00,ROASTED-GT,18862.0,0.0,918.0,17944.0,17.27
2025-10-02,2025-10-02T00:00:00+09:00,ROASTED-BR,30140.0,19000.0,5240.0,43900.0,7.99
2025-10-02,2025-10-02T00:00:00+09:00,ROASTED-CO,20140.0,19000.0,5240.0,33900.0,6.17
2025-10-02,2025-10-02T00:00:00+09:00,ROASTED-ET,12166.0,5000.0,1719.0,15447.0,9.87
2025-10-02,2025-10-02T00:00:00+09:00,ROASTED-GT,17944.0,3500.0,1146.0,20298.0,19.45
2025-10-03,2025-10-03T00:00:00+09:00,ROASTED-BR,43900.0,0.0,7550.0,36350.0,6.58
2025-10-03,2025-10-03T00:00:00+09:00,ROASTED-CO,33900.0,0.0,7550.0,26350.0,4.77
2025-10-03,2025-10-03T00:00:00+09:00,ROASTED-ET,15447.0,0.0,1737.0,13710.0,8.7
2025-10-03,2025-10-03T00:00:00+09:00,ROASTED-GT,20298.0,0.0,1158.0,19140.0,18.23
2025-10-04,2025-10-04T00:00:00+09:00,ROASTED-BR,36350.0,0.0,6240.0,30110.0,5.47
2025-10-04,2025-10-04T00:00:00+09:00,ROASTED-CO,26350.0,0.0,6240.0,20110.0,3.65
2025-10-04,2025-10-04T00:00:00+09:00,ROASTED-ET,13710.0,0.0,1674.0,12036.0,7.66
2025-10-04,2025-10-04T00:00:00+09:00,ROASTED-GT,19140.0,0.0,1116.0,18024.0,17.2
2025-10-05,2025-10-05T00:00:00+09:00,ROASTED-BR,30110.0,15500.0,6220.0,39390.0,7.1
2025-10-05,2025-10-05T00:00:00+09:00,ROASTED-CO,20110.0,15500.0,6220.0,29390.0,5.3
2025-10-05,2025-10-05T00:00:00+09:00,ROASTED-ET,12036.0,4500.0,1629.0,14907.0,9.43
2025-10-05,2025-10-05T00:00:00+09:00,ROASTED-GT,18024.0,3000.0,1086.0,19938.0,18.93
2025-10-06,2025-10-06T00:00:00+09:00,ROASTED-BR,39390.0,0.0,3710.0,35680.0,6.52
2025-10-06,2025-10-06T00:00:00+09:00,ROASTED-CO,29390.0,0.0,3710.0,25680.0,4.69
2025-10-06,2025-10-06T00:00:00+09:00,ROASTED-ET,14907.0,0.0,1413.0,13494.0,8.54
2025-10-06,2025-10-06T00:00:00+09:00,ROASTED-GT,19938.0,0.0,942.0,18996.0,18.03
2025-10-07,2025-10-07T00:00:00+09:00,ROASTED-BR,35680.0,0.0,5690.0,29990.0,5.45
2025-10-07,2025-10-07T00:00:00+09:00,ROASTED-CO,25680.0,0.0,5690.0,19990.0,3.63
2025-10-07,2025-10-07T00:00:00+09:00,ROASTED-ET,13494.0,0.0,1341.0,12153.0,7.67
2025-10-07,2025-10-07T00:00:00+09:00,ROASTED-GT,18996.0,0.0,894.0,18102.0,17.14
2025-10-08,2025-10-08T00:00:00+09:00,ROASTED-BR,29990.0,17500.0,5010.0,42480.0,7.69
2025-10-08,2025-10-08T00:00:00+09:00,ROASTED-CO,19990.0,17500.0,5010.0,32480.0,5.88
2025-10-08,2025-10-08T00:00:00+09:00,ROASTED-ET,12153.0,5000.0,1449.0,15704.0,9.85
2025-10-08,2025-10-08T00:00:00+09:00,ROASTED-GT,18102.0,3000.0,966.0,20136.0,18.94
2025-10-09,2025-10-09T00:00:00+09:00,ROASTED-BR,42480.0,0.0,5310.0,37170.0,6.67
2025-10-09,2025-10-09T00:00:00+09:00,ROASTED-CO,32480.0,0.0,5310.0,27170.0,4.87
2025-10-09,2025-10-09T00:00:00+09:00,ROASTED-ET,15704.0,0.0,1647.0,14057.0,8.78
2025-10-09,2025-10-09T00:00:00+09:00,ROASTED-GT,20136.0,0.0,1098.0,19038.0,17.83
2025-10-10,2025-10-10T00:00:00+09:00,ROASTED-BR,37170.0,0.0,7200.0,29970.0,5.33
2025-10-10,2025-10-10T00:00:00+09:00,ROASTED-CO,27170.0,0.0,7200.0,19970.0,3.55
2025-10-10,2025-10-10T00:00:00+09:00,ROASTED-ET,14057.0,0.0,2043.0,12014.0,7.42
2025-10-10,2025-10-10T00:00:00+09:00,ROASTED-GT,19038.0,0.0,1362.0,17676.0,16.38
2025-10-11,2025-10-11T00:00:00+09:00,ROASTED-BR,29970.0,19000.0,7220.0,41750.0,7.32
2025-10-11,2025-10-11T00:00:00+09:00,ROASTED-CO,19970.0,19000.0,7220.0,31750.0,5.57
2025-10-11,2025-10-11T00:00:00+09:00,ROASTED-ET,12014.0,6000.0,2241.0,15773.0,9.64
2025-10-11,2025-10-11T00:00:00+09:00,ROASTED-GT,17676.0,4000.0,1494.0,20182.0,18.5
2025-10-12,2025-10-12T00:00:00+09:00,ROASTED-BR,41750.0,0.0,4960.0,36790.0,6.5
2025-10-12,2025-10-12T00:00:00+09:00,ROASTED-CO,31750.0,0.0,4960.0,26790.0,4.73
2025-10-12,2025-10-12T00:00:00+09:00,ROASTED-ET,15773.0,0.0,1881.0,13892.0,8.43
2025-10-12,2025-10-12T00:00:00+09:00,ROASTED-GT,20182.0,0.0,1254.0,18928.0,17.23
2025-10-13,2025-10-13T00:00:00+09:00,ROASTED-BR,36790.0,0.0,6410.0,30380.0,5.35
2025-10-13,2025-10-13T00:00:00+09:00,ROASTED-CO,26790.0,0.0,6410.0,20380.0,3.59
2025-10-13,2025-10-13T00:00:00+09:00,ROASTED-ET,13892.0,0.0,1818.0,12074.0,7.32
2025-10-13,2025-10-13T00:00:00+09:00,ROASTED-GT,18928.0,0.0,1212.0,17716.0,16.1
2025-10-14,2025-10-14T00:00:00+09:00,ROASTED-BR,30380.0,15500.0,4580.0,41300.0,7.27
2025-10-14,2025-10-14T00:00:00+09:00,ROASTED-CO,20380.0,15500.0,4580.0,31300.0,5.51
2025-10-14,2025-10-14T00:00:00+09:00,ROASTED-ET,12074.0,4500.0,1404.0,15170.0,9.19
2025-10-14,2025-10-14T00:00:00+09:00,ROASTED-GT,17716.0,3000.0,936.0,19780.0,17.98
2025-10-15,2025-10-15T00:00:00+09:00,ROASTED-BR,41300.0,0.0,5810.0,35490.0,6.2
2025-10-15,2025-10-15T00:00:00+09:00,ROASTED-CO,31300.0,0.0,5810.0,25490.0,4.45
2025-10-15,2025-10-15T00:00:00+09:00,ROASTED-ET,15170.0,0.0,1566.0,13604.0,8.18
2025-10-15,2025-10-15T00:00:00+09:00,ROASTED-GT,19780.0,0.0,1044.0,18736.0,16.91
2025-10-16,2025-10-16T00:00:00+09:00,ROASTED-BR,35490.0,0.0,5290.0,30200.0,5.29
2025-10-16,2025-10-16T00:00:00+09:00,ROASTED-CO,25490.0,0.0,5290.0,20200.0,3.54
2025-10-16,2025-10-16T00:00:00+09:00,ROASTED-ET,13604.0,0.0,1665.0,11939.0,7.14
2025-10-16,2025-10-16T00:00:00+09:00,ROASTED-GT,18736.0,0.0,1110.0,17626.0,15.81
2025-10-17,2025-10-17T00:00:00+09:00,ROASTED-BR,30200.0,20500.0,5450.0,45250.0,7.95
2025-10-17,2025-10-17T00:00:00+09:00,ROASTED-CO,20200.0,20500.0,5450.0,35250.0,6.19
2025-10-17,2025-10-17T00:00:00+09:00,ROASTED-ET,11939.0,5500.0,2034.0,15405.0,9.12
2025-10-17,2025-10-17T00:00:00+09:00,ROASTED-GT,17626.0,4000.0,1356.0,20270.0,18.01
2025-10-18,2025-10-18T00:00:00+09:00,ROASTED-BR,45250.0,0.0,7360.0,37890.0,6.67
2025-10-18,2025-10-18T00:00:00+09:00,ROASTED-CO,35250.0,0.0,7360.0,27890.0,4.91
2025-10-18,2025-10-18T00:00:00+09:00,ROASTED-ET,15405.0,0.0,1872.0,13533.0,8.12
2025-10-18,2025-10-18T00:00:00+09:00,ROASTED-GT,20270.0,0.0,1248.0,19022.0,17.13
2025-10-19,2025-10-19T00:00:00+09:00,ROASTED-BR,37890.0,0.0,7970.0,29920.0,5.2
2025-10-19,2025-10-19T00:00:00+09:00,ROASTED-CO,27890.0,0.0,7970.0,19920.0,3.46
2025-10-19,2025-10-19T00:00:00+09:00,ROASTED-ET,13533.0,0.0,1710.0,11823.0,7.08
2025-10-19,2025-10-19T00:00:00+09:00,ROASTED-GT,19022.0,0.0,1140.0,17882.0,16.06
2025-10-20,2025-10-20T00:00:00+09:00,ROASTED-BR,29920.0,16000.0,4490.0,41430.0,7.2
2025-10-20,2025-10-20T00:00:00+09:00,ROASTED-CO,19920.0,16000.0,4490.0,31430.0,5.46
2025-10-20,2025-10-20T00:00:00+09:00,ROASTED-ET,11823.0,5000.0,1665.0,15158.0,9.05
2025-10-20,2025-10-20T00:00:00+09:00,ROASTED-GT,17882.0,3000.0,1110.0,19772.0,17.7
2025-10-21,2025-10-21T00:00:00+09:00,ROASTED-BR,41430.0,0.0,5760.0,35670.0,6.2
2025-10-21,2025-10-21T00:00:00+09:00,ROASTED-CO,31430.0,0.0,5760.0,25670.0,4.46
2025-10-21,2025-10-21T00:00:00+09:00,ROASTED-ET,15158.0,0.0,1458.0,13700.0,8.24
2025-10-21,2025-10-21T00:00:00+09:00,ROASTED-GT,19772.0,0.0,972.0,18800.0,16.96
2025-10-22,2025-10-22T00:00:00+09:00,ROASTED-BR,35670.0,0.0,5380.0,30290.0,5.27
2025-10-22,2025-10-22T00:00:00+09:00,ROASTED-CO,25670.0,0.0,5380.0,20290.0,3.53
2025-10-22,2025-10-22T00:00:00+09:00,ROASTED-ET,13700.0,0.0,1548.0,12152.0,7.31
2025-10-22,2025-10-22T00:00:00+09:00,ROASTED-GT,18800.0,0.0,1032.0,17768.0,16.03
2025-10-23,2025-10-23T00:00:00+09:00,ROASTED-BR,30290.0,16000.0,6170.0,40120.0,6.94
2025-10-23,2025-10-23T00:00:00+09:00,ROASTED-CO,20290.0,16000.0,6170.0,30120.0,5.21
2025-10-23,2025-10-23T00:00:00+09:00,ROASTED-ET,12152.0,6000.0,1800.0,16352.0,9.75
2025-10-23,2025-10-23T00:00:00+09:00,ROASTED-GT,17768.0,4000.0,1200.0,20568.0,18.39
2025-10-24,2025-10-24T00:00:00+09:00,ROASTED-BR,40120.0,0.0,4280.0,35840.0,6.24
2025-10-24,2025-10-24T00:00:00+09:00,ROASTED-CO,30120.0,0.0,4280.0,25840.0,4.5
2025-10-24,2025-10-24T00:00:00+09:00,ROASTED-ET,16352.0,0.0,1908.0,14444.0,8.55
2025-10-24,2025-10-24T00:00:00+09:00,ROASTED-GT,20568.0,0.0,1272.0,19296.0,17.13
2025-10-25,2025-10-25T00:00:00+09:00,ROASTED-BR,35840.0,0.0,5810.0,30030.0,5.26
2025-10-25,2025-10-25T00:00:00+09:00,ROASTED-CO,25840.0,0.0,5810.0,20030.0,3.51
2025-10-25,2025-10-25T00:00:00+09:00,ROASTED-ET,14444.0,0.0,2196.0,12248.0,7.21
2025-10-25,2025-10-25T00:00:00+09:00,ROASTED-GT,19296.0,0.0,1464.0,17832.0,15.75
2025-10-26,2025-10-26T00:00:00+09:00,ROASTED-BR,30030.0,15000.0,5860.0,39170.0,6.85
2025-10-26,2025-10-26T00:00:00+09:00,ROASTED-CO,20030.0,15000.0,5860.0,29170.0,5.1
2025-10-26,2025-10-26T00:00:00+09:00,ROASTED-ET,12248.0,5000.0,1791.0,15457.0,9.09
2025-10-26,2025-10-26T00:00:00+09:00,ROASTED-GT,17832.0,3500.0,1194.0,20138.0,17.76
2025-10-27,2025-10-27T00:00:00+09:00,ROASTED-BR,39170.0,0.0,5610.0,33560.0,5.8
2025-10-27,2025-10-27T00:00:00+09:00,ROASTED-CO,29170.0,0.0,5610.0,23560.0,4.07
2025-10-27,2025-10-27T00:00:00+09:00,ROASTED-ET,15457.0,0.0,1683.0,13774.0,8.05
2025-10-27,2025-10-27T00:00:00+09:00,ROASTED-GT,20138.0,0.0,1122.0,19016.0,16.66
2025-10-28,2025-10-28T00:00:00+09:00,ROASTED-BR,33560.0,0.0,3650.0,29910.0,5.22
2025-10-28,2025-10-28T00:00:00+09:00,ROASTED-CO,23560.0,0.0,3650.0,19910.0,3.47
2025-10-28,2025-10-28T00:00:00+09:00,ROASTED-ET,13774.0,0.0,1584.0,12190.0,7.13
2025-10-28,2025-10-28T00:00:00+09:00,ROASTED-GT,19016.0,0.0,1056.0,17960.0,15.76
2025-10-29,2025-10-29T00:00:00+09:00,ROASTED-BR,29910.0,17000.0,5130.0,41780.0,7.34
2025-10-29,2025-10-29T00:00:00+09:00,ROASTED-CO,19910.0,17000.0,5130.0,31780.0,5.58
2025-10-29,2025-10-29T00:00:00+09:00,ROASTED-ET,12190.0,5000.0,1512.0,15678.0,9.15
2025-10-29,2025-10-29T00:00:00+09:00,ROASTED-GT,17960.0,3500.0,1008.0,20452.0,17.9
2025-10-30,2025-10-30T00:00:00+09:00,ROASTED-BR,41780.0,0.0,4980.0,36800.0,6.48
2025-10-30,2025-10-30T00:00:00+09:00,ROASTED-CO,31780.0,0.0,4980.0,26800.0,4.72
2025-10-30,2025-10-30T00:00:00+09:00,ROASTED-ET,15678.0,0.0,1764.0,13914.0,8.11
2025-10-30,2025-10-30T00:00:00+09:00,ROASTED-GT,20452.0,0.0,1176.0,19276.0,16.85
2025-10-31,2025-10-31T00:00:00+09:00,ROASTED-BR,36800.0,0.0,6480.0,30320.0,5.37
2025-10-31,2025-10-31T00:00:00+09:00,ROASTED-CO,26800.0,0.0,6480.0,20320.0,3.6
2025-10-31,2025-10-31T00:00:00+09:00,ROASTED-ET,13914.0,0.0,2007.0,11907.0,6.9
2025-10-31,2025-10-31T00:00:00+09:00,ROASTED-GT,19276.0,0.0,1338.0,17938.0,15.6
2025-11-01,2025-11-01T00:00:00+09:00,ROASTED-BR,30320.0,19500.0,6370.0,43450.0,7.69
2025-11-01,2025-11-01T00:00:00+09:00,ROASTED-CO,20320.0,19500.0,6370.0,33450.0,5.92
2025-11-01,2025-11-01T00:00:00+09:00,ROASTED-ET,11907.0,6500.0,2313.0,16094.0,9.21
2025-11-01,2025-11-01T00:00:00+09:00,ROASTED-GT,17938.0,4000.0,1542.0,20396.0,17.5
2025-11-02,2025-11-02T00:00:00+09:00,ROASTED-BR,43450.0,0.0,6220.0,37230.0,6.59
2025-11-02,2025-11-02T00:00:00+09:00,ROASTED-CO,33450.0,0.0,6220.0,27230.0,4.82
2025-11-02,2025-11-02T00:00:00+09:00,ROASTED-ET,16094.0,0.0,1809.0,14285.0,8.14
2025-11-02,2025-11-02T00:00:00+09:00,ROASTED-GT,20396.0,0.0,1206.0,19190.0,16.41
2025-11-03,2025-11-03T00:00:00+09:00,ROASTED-BR,37230.0,0.0,7110.0,30120.0,5.22
2025-11-03,2025-11-03T00:00:00+09:00,ROASTED-CO,27230.0,0.0,7110.0,20120.0,3.49
2025-11-03,2025-11-03T00:00:00+09:00,ROASTED-ET,14285.0,0.0,2205.0,12080.0,6.78
2025-11-03,2025-11-03T00:00:00+09:00,ROASTED-GT,19190.0,0.0,1470.0,17720.0,14.91
2025-11-04,2025-11-04T00:00:00+09:00,ROASTED-BR,30120.0,17000.0,4590.0,42530.0,7.42
2025-11-04,2025-11-04T00:00:00+09:00,ROASTED-CO,20120.0,17000.0,4590.0,32530.0,5.68
2025-11-04,2025-11-04T00:00:00+09:00,ROASTED-ET,12080.0,4500.0,1548.0,15032.0,8.4
2025-11-04,2025-11-04T00:00:00+09:00,ROASTED-GT,17720.0,3000.0,1032.0,19688.0,16.5
2025-11-05,2025-11-05T00:00:00+09:00,ROASTED-BR,42530.0,0.0,6490.0,36040.0,6.23
2025-11-05,2025-11-05T00:00:00+09:00,ROASTED-CO,32530.0,0.0,6490.0,26040.0,4.5
2025-11-05,2025-11-05T00:00:00+09:00,ROASTED-ET,15032.0,0.0,1539.0,13493.0,7.52
2025-11-05,2025-11-05T00:00:00+09:00,ROASTED-GT,19688.0,0.0,1026.0,18662.0,15.61
2025-11-06,2025-11-06T00:00:00+09:00,ROASTED-BR,36040.0,0.0,5650.0,30390.0,5.24
2025-11-06,2025-11-06T00:00:00+09:00,ROASTED-CO,26040.0,0.0,5650.0,20390.0,3.52
2025-11-06,2025-11-06T00:00:00+09:00,ROASTED-ET,13493.0,0.0,1332.0,12161.0,6.82
2025-11-06,2025-11-06T00:00:00+09:00,ROASTED-GT,18662.0,0.0,888.0,17774.0,14.96
2025-11-07,2025-11-07T00:00:00+09:00,ROASTED-BR,30390.0,21000.0,7310.0,44080.0,7.6
2025-11-07,2025-11-07T00:00:00+09:00,ROASTED-CO,20390.0,21000.0,7310.0,34080.0,5.88
2025-11-07,2025-11-07T00:00:00+09:00,ROASTED-ET,12161.0,6000.0,1989.0,16172.0,9.09
2025-11-07,2025-11-07T00:00:00+09:00,ROASTED-GT,17774.0,4000.0,1326.0,20448.0,17.23
2025-11-08,2025-11-08T00:00:00+09:00,ROASTED-BR,44080.0,0.0,7890.0,36190.0,6.21
2025-11-08,2025-11-08T00:00:00+09:00,ROASTED-CO,34080.0,0.0,7890.0,26190.0,4.5
2025-11-08,2025-11-08T00:00:00+09:00,ROASTED-ET,16172.0,0.0,2277.0,13895.0,7.8
2025-11-08,2025-11-08T00:00:00+09:00,ROASTED-GT,20448.0,0.0,1518.0,18930.0,15.94
2025-11-09,2025-11-09T00:00:00+09:00,ROASTED-BR,36190.0,0.0,6020.0,30170.0,5.15
2025-11-09,2025-11-09T00:00:00+09:00,ROASTED-CO,26190.0,0.0,6020.0,20170.0,3.44
2025-11-09,2025-11-09T00:00:00+09:00,ROASTED-ET,13895.0,0.0,1611.0,12284.0,6.93
2025-11-09,2025-11-09T00:00:00+09:00,ROASTED-GT,18930.0,0.0,1074.0,17856.0,15.12
2025-11-10,2025-11-10T00:00:00+09:00,ROASTED-BR,30170.0,16000.0,5490.0,40680.0,6.98
2025-11-10,2025-11-10T00:00:00+09:00,ROASTED-CO,20170.0,16000.0,5490.0,30680.0,5.26
2025-11-10,2025-11-10T00:00:00+09:00,ROASTED-ET,12284.0,5000.0,1854.0,15430.0,8.7
2025-11-10,2025-11-10T00:00:00+09:00,ROASTED-GT,17856.0,3500.0,1236.0,20120.0,17.02
2025-11-11,2025-11-11T00:00:00+09:00,ROASTED-BR,40680.0,0.0,5300.0,35380.0,6.04
2025-11-11,2025-11-11T00:00:00+09:00,ROASTED-CO,30680.0,0.0,5300.0,25380.0,4.34
2025-11-11,2025-11-11T00:00:00+09:00,ROASTED-ET,15430.0,0.0,1638.0,13792.0,7.74
2025-11-11,2025-11-11T00:00:00+09:00,ROASTED-GT,20120.0,0.0,1092.0,19028.0,16.02
2025-11-12,2025-11-12T00:00:00+09:00,ROASTED-BR,35380.0,0.0,5120.0,30260.0,5.19
2025-11-12,2025-11-12T00:00:00+09:00,ROASTED-CO,25380.0,0.0,5120.0,20260.0,3.48
2025-11-12,2025-11-12T00:00:00+09:00,ROASTED-ET,13792.0,0.0,1674.0,12118.0,6.79
2025-11-12,2025-11-12T00:00:00+09:00,ROASTED-GT,19028.0,0.0,1116.0,17912.0,15.05
2025-11-13,2025-11-13T00:00:00+09:00,ROASTED-BR,30260.0,18500.0,5720.0,43040.0,7.36
2025-11-13,2025-11-13T00:00:00+09:00,ROASTED-CO,20260.0,18500.0,5720.0,33040.0,5.65
2025-11-13,2025-11-13T00:00:00+09:00,ROASTED-ET,12118.0,6000.0,1998.0,16120.0,8.97
2025-11-13,2025-11-13T00:00:00+09:00,ROASTED-GT,17912.0,4000.0,1332.0,20580.0,17.18
2025-11-14,2025-11-14T00:00:00+09:00,ROASTED-BR,43040.0,0.0,5970.0,37070.0,6.32
2025-11-14,2025-11-14T00:00:00+09:00,ROASTED-CO,33040.0,0.0,5970.0,27070.0,4.62
2025-11-14,2025-11-14T00:00:00+09:00,ROASTED-ET,16120.0,0.0,1899.0,14221.0,7.93
2025-11-14,2025-11-14T00:00:00+09:00,ROASTED-GT,20580.0,0.0,1266.0,19314.0,16.16
2025-11-15,2025-11-15T00:00:00+09:00,ROASTED-BR,37070.0,0.0,6770.0,30300.0,5.19
2025-11-15,2025-11-15T00:00:00+09:00,ROASTED-CO,27070.0,0.0,6770.0,20300.0,3.47
2025-11-15,2025-11-15T00:00:00+09:00,ROASTED-ET,14221.0,0.0,2214.0,12007.0,6.65
2025-11-15,2025-11-15T00:00:00+09:00,ROASTED-GT,19314.0,0.0,1476.0,17838.0,14.83
2025-11-16,2025-11-16T00:00:00+09:00,ROASTED-BR,30300.0,17000.0,6430.0,40870.0,7.06
2025-11-16,2025-11-16T00:00:00+09:00,ROASTED-CO,20300.0,17000.0,6430.0,30870.0,5.33
2025-11-16,2025-11-16T00:00:00+09:00,ROASTED-ET,12007.0,5500.0,1935.0,15572.0,8.59
2025-11-16,2025-11-16T00:00:00+09:00,ROASTED-GT,17838.0,4000.0,1290.0,20548.0,17.0
2025-11-17,2025-11-17T00:00:00+09:00,ROASTED-BR,40870.0,0.0,5000.0,35870.0,6.18
2025-11-17,2025-11-17T00:00:00+09:00,ROASTED-CO,30870.0,0.0,5000.0,25870.0,4.46
2025-11-17,2025-11-17T00:00:00+09:00,ROASTED-ET,15572.0,0.0,1872.0,13700.0,7.53
2025-11-17,2025-11-17T00:00:00+09:00,ROASTED-GT,20548.0,0.0,1248.0,19300.0,15.91
2025-11-18,2025-11-18T00:00:00+09:00,ROASTED-BR,35870.0,0.0,5650.0,30220.0,5.21
2025-11-18,2025-11-18T00:00:00+09:00,ROASTED-CO,25870.0,0.0,5650.0,20220.0,3.49
2025-11-18,2025-11-18T00:00:00+09:00,ROASTED-ET,13700.0,0.0,1791.0,11909.0,6.5
2025-11-18,2025-11-18T00:00:00+09:00,ROASTED-GT,19300.0,0.0,1194.0,18106.0,14.83
2025-11-19,2025-11-19T00:00:00+09:00,ROASTED-BR,30220.0,19000.0,6020.0,43200.0,7.42
2025-11-19,2025-11-19T00:00:00+09:00,ROASTED-CO,20220.0,19000.0,6020.0,33200.0,5.7
2025-11-19,2025-11-19T00:00:00+09:00,ROASTED-ET,11909.0,6000.0,1773.0,16136.0,8.77
2025-11-19,2025-11-19T00:00:00+09:00,ROASTED-GT,18106.0,3500.0,1182.0,20424.0,16.65
2025-11-20,2025-11-20T00:00:00+09:00,ROASTED-BR,43200.0,0.0,5790.0,37410.0,6.44
2025-11-20,2025-11-20T00:00:00+09:00,ROASTED-CO,33200.0,0.0,5790.0,27410.0,4.72
2025-11-20,2025-11-20T00:00:00+09:00,ROASTED-ET,16136.0,0.0,1701.0,14435.0,7.86
2025-11-20,2025-11-20T00:00:00+09:00,ROASTED-GT,20424.0,0.0,1134.0,19290.0,15.76
2025-11-21,2025-11-21T00:00:00+09:00,ROASTED-BR,37410.0,0.0,7050.0,30360.0,5.14
2025-11-21,2025-11-21T00:00:00+09:00,ROASTED-CO,27410.0,0.0,7050.0,20360.0,3.45
2025-11-21,2025-11-21T00:00:00+09:00,ROASTED-ET,14435.0,0.0,2268.0,12167.0,6.58
2025-11-21,2025-11-21T00:00:00+09:00,ROASTED-GT,19290.0,0.0,1512.0,17778.0,14.42
2025-11-22,2025-11-22T00:00:00+09:00,ROASTED-BR,30360.0,19500.0,6830.0,43030.0,7.24
2025-11-22,2025-11-22T00:00:00+09:00,ROASTED-CO,20360.0,19500.0,6830.0,33030.0,5.55
2025-11-22,2025-11-22T00:00:00+09:00,ROASTED-ET,12167.0,5500.0,2115.0,15552.0,8.42
2025-11-22,2025-11-22T00:00:00+09:00,ROASTED-GT,17778.0,4000.0,1410.0,20368.0,16.55
2025-11-23,2025-11-23T00:00:00+09:00,ROASTED-BR,43030.0,0.0,6930.0,36100.0,6.03
2025-11-23,2025-11-23T00:00:00+09:00,ROASTED-CO,33030.0,0.0,6930.0,26100.0,4.36
2025-11-23,2025-11-23T00:00:00+09:00,ROASTED-ET,15552.0,0.0,1917.0,13635.0,7.37
2025-11-23,2025-11-23T00:00:00+09:00,ROASTED-GT,20368.0,0.0,1278.0,19090.0,15.47
2025-11-24,2025-11-24T00:00:00+09:00,ROASTED-BR,36100.0,0.0,5960.0,30140.0,5.03
2025-11-24,2025-11-24T00:00:00+09:00,ROASTED-CO,26100.0,0.0,5960.0,20140.0,3.36
2025-11-24,2025-11-24T00:00:00+09:00,ROASTED-ET,13635.0,0.0,1611.0,12024.0,6.51
2025-11-24,2025-11-24T00:00:00+09:00,ROASTED-GT,19090.0,0.0,1074.0,18016.0,14.62
2025-11-25,2025-11-25T00:00:00+09:00,ROASTED-BR,30140.0,17000.0,5380.0,41760.0,6.89
2025-11-25,2025-11-25T00:00:00+09:00,ROASTED-CO,20140.0,17000.0,5380.0,31760.0,5.24
2025-11-25,2025-11-25T00:00:00+09:00,ROASTED-ET,12024.0,5500.0,1665.0,15859.0,8.57
2025-11-25,2025-11-25T00:00:00+09:00,ROASTED-GT,18016.0,3500.0,1110.0,20406.0,16.54
2025-11-26,2025-11-26T00:00:00+09:00,ROASTED-BR,41760.0,0.0,5780.0,35980.0,5.92
2025-11-26,2025-11-26T00:00:00+09:00,ROASTED-CO,31760.0,0.0,5780.0,25980.0,4.27
2025-11-26,2025-11-26T00:00:00+09:00,ROASTED-ET,15859.0,0.0,1800.0,14059.0,7.55
2025-11-26,2025-11-26T00:00:00+09:00,ROASTED-GT,20406.0,0.0,1200.0,19206.0,15.48
2025-11-27,2025-11-27T00:00:00+09:00,ROASTED-BR,35980.0,0.0,5720.0,30260.0,4.95
2025-11-27,2025-11-27T00:00:00+09:00,ROASTED-CO,25980.0,0.0,5720.0,20260.0,3.32
2025-11-27,2025-11-27T00:00:00+09:00,ROASTED-ET,14059.0,0.0,1971.0,12088.0,6.47
2025-11-27,2025-11-27T00:00:00+09:00,ROASTED-GT,19206.0,0.0,1314.0,17892.0,14.36
2025-11-28,2025-11-28T00:00:00+09:00,ROASTED-BR,30260.0,20500.0,7420.0,43340.0,7.06
2025-11-28,2025-11-28T00:00:00+09:00,ROASTED-CO,20260.0,20500.0,7420.0,33340.0,5.43
2025-11-28,2025-11-28T00:00:00+09:00,ROASTED-ET,12088.0,6000.0,2115.0,15973.0,8.53
2025-11-28,2025-11-28T00:00:00+09:00,ROASTED-GT,17892.0,4000.0,1410.0,20482.0,16.41
2025-11-29,2025-11-29T00:00:00+09:00,ROASTED-BR,43340.0,0.0,7080.0,36260.0,5.88
2025-11-29,2025-11-29T00:00:00+09:00,ROASTED-CO,33340.0,0.0,7080.0,26260.0,4.26
2025-11-29,2025-11-29T00:00:00+09:00,ROASTED-ET,15973.0,0.0,2160.0,13813.0,7.4
2025-11-29,2025-11-29T00:00:00+09:00,ROASTED-GT,20482.0,0.0,1440.0,19042.0,15.3
2025-11-30,2025-11-30T00:00:00+09:00,ROASTED-BR,36260.0,0.0,6270.0,29990.0,4.86
2025-11-30,2025-11-30T00:00:00+09:00,ROASTED-CO,26260.0,0.0,6270.0,19990.0,3.24
2025-11-30,2025-11-30T00:00:00+09:00,ROASTED-ET,13813.0,0.0,1611.0,12202.0,6.56
2025-11-30,2025-11-30T00:00:00+09:00,ROASTED-GT,19042.0,0.0,1074.0,17968.0,14.49
2025-12-01,2025-12-01T00:00:00+09:00,ROASTED-BR,29990.0,16000.0,4130.0,41860.0,6.9
2025-12-01,2025-12-01T00:00:00+09:00,ROASTED-CO,19990.0,16000.0,4130.0,31860.0,5.25
2025-12-01,2025-12-01T00:00:00+09:00,ROASTED-ET,12202.0,5500.0,1971.0,15731.0,8.5
2025-12-01,2025-12-01T00:00:00+09:00,ROASTED-GT,17968.0,3500.0,1314.0,20154.0,16.33
2025-12-02,2025-12-02T00:00:00+09:00,ROASTED-BR,41860.0,0.0,6110.0,35750.0,5.84
2025-12-02,2025-12-02T00:00:00+09:00,ROASTED-CO,31860.0,0.0,6110.0,25750.0,4.21
2025-12-02,2025-12-02T00:00:00+09:00,ROASTED-ET,15731.0,0.0,1872.0,13859.0,7.44
2025-12-02,2025-12-02T00:00:00+09:00,ROASTED-GT,20154.0,0.0,1248.0,18906.0,15.22
2025-12-03,2025-12-03T00:00:00+09:00,ROASTED-BR,35750.0,0.0,5380.0,30370.0,5.0
2025-12-03,2025-12-03T00:00:00+09:00,ROASTED-CO,25750.0,0.0,5380.0,20370.0,3.35
2025-12-03,2025-12-03T00:00:00+09:00,ROASTED-ET,13859.0,0.0,1800.0,12059.0,6.44
2025-12-03,2025-12-03T00:00:00+09:00,ROASTED-GT,18906.0,0.0,1200.0,17706.0,14.18
2025-12-04,2025-12-04T00:00:00+09:00,ROASTED-BR,30370.0,18500.0,5980.0,42890.0,7.04
2025-12-04,2025-12-04T00:00:00+09:00,ROASTED-CO,20370.0,18500.0,5980.0,32890.0,5.4
2025-12-04,2025-12-04T00:00:00+09:00,ROASTED-ET,12059.0,7000.0,1953.0,17106.0,9.03
2025-12-04,2025-12-04T00:00:00+09:00,ROASTED-GT,17706.0,4500.0,1302.0,20904.0,16.55
2025-12-05,2025-12-05T00:00:00+09:00,ROASTED-BR,42890.0,0.0,5630.0,37260.0,6.18
2025-12-05,2025-12-05T00:00:00+09:00,ROASTED-CO,32890.0,0.0,5630.0,27260.0,4.52
2025-12-05,2025-12-05T00:00:00+09:00,ROASTED-ET,17106.0,0.0,2412.0,14694.0,7.69
2025-12-05,2025-12-05T00:00:00+09:00,ROASTED-GT,20904.0,0.0,1608.0,19296.0,15.15
2025-12-06,2025-12-06T00:00:00+09:00,ROASTED-BR,37260.0,0.0,6860.0,30400.0,5.07
2025-12-06,2025-12-06T00:00:00+09:00,ROASTED-CO,27260.0,0.0,6860.0,20400.0,3.4
2025-12-06,2025-12-06T00:00:00+09:00,ROASTED-ET,14694.0,0.0,2439.0,12255.0,6.4
2025-12-06,2025-12-06T00:00:00+09:00,ROASTED-GT,19296.0,0.0,1626.0,17670.0,13.84
2025-12-07,2025-12-07T00:00:00+09:00,ROASTED-BR,30400.0,17000.0,6380.0,41020.0,6.83
2025-12-07,2025-12-07T00:00:00+09:00,ROASTED-CO,20400.0,17000.0,6380.0,31020.0,5.17
2025-12-07,2025-12-07T00:00:00+09:00,ROASTED-ET,12255.0,5500.0,1818.0,15937.0,8.29
2025-12-07,2025-12-07T00:00:00+09:00,ROASTED-GT,17670.0,4000.0,1212.0,20458.0,15.96
2025-12-08,2025-12-08T00:00:00+09:00,ROASTED-BR,41020.0,0.0,5620.0,35400.0,5.89
2025-12-08,2025-12-08T00:00:00+09:00,ROASTED-CO,31020.0,0.0,5620.0,25400.0,4.23
2025-12-08,2025-12-08T00:00:00+09:00,ROASTED-ET,15937.0,0.0,1899.0,14038.0,7.29
2025-12-08,2025-12-08T00:00:00+09:00,ROASTED-GT,20458.0,0.0,1266.0,19192.0,14.96
2025-12-09,2025-12-09T00:00:00+09:00,ROASTED-BR,35400.0,0.0,5000.0,30400.0,5.07
2025-12-09,2025-12-09T00:00:00+09:00,ROASTED-CO,25400.0,0.0,5000.0,20400.0,3.4
2025-12-09,2025-12-09T00:00:00+09:00,ROASTED-ET,14038.0,0.0,1854.0,12184.0,6.31
2025-12-09,2025-12-09T00:00:00+09:00,ROASTED-GT,19192.0,0.0,1236.0,17956.0,13.94
2025-12-10,2025-12-10T00:00:00+09:00,ROASTED-BR,30400.0,18500.0,5620.0,43280.0,7.19
2025-12-10,2025-12-10T00:00:00+09:00,ROASTED-CO,20400.0,18500.0,5620.0,33280.0,5.53
2025-12-10,2025-12-10T00:00:00+09:00,ROASTED-ET,12184.0,6000.0,1890.0,16294.0,8.4
2025-12-10,2025-12-10T00:00:00+09:00,ROASTED-GT,17956.0,4000.0,1260.0,20696.0,16.0
2025-12-11,2025-12-11T00:00:00+09:00,ROASTED-BR,43280.0,0.0,6320.0,36960.0,6.12
2025-12-11,2025-12-11T00:00:00+09:00,ROASTED-CO,33280.0,0.0,6320.0,26960.0,4.46
2025-12-11,2025-12-11T00:00:00+09:00,ROASTED-ET,16294.0,0.0,1953.0,14341.0,7.4
2025-12-11,2025-12-11T00:00:00+09:00,ROASTED-GT,20696.0,0.0,1302.0,19394.0,15.01
2025-12-12,2025-12-12T00:00:00+09:00,ROASTED-BR,36960.0,0.0,6640.0,30320.0,5.0
2025-12-12,2025-12-12T00:00:00+09:00,ROASTED-CO,26960.0,0.0,6640.0,20320.0,3.35
2025-12-12,2025-12-12T00:00:00+09:00,ROASTED-ET,14341.0,0.0,2160.0,12181.0,6.25
2025-12-12,2025-12-12T00:00:00+09:00,ROASTED-GT,19394.0,0.0,1440.0,17954.0,13.83
2025-12-13,2025-12-13T00:00:00+09:00,ROASTED-BR,30320.0,20000.0,7980.0,42340.0,6.93
2025-12-13,2025-12-13T00:00:00+09:00,ROASTED-CO,20320.0,20000.0,7980.0,32340.0,5.3
2025-12-13,2025-12-13T00:00:00+09:00,ROASTED-ET,12181.0,6500.0,2970.0,15711.0,7.96
2025-12-13,2025-12-13T00:00:00+09:00,ROASTED-GT,17954.0,4500.0,1980.0,20474.0,15.55
2025-12-14,2025-12-14T00:00:00+09:00,ROASTED-BR,42340.0,0.0,5770.0,36570.0,6.01
2025-12-14,2025-12-14T00:00:00+09:00,ROASTED-CO,32340.0,0.0,5770.0,26570.0,4.37
2025-12-14,2025-12-14T00:00:00+09:00,ROASTED-ET,15711.0,0.0,2025.0,13686.0,6.92
2025-12-14,2025-12-14T00:00:00+09:00,ROASTED-GT,20474.0,0.0,1350.0,19124.0,14.5
2025-12-15,2025-12-15T00:00:00+09:00,ROASTED-BR,36570.0,0.0,6590.0,29980.0,4.88
2025-12-15,2025-12-15T00:00:00+09:00,ROASTED-CO,26570.0,0.0,6590.0,19980.0,3.25
2025-12-15,2025-12-15T00:00:00+09:00,ROASTED-ET,13686.0,0.0,1719.0,11967.0,6.07
2025-12-15,2025-12-15T00:00:00+09:00,ROASTED-GT,19124.0,0.0,1146.0,17978.0,13.67
2025-12-16,2025-12-16T00:00:00+09:00,ROASTED-BR,29980.0,17500.0,6280.0,41200.0,6.69
2025-12-16,2025-12-16T00:00:00+09:00,ROASTED-CO,19980.0,17500.0,6280.0,31200.0,5.06
2025-12-16,2025-12-16T00:00:00+09:00,ROASTED-ET,11967.0,5500.0,1692.0,15775.0,8.01
2025-12-16,2025-12-16T00:00:00+09:00,ROASTED-GT,17978.0,3500.0,1128.0,20350.0,15.5
2025-12-17,2025-12-17T00:00:00+09:00,ROASTED-BR,41200.0,0.0,5320.0,35880.0,5.85
2025-12-17,2025-12-17T00:00:00+09:00,ROASTED-CO,31200.0,0.0,5320.0,25880.0,4.22
2025-12-17,2025-12-17T00:00:00+09:00,ROASTED-ET,15775.0,0.0,1728.0,14047.0,7.14
2025-12-17,2025-12-17T00:00:00+09:00,ROASTED-GT,20350.0,0.0,1152.0,19198.0,14.64
2025-12-18,2025-12-18T00:00:00+09:00,ROASTED-BR,35880.0,0.0,5630.0,30250.0,4.93
2025-12-18,2025-12-18T00:00:00+09:00,ROASTED-CO,25880.0,0.0,5630.0,20250.0,3.3
2025-12-18,2025-12-18T00:00:00+09:00,ROASTED-ET,14047.0,0.0,1917.0,12130.0,6.14
2025-12-18,2025-12-18T00:00:00+09:00,ROASTED-GT,19198.0,0.0,1278.0,17920.0,13.61
2025-12-19,2025-12-19T00:00:00+09:00,ROASTED-BR,30250.0,18500.0,6200.0,42550.0,6.98
2025-12-19,2025-12-19T00:00:00+09:00,ROASTED-CO,20250.0,18500.0,6200.0,32550.0,5.34
2025-12-19,2025-12-19T00:00:00+09:00,ROASTED-ET,12130.0,6500.0,2115.0,16515.0,8.38
2025-12-19,2025-12-19T00:00:00+09:00,ROASTED-GT,17920.0,4500.0,1410.0,21010.0,16.0
2025-12-20,2025-12-20T00:00:00+09:00,ROASTED-BR,42550.0,0.0,7310.0,35240.0,5.76
2025-12-20,2025-12-20T00:00:00+09:00,ROASTED-CO,32550.0,0.0,7310.0,25240.0,4.13
2025-12-20,2025-12-20T00:00:00+09:00,ROASTED-ET,16515.0,0.0,2349.0,14166.0,7.16
2025-12-20,2025-12-20T00:00:00+09:00,ROASTED-GT,21010.0,0.0,1566.0,19444.0,14.74
2025-12-21,2025-12-21T00:00:00+09:00,ROASTED-BR,35240.0,0.0,5300.0,29940.0,4.94
2025-12-21,2025-12-21T00:00:00+09:00,ROASTED-CO,25240.0,0.0,5300.0,19940.0,3.29
2025-12-21,2025-12-21T00:00:00+09:00,ROASTED-ET,14166.0,0.0,2052.0,12114.0,6.11
2025-12-21,2025-12-21T00:00:00+09:00,ROASTED-GT,19444.0,0.0,1368.0,18076.0,13.67
2025-12-22,2025-12-22T00:00:00+09:00,ROASTED-BR,29940.0,18000.0,5670.0,42270.0,6.99
2025-12-22,2025-12-22T00:00:00+09:00,ROASTED-CO,19940.0,18000.0,5670.0,32270.0,5.33
2025-12-22,2025-12-22T00:00:00+09:00,ROASTED-ET,12114.0,5000.0,1701.0,15413.0,7.76
2025-12-22,2025-12-22T00:00:00+09:00,ROASTED-GT,18076.0,3500.0,1134.0,20442.0,15.44
2025-12-23,2025-12-23T00:00:00+09:00,ROASTED-BR,42270.0,0.0,6660.0,35610.0,5.84
2025-12-23,2025-12-23T00:00:00+09:00,ROASTED-CO,32270.0,0.0,6660.0,25610.0,4.2
2025-12-23,2025-12-23T00:00:00+09:00,ROASTED-ET,15413.0,0.0,1818.0,13595.0,6.83
2025-12-23,2025-12-23T00:00:00+09:00,ROASTED-GT,20442.0,0.0,1212.0,19230.0,14.48
2025-12-24,2025-12-24T00:00:00+09:00,ROASTED-BR,35610.0,0.0,5530.0,30080.0,4.94
2025-12-24,2025-12-24T00:00:00+09:00,ROASTED-CO,25610.0,0.0,5530.0,20080.0,3.3
2025-12-24,2025-12-24T00:00:00+09:00,ROASTED-ET,13595.0,0.0,1692.0,11903.0,5.99
2025-12-24,2025-12-24T00:00:00+09:00,ROASTED-GT,19230.0,0.0,1128.0,18102.0,13.66
2025-12-25,2025-12-25T00:00:00+09:00,ROASTED-BR,30080.0,22500.0,5310.0,47270.0,7.79
2025-12-25,2025-12-25T00:00:00+09:00,ROASTED-CO,20080.0,22500.0,5310.0,37270.0,6.14
2025-12-25,2025-12-25T00:00:00+09:00,ROASTED-ET,11903.0,6000.0,1737.0,16166.0,8.17
2025-12-25,2025-12-25T00:00:00+09:00,ROASTED-GT,18102.0,3500.0,1158.0,20444.0,15.49
2025-12-26,2025-12-26T00:00:00+09:00,ROASTED-BR,47270.0,0.0,8230.0,39040.0,6.4
2025-12-26,2025-12-26T00:00:00+09:00,ROASTED-CO,37270.0,0.0,8230.0,29040.0,4.76
2025-12-26,2025-12-26T00:00:00+09:00,ROASTED-ET,16166.0,0.0,2061.0,14105.0,7.13
2025-12-26,2025-12-26T00:00:00+09:00,ROASTED-GT,20444.0,0.0,1374.0,19070.0,14.47
2025-12-27,2025-12-27T00:00:00+09:00,ROASTED-BR,39040.0,0.0,8690.0,30350.0,4.93
2025-12-27,2025-12-27T00:00:00+09:00,ROASTED-CO,29040.0,0.0,8690.0,20350.0,3.3
2025-12-27,2025-12-27T00:00:00+09:00,ROASTED-ET,14105.0,0.0,2034.0,12071.0,6.12
2025-12-27,2025-12-27T00:00:00+09:00,ROASTED-GT,19070.0,0.0,1356.0,17714.0,13.47
2025-12-28,2025-12-28T00:00:00+09:00,ROASTED-BR,30350.0,15500.0,5180.0,40670.0,6.65
2025-12-28,2025-12-28T00:00:00+09:00,ROASTED-CO,20350.0,15500.0,5180.0,30670.0,5.01
2025-12-28,2025-12-28T00:00:00+09:00,ROASTED-ET,12071.0,5500.0,2079.0,15492.0,7.79
2025-12-28,2025-12-28T00:00:00+09:00,ROASTED-GT,17714.0,4000.0,1386.0,20328.0,15.33
2025-12-29,2025-12-29T00:00:00+09:00,ROASTED-BR,40670.0,0.0,5740.0,34930.0,5.66
2025-12-29,2025-12-29T00:00:00+09:00,ROASTED-CO,30670.0,0.0,5740.0,24930.0,4.04
2025-12-29,2025-12-29T00:00:00+09:00,ROASTED-ET,15492.0,0.0,1647.0,13845.0,7.0
2025-12-29,2025-12-29T00:00:00+09:00,ROASTED-GT,20328.0,0.0,1098.0,19230.0,14.58
2025-12-30,2025-12-30T00:00:00+09:00,ROASTED-BR,34930.0,0.0,4970.0,29960.0,4.88
2025-12-30,2025-12-30T00:00:00+09:00,ROASTED-CO,24930.0,0.0,4970.0,19960.0,3.25
2025-12-30,2025-12-30T00:00:00+09:00,ROASTED-ET,13845.0,0.0,1692.0,12153.0,6.16
2025-12-30,2025-12-30T00:00:00+09:00,ROASTED-GT,19230.0,0.0,1128.0,18102.0,13.77
2025-12-31,2025-12-31T00:00:00+09:00,ROASTED-BR,29960.0,23000.0,6380.0,46580.0,7.55
2025-12-31,2025-12-31T00:00:00+09:00,ROASTED-CO,19960.0,23000.0,6380.0,36580.0,5.93
2025-12-31,2025-12-31T00:00:00+09:00,ROASTED-ET,12153.0,6000.0,1683.0,16470.0,8.37
2025-12-31,2025-12-31T00:00:00+09:00,ROASTED-GT,18102.0,4000.0,1122.0,20980.0,16.0
2026-01-01,2026-01-01T00:00:00+09:00,ROASTED-BR,46580.0,0.0,8780.0,37800.0,6.03
2026-01-01,2026-01-01T00:00:00+09:00,ROASTED-CO,36580.0,0.0,8780.0,27800.0,4.43
2026-01-01,2026-01-01T00:00:00+09:00,ROASTED-ET,16470.0,0.0,2187.0,14283.0,7.23
2026-01-01,2026-01-01T00:00:00+09:00,ROASTED-GT,20980.0,0.0,1458.0,19522.0,14.82
2026-01-02,2026-01-02T00:00:00+09:00,ROASTED-BR,37800.0,0.0,7670.0,30130.0,4.75
2026-01-02,2026-01-02T00:00:00+09:00,ROASTED-CO,27800.0,0.0,7670.0,20130.0,3.17
2026-01-02,2026-01-02T00:00:00+09:00,ROASTED-ET,14283.0,0.0,2205.0,12078.0,6.14
2026-01-02,2026-01-02T00:00:00+09:00,ROASTED-GT,19522.0,0.0,1470.0,18052.0,13.76
2026-01-03,2026-01-03T00:00:00+09:00,ROASTED-BR,30130.0,19500.0,8310.0,41320.0,6.46
2026-01-03,2026-01-03T00:00:00+09:00,ROASTED-CO,20130.0,19500.0,8310.0,31320.0,4.9
2026-01-03,2026-01-03T00:00:00+09:00,ROASTED-ET,12078.0,6000.0,2151.0,15927.0,8.13
2026-01-03,2026-01-03T00:00:00+09:00,ROASTED-GT,18052.0,4000.0,1434.0,20618.0,15.79
2026-01-04,2026-01-04T00:00:00+09:00,ROASTED-BR,41320.0,0.0,6220.0,35100.0,5.49
2026-01-04,2026-01-04T00:00:00+09:00,ROASTED-CO,31320.0,0.0,6220.0,25100.0,3.93
2026-01-04,2026-01-04T00:00:00+09:00,ROASTED-ET,15927.0,0.0,2061.0,13866.0,7.05
2026-01-04,2026-01-04T00:00:00+09:00,ROASTED-GT,20618.0,0.0,1374.0,19244.0,14.68
2026-01-05,2026-01-05T00:00:00+09:00,ROASTED-BR,35100.0,0.0,4960.0,30140.0,4.73
2026-01-05,2026-01-05T00:00:00+09:00,ROASTED-CO,25100.0,0.0,4960.0,20140.0,3.16
2026-01-05,2026-01-05T00:00:00+09:00,ROASTED-ET,13866.0,0.0,1764.0,12102.0,6.17
2026-01-05,2026-01-05T00:00:00+09:00,ROASTED-GT,19244.0,0.0,1176.0,18068.0,13.81
2026-01-06,2026-01-06T00:00:00+09:00,ROASTED-BR,30140.0,18500.0,6310.0,42330.0,6.6
2026-01-06,2026-01-06T00:00:00+09:00,ROASTED-CO,20140.0,18500.0,6310.0,32330.0,5.04
2026-01-06,2026-01-06T00:00:00+09:00,ROASTED-ET,12102.0,5500.0,1674.0,15928.0,8.14
2026-01-06,2026-01-06T00:00:00+09:00,ROASTED-GT,18068.0,3500.0,1116.0,20452.0,15.69
2026-01-07,2026-01-07T00:00:00+09:00,ROASTED-BR,42330.0,0.0,5960.0,36370.0,5.66
2026-01-07,2026-01-07T00:00:00+09:00,ROASTED-CO,32330.0,0.0,5960.0,26370.0,4.1
2026-01-07,2026-01-07T00:00:00+09:00,ROASTED-ET,15928.0,0.0,1944.0,13984.0,7.14
2026-01-07,2026-01-07T00:00:00+09:00,ROASTED-GT,20452.0,0.0,1296.0,19156.0,14.68
2026-01-08,2026-01-08T00:00:00+09:00,ROASTED-BR,36370.0,0.0,6150.0,30220.0,4.71
2026-01-08,2026-01-08T00:00:00+09:00,ROASTED-CO,26370.0,0.0,6150.0,20220.0,3.15
2026-01-08,2026-01-08T00:00:00+09:00,ROASTED-ET,13984.0,0.0,2007.0,11977.0,6.11
2026-01-08,2026-01-08T00:00:00+09:00,ROASTED-GT,19156.0,0.0,1338.0,17818.0,13.64
2026-01-09,2026-01-09T00:00:00+09:00,ROASTED-BR,30220.0,20500.0,7750.0,42970.0,6.65
2026-01-09,2026-01-09T00:00:00+09:00,ROASTED-CO,20220.0,20500.0,7750.0,32970.0,5.1
2026-01-09,2026-01-09T00:00:00+09:00,ROASTED-ET,11977.0,7000.0,2151.0,16826.0,8.59
2026-01-09,2026-01-09T00:00:00+09:00,ROASTED-GT,17818.0,4500.0,1434.0,20884.0,15.99
2026-01-10,2026-01-10T00:00:00+09:00,ROASTED-BR,42970.0,0.0,6800.0,36170.0,5.64
2026-01-10,2026-01-10T00:00:00+09:00,ROASTED-CO,32970.0,0.0,6800.0,26170.0,4.08
2026-01-10,2026-01-10T00:00:00+09:00,ROASTED-ET,16826.0,0.0,2565.0,14261.0,7.33
2026-01-10,2026-01-10T00:00:00+09:00,ROASTED-GT,20884.0,0.0,1710.0,19174.0,14.79
2026-01-11,2026-01-11T00:00:00+09:00,ROASTED-BR,36170.0,0.0,5960.0,30210.0,4.7
2026-01-11,2026-01-11T00:00:00+09:00,ROASTED-CO,26170.0,0.0,5960.0,20210.0,3.15
2026-01-11,2026-01-11T00:00:00+09:00,ROASTED-ET,14261.0,0.0,2025.0,12236.0,6.29
2026-01-11,2026-01-11T00:00:00+09:00,ROASTED-GT,19174.0,0.0,1350.0,17824.0,13.75
2026-01-12,2026-01-12T00:00:00+09:00,ROASTED-BR,30210.0,19000.0,7980.0,41230.0,6.37
2026-01-12,2026-01-12T00:00:00+09:00,ROASTED-CO,20210.0,19000.0,7980.0,31230.0,4.82
2026-01-12,2026-01-12T00:00:00+09:00,ROASTED-ET,12236.0,5000.0,1908.0,15328.0,7.85
2026-01-12,2026-01-12T00:00:00+09:00,ROASTED-GT,17824.0,3500.0,1272.0,20052.0,15.41
2026-01-13,2026-01-13T00:00:00+09:00,ROASTED-BR,41230.0,0.0,4970.0,36260.0,5.64
2026-01-13,2026-01-13T00:00:00+09:00,ROASTED-CO,31230.0,0.0,4970.0,26260.0,4.09
2026-01-13,2026-01-13T00:00:00+09:00,ROASTED-ET,15328.0,0.0,1692.0,13636.0,6.99
2026-01-13,2026-01-13T00:00:00+09:00,ROASTED-GT,20052.0,0.0,1128.0,18924.0,14.55
2026-01-14,2026-01-14T00:00:00+09:00,ROASTED-BR,36260.0,0.0,6060.0,30200.0,4.68
2026-01-14,2026-01-14T00:00:00+09:00,ROASTED-CO,26260.0,0.0,6060.0,20200.0,3.13
2026-01-14,2026-01-14T00:00:00+09:00,ROASTED-ET,13636.0,0.0,1674.0,11962.0,6.14
2026-01-14,2026-01-14T00:00:00+09:00,ROASTED-GT,18924.0,0.0,1116.0,17808.0,13.7
2026-01-15,2026-01-15T00:00:00+09:00,ROASTED-BR,30200.0,17500.0,5110.0,42590.0,6.62
2026-01-15,2026-01-15T00:00:00+09:00,ROASTED-CO,20200.0,17500.0,5110.0,32590.0,5.07
2026-01-15,2026-01-15T00:00:00+09:00,ROASTED-ET,11962.0,6500.0,2124.0,16338.0,8.35
2026-01-15,2026-01-15T00:00:00+09:00,ROASTED-GT,17808.0,4500.0,1416.0,20892.0,16.01
2026-01-16,2026-01-16T00:00:00+09:00,ROASTED-BR,42590.0,0.0,5640.0,36950.0,5.76
2026-01-16,2026-01-16T00:00:00+09:00,ROASTED-CO,32590.0,0.0,5640.0,26950.0,4.2
2026-01-16,2026-01-16T00:00:00+09:00,ROASTED-ET,16338.0,0.0,2025.0,14313.0,7.33
2026-01-16,2026-01-16T00:00:00+09:00,ROASTED-GT,20892.0,0.0,1350.0,19542.0,15.0
2026-01-17,2026-01-17T00:00:00+09:00,ROASTED-BR,36950.0,0.0,6950.0,30000.0,4.69
2026-01-17,2026-01-17T00:00:00+09:00,ROASTED-CO,26950.0,0.0,6950.0,20000.0,3.12
2026-01-17,2026-01-17T00:00:00+09:00,ROASTED-ET,14313.0,0.0,2268.0,12045.0,6.17
2026-01-17,2026-01-17T00:00:00+09:00,ROASTED-GT,19542.0,0.0,1512.0,18030.0,13.86
2026-01-18,2026-01-18T00:00:00+09:00,ROASTED-BR,30000.0,19500.0,7120.0,42380.0,6.55
2026-01-18,2026-01-18T00:00:00+09:00,ROASTED-CO,20000.0,19500.0,7120.0,32380.0,5.01
2026-01-18,2026-01-18T00:00:00+09:00,ROASTED-ET,12045.0,5500.0,2088.0,15457.0,7.92
2026-01-18,2026-01-18T00:00:00+09:00,ROASTED-GT,18030.0,3500.0,1392.0,20138.0,15.47
2026-01-19,2026-01-19T00:00:00+09:00,ROASTED-BR,42380.0,0.0,6160.0,36220.0,5.59
2026-01-19,2026-01-19T00:00:00+09:00,ROASTED-CO,32380.0,0.0,6160.0,26220.0,4.04
2026-01-19,2026-01-19T00:00:00+09:00,ROASTED-ET,15457.0,0.0,1791.0,13666.0,6.99
2026-01-19,2026-01-19T00:00:00+09:00,ROASTED-GT,20138.0,0.0,1194.0,18944.0,14.53
2026-01-20,2026-01-20T00:00:00+09:00,ROASTED-BR,36220.0,0.0,5920.0,30300.0,4.69
2026-01-20,2026-01-20T00:00:00+09:00,ROASTED-CO,26220.0,0.0,5920.0,20300.0,3.14
2026-01-20,2026-01-20T00:00:00+09:00,ROASTED-ET,13666.0,0.0,1665.0,12001.0,6.16
2026-01-20,2026-01-20T00:00:00+09:00,ROASTED-GT,18944.0,0.0,1110.0,17834.0,13.72
2026-01-21,2026-01-21T00:00:00+09:00,ROASTED-BR,30300.0,18500.0,6870.0,41930.0,6.45
2026-01-21,2026-01-21T00:00:00+09:00,ROASTED-CO,20300.0,18500.0,6870.0,31930.0,4.91
2026-01-21,2026-01-21T00:00:00+09:00,ROASTED-ET,12001.0,5500.0,1629.0,15872.0,8.15
2026-01-21,2026-01-21T00:00:00+09:00,ROASTED-GT,17834.0,3500.0,1086.0,20248.0,15.6
2026-01-22,2026-01-22T00:00:00+09:00,ROASTED-BR,41930.0,0.0,6240.0,35690.0,5.46
2026-01-22,2026-01-22T00:00:00+09:00,ROASTED-CO,31930.0,0.0,6240.0,25690.0,3.93
2026-01-22,2026-01-22T00:00:00+09:00,ROASTED-ET,15872.0,0.0,1665.0,14207.0,7.3
2026-01-22,2026-01-22T00:00:00+09:00,ROASTED-GT,20248.0,0.0,1110.0,19138.0,14.76
2026-01-23,2026-01-23T00:00:00+09:00,ROASTED-BR,35690.0,0.0,5620.0,30070.0,4.67
2026-01-23,2026-01-23T00:00:00+09:00,ROASTED-CO,25690.0,0.0,5620.0,20070.0,3.11
2026-01-23,2026-01-23T00:00:00+09:00,ROASTED-ET,14207.0,0.0,1989.0,12218.0,6.29
2026-01-23,2026-01-23T00:00:00+09:00,ROASTED-GT,19138.0,0.0,1326.0,17812.0,13.76
2026-01-24,2026-01-24T00:00:00+09:00,ROASTED-BR,30070.0,22000.0,9720.0,42350.0,6.53
2026-01-24,2026-01-24T00:00:00+09:00,ROASTED-CO,20070.0,22000.0,9720.0,32350.0,4.99
2026-01-24,2026-01-24T00:00:00+09:00,ROASTED-ET,12218.0,6500.0,2421.0,16297.0,8.33
2026-01-24,2026-01-24T00:00:00+09:00,ROASTED-GT,17812.0,4500.0,1614.0,20698.0,15.87
2026-01-25,2026-01-25T00:00:00+09:00,ROASTED-BR,42350.0,0.0,5790.0,36560.0,5.62
2026-01-25,2026-01-25T00:00:00+09:00,ROASTED-CO,32350.0,0.0,5790.0,26560.0,4.08
2026-01-25,2026-01-25T00:00:00+09:00,ROASTED-ET,16297.0,0.0,2205.0,14092.0,7.19
2026-01-25,2026-01-25T00:00:00+09:00,ROASTED-GT,20698.0,0.0,1470.0,19228.0,14.71
2026-01-26,2026-01-26T00:00:00+09:00,ROASTED-BR,36560.0,0.0,6250.0,30310.0,4.65
2026-01-26,2026-01-26T00:00:00+09:00,ROASTED-CO,26560.0,0.0,6250.0,20310.0,3.11
2026-01-26,2026-01-26T00:00:00+09:00,ROASTED-ET,14092.0,0.0,1926.0,12166.0,6.17
2026-01-26,2026-01-26T00:00:00+09:00,ROASTED-GT,19228.0,0.0,1284.0,17944.0,13.66
2026-01-27,2026-01-27T00:00:00+09:00,ROASTED-BR,30310.0,18500.0,6230.0,42580.0,6.48
2026-01-27,2026-01-27T00:00:00+09:00,ROASTED-CO,20310.0,18500.0,6230.0,32580.0,4.96
2026-01-27,2026-01-27T00:00:00+09:00,ROASTED-ET,12166.0,5500.0,1773.0,15893.0,8.05
2026-01-27,2026-01-27T00:00:00+09:00,ROASTED-GT,17944.0,3500.0,1182.0,20262.0,15.4
2026-01-28,2026-01-28T00:00:00+09:00,ROASTED-BR,42580.0,0.0,5500.0,37080.0,5.67
2026-01-28,2026-01-28T00:00:00+09:00,ROASTED-CO,32580.0,0.0,5500.0,27080.0,4.14
2026-01-28,2026-01-28T00:00:00+09:00,ROASTED-ET,15893.0,0.0,1701.0,14192.0,7.19
2026-01-28,2026-01-28T00:00:00+09:00,ROASTED-GT,20262.0,0.0,1134.0,19128.0,14.53
2026-01-29,2026-01-29T00:00:00+09:00,ROASTED-BR,37080.0,0.0,6860.0,30220.0,4.67
2026-01-29,2026-01-29T00:00:00+09:00,ROASTED-CO,27080.0,0.0,6860.0,20220.0,3.13
2026-01-29,2026-01-29T00:00:00+09:00,ROASTED-ET,14192.0,0.0,1881.0,12311.0,6.27
2026-01-29,2026-01-29T00:00:00+09:00,ROASTED-GT,19128.0,0.0,1254.0,17874.0,13.66
2026-01-30,2026-01-30T00:00:00+09:00,ROASTED-BR,30220.0,22000.0,7750.0,44470.0,6.87
2026-01-30,2026-01-30T00:00:00+09:00,ROASTED-CO,20220.0,22000.0,7750.0,34470.0,5.33
2026-01-30,2026-01-30T00:00:00+09:00,ROASTED-ET,12311.0,6500.0,2097.0,16714.0,8.53
2026-01-30,2026-01-30T00:00:00+09:00,ROASTED-GT,17874.0,4500.0,1398.0,20976.0,16.06
2026-01-31,2026-01-31T00:00:00+09:00,ROASTED-BR,44470.0,0.0,7300.0,37170.0,5.78
2026-01-31,2026-01-31T00:00:00+09:00,ROASTED-CO,34470.0,0.0,7300.0,27170.0,4.22
2026-01-31,2026-01-31T00:00:00+09:00,ROASTED-ET,16714.0,0.0,2520.0,14194.0,7.2
2026-01-31,2026-01-31T00:00:00+09:00,ROASTED-GT,20976.0,0.0,1680.0,19296.0,14.67
2026-02-01,2026-02-01T00:00:00+09:00,ROASTED-BR,37170.0,0.0,6830.0,30340.0,4.7
2026-02-01,2026-02-01T00:00:00+09:00,ROASTED-CO,27170.0,0.0,6830.0,20340.0,3.15
2026-02-01,2026-02-01T00:00:00+09:00,ROASTED-ET,14194.0,0.0,1899.0,12295.0,6.25
2026-02-01,2026-02-01T00:00:00+09:00,ROASTED-GT,19296.0,0.0,1266.0,18030.0,13.75
2026-02-02,2026-02-02T00:00:00+09:00,ROASTED-BR,30340.0,16000.0,4710.0,41630.0,6.46
2026-02-02,2026-02-02T00:00:00+09:00,ROASTED-CO,20340.0,16000.0,4710.0,31630.0,4.91
2026-02-02,2026-02-02T00:00:00+09:00,ROASTED-ET,12295.0,4500.0,1647.0,15148.0,7.72
2026-02-02,2026-02-02T00:00:00+09:00,ROASTED-GT,18030.0,3000.0,1098.0,19932.0,15.23
2026-02-03,2026-02-03T00:00:00+09:00,ROASTED-BR,41630.0,0.0,5550.0,36080.0,5.62
2026-02-03,2026-02-03T00:00:00+09:00,ROASTED-CO,31630.0,0.0,5550.0,26080.0,4.06
2026-02-03,2026-02-03T00:00:00+09:00,ROASTED-ET,15148.0,0.0,1449.0,13699.0,7.01
2026-02-03,2026-02-03T00:00:00+09:00,ROASTED-GT,19932.0,0.0,966.0,18966.0,14.55
2026-02-04,2026-02-04T00:00:00+09:00,ROASTED-BR,36080.0,0.0,6140.0,29940.0,4.66
2026-02-04,2026-02-04T00:00:00+09:00,ROASTED-CO,26080.0,0.0,6140.0,19940.0,3.1
2026-02-04,2026-02-04T00:00:00+09:00,ROASTED-ET,13699.0,0.0,1863.0,11836.0,6.06
2026-02-04,2026-02-04T00:00:00+09:00,ROASTED-GT,18966.0,0.0,1242.0,17724.0,13.62
2026-02-05,2026-02-05T00:00:00+09:00,ROASTED-BR,29940.0,20500.0,5850.0,44590.0,6.95
2026-02-05,2026-02-05T00:00:00+09:00,ROASTED-CO,19940.0,20500.0,5850.0,34590.0,5.39
2026-02-05,2026-02-05T00:00:00+09:00,ROASTED-ET,11836.0,6500.0,1845.0,16491.0,8.47
2026-02-05,2026-02-05T00:00:00+09:00,ROASTED-GT,17724.0,4500.0,1230.0,20994.0,16.18
2026-02-06,2026-02-06T00:00:00+09:00,ROASTED-BR,44590.0,0.0,6520.0,38070.0,5.98
2026-02-06,2026-02-06T00:00:00+09:00,ROASTED-CO,34590.0,0.0,6520.0,28070.0,4.41
2026-02-06,2026-02-06T00:00:00+09:00,ROASTED-ET,16491.0,0.0,2160.0,14331.0,7.36
2026-02-06,2026-02-06T00:00:00+09:00,ROASTED-GT,20994.0,0.0,1440.0,19554.0,15.07
2026-02-07,2026-02-07T00:00:00+09:00,ROASTED-BR,38070.0,0.0,7990.0,30080.0,4.69
2026-02-07,2026-02-07T00:00:00+09:00,ROASTED-CO,28070.0,0.0,7990.0,20080.0,3.13
2026-02-07,2026-02-07T00:00:00+09:00,ROASTED-ET,14331.0,0.0,2151.0,12180.0,6.31
2026-02-07,2026-02-07T00:00:00+09:00,ROASTED-GT,19554.0,0.0,1434.0,18120.0,14.07
2026-02-08,2026-02-08T00:00:00+09:00,ROASTED-BR,30080.0,16500.0,5790.0,40790.0,6.37
2026-02-08,2026-02-08T00:00:00+09:00,ROASTED-CO,20080.0,16500.0,5790.0,30790.0,4.81
2026-02-08,2026-02-08T00:00:00+09:00,ROASTED-ET,12180.0,5500.0,1989.0,15691.0,8.13
2026-02-08,2026-02-08T00:00:00+09:00,ROASTED-GT,18120.0,3500.0,1326.0,20294.0,15.77
2026-02-09,2026-02-09T00:00:00+09:00,ROASTED-BR,40790.0,0.0,5500.0,35290.0,5.58
2026-02-09,2026-02-09T00:00:00+09:00,ROASTED-CO,30790.0,0.0,5500.0,25290.0,4.0
2026-02-09,2026-02-09T00:00:00+09:00,ROASTED-ET,15691.0,0.0,1746.0,13945.0,7.25
2026-02-09,2026-02-09T00:00:00+09:00,ROASTED-GT,20294.0,0.0,1164.0,19130.0,14.91
2026-02-10,2026-02-10T00:00:00+09:00,ROASTED-BR,35290.0,0.0,5080.0,30210.0,4.78
2026-02-10,2026-02-10T00:00:00+09:00,ROASTED-CO,25290.0,0.0,5080.0,20210.0,3.2
2026-02-10,2026-02-10T00:00:00+09:00,ROASTED-ET,13945.0,0.0,1962.0,11983.0,6.2
2026-02-10,2026-02-10T00:00:00+09:00,ROASTED-GT,19130.0,0.0,1308.0,17822.0,13.82
2026-02-11,2026-02-11T00:00:00+09:00,ROASTED-BR,30210.0,21000.0,8190.0,43020.0,6.72
2026-02-11,2026-02-11T00:00:00+09:00,ROASTED-CO,20210.0,21000.0,8190.0,33020.0,5.16
2026-02-11,2026-02-11T00:00:00+09:00,ROASTED-ET,11983.0,6500.0,2286.0,16197.0,8.28
2026-02-11,2026-02-11T00:00:00+09:00,ROASTED-GT,17822.0,4500.0,1524.0,20798.0,15.95
2026-02-12,2026-02-12T00:00:00+09:00,ROASTED-BR,43020.0,0.0,6350.0,36670.0,5.69
2026-02-12,2026-02-12T00:00:00+09:00,ROASTED-CO,33020.0,0.0,6350.0,26670.0,4.14
2026-02-12,2026-02-12T00:00:00+09:00,ROASTED-ET,16197.0,0.0,1926.0,14271.0,7.32
2026-02-12,2026-02-12T00:00:00+09:00,ROASTED-GT,20798.0,0.0,1284.0,19514.0,15.02
2026-02-13,2026-02-13T00:00:00+09:00,ROASTED-BR,36670.0,0.0,6280.0,30390.0,4.7
2026-02-13,2026-02-13T00:00:00+09:00,ROASTED-CO,26670.0,0.0,6280.0,20390.0,3.15
2026-02-13,2026-02-13T00:00:00+09:00,ROASTED-ET,14271.0,0.0,2187.0,12084.0,6.18
2026-02-13,2026-02-13T00:00:00+09:00,ROASTED-GT,19514.0,0.0,1458.0,18056.0,13.86
2026-02-14,2026-02-14T00:00:00+09:00,ROASTED-BR,30390.0,18000.0,7330.0,41060.0,6.34
2026-02-14,2026-02-14T00:00:00+09:00,ROASTED-CO,20390.0,18000.0,7330.0,31060.0,4.79
2026-02-14,2026-02-14T00:00:00+09:00,ROASTED-ET,12084.0,6000.0,2232.0,15852.0,8.12
2026-02-14,2026-02-14T00:00:00+09:00,ROASTED-GT,18056.0,3500.0,1488.0,20068.0,15.41
2026-02-15,2026-02-15T00:00:00+09:00,ROASTED-BR,41060.0,0.0,5520.0,35540.0,5.53
2026-02-15,2026-02-15T00:00:00+09:00,ROASTED-CO,31060.0,0.0,5520.0,25540.0,3.98
2026-02-15,2026-02-15T00:00:00+09:00,ROASTED-ET,15852.0,0.0,1710.0,14142.0,7.29
2026-02-15,2026-02-15T00:00:00+09:00,ROASTED-GT,20068.0,0.0,1140.0,18928.0,14.64
2026-02-16,2026-02-16T00:00:00+09:00,ROASTED-BR,35540.0,0.0,5270.0,30270.0,4.74
2026-02-16,2026-02-16T00:00:00+09:00,ROASTED-CO,25540.0,0.0,5270.0,20270.0,3.17
2026-02-16,2026-02-16T00:00:00+09:00,ROASTED-ET,14142.0,0.0,1944.0,12198.0,6.27
2026-02-16,2026-02-16T00:00:00+09:00,ROASTED-GT,18928.0,0.0,1296.0,17632.0,13.6
2026-02-17,2026-02-17T00:00:00+09:00,ROASTED-BR,30270.0,17500.0,5570.0,42200.0,6.62
2026-02-17,2026-02-17T00:00:00+09:00,ROASTED-CO,20270.0,17500.0,5570.0,32200.0,5.05
2026-02-17,2026-02-17T00:00:00+09:00,ROASTED-ET,12198.0,5500.0,1584.0,16114.0,8.3
2026-02-17,2026-02-17T00:00:00+09:00,ROASTED-GT,17632.0,4000.0,1056.0,20576.0,15.89
2026-02-18,2026-02-18T00:00:00+09:00,ROASTED-BR,42200.0,0.0,6240.0,35960.0,5.66
2026-02-18,2026-02-18T00:00:00+09:00,ROASTED-CO,32200.0,0.0,6240.0,25960.0,4.08
2026-02-18,2026-02-18T00:00:00+09:00,ROASTED-ET,16114.0,0.0,1836.0,14278.0,7.32
2026-02-18,2026-02-18T00:00:00+09:00,ROASTED-GT,20576.0,0.0,1224.0,19352.0,14.89
2026-02-19,2026-02-19T00:00:00+09:00,ROASTED-BR,35960.0,0.0,5580.0,30380.0,4.8
2026-02-19,2026-02-19T00:00:00+09:00,ROASTED-CO,25960.0,0.0,5580.0,20380.0,3.22
2026-02-19,2026-02-19T00:00:00+09:00,ROASTED-ET,14278.0,0.0,1980.0,12298.0,6.27
2026-02-19,2026-02-19T00:00:00+09:00,ROASTED-GT,19352.0,0.0,1320.0,18032.0,13.79
2026-02-20,2026-02-20T00:00:00+09:00,ROASTED-BR,30380.0,20500.0,7930.0,42950.0,6.7
2026-02-20,2026-02-20T00:00:00+09:00,ROASTED-CO,20380.0,20500.0,7930.0,32950.0,5.14
2026-02-20,2026-02-20T00:00:00+09:00,ROASTED-ET,12298.0,6500.0,2250.0,16548.0,8.4
2026-02-20,2026-02-20T00:00:00+09:00,ROASTED-GT,18032.0,4500.0,1500.0,21032.0,16.01
2026-02-21,2026-02-21T00:00:00+09:00,ROASTED-BR,42950.0,0.0,6960.0,35990.0,5.7
2026-02-21,2026-02-21T00:00:00+09:00,ROASTED-CO,32950.0,0.0,6960.0,25990.0,4.11
2026-02-21,2026-02-21T00:00:00+09:00,ROASTED-ET,16548.0,0.0,2529.0,14019.0,7.1
2026-02-21,2026-02-21T00:00:00+09:00,ROASTED-GT,21032.0,0.0,1686.0,19346.0,14.7
2026-02-22,2026-02-22T00:00:00+09:00,ROASTED-BR,35990.0,0.0,6010.0,29980.0,4.74
2026-02-22,2026-02-22T00:00:00+09:00,ROASTED-CO,25990.0,0.0,6010.0,19980.0,3.16
2026-02-22,2026-02-22T00:00:00+09:00,ROASTED-ET,14019.0,0.0,2052.0,11967.0,6.08
2026-02-22,2026-02-22T00:00:00+09:00,ROASTED-GT,19346.0,0.0,1368.0,17978.0,13.7
2026-02-23,2026-02-23T00:00:00+09:00,ROASTED-BR,29980.0,18500.0,6760.0,41720.0,6.58
2026-02-23,2026-02-23T00:00:00+09:00,ROASTED-CO,19980.0,18500.0,6760.0,31720.0,5.0
2026-02-23,2026-02-23T00:00:00+09:00,ROASTED-ET,11967.0,5500.0,1917.0,15550.0,7.9
2026-02-23,2026-02-23T00:00:00+09:00,ROASTED-GT,17978.0,3500.0,1278.0,20200.0,15.39
2026-02-24,2026-02-24T00:00:00+09:00,ROASTED-BR,41720.0,0.0,6130.0,35590.0,5.61
2026-02-24,2026-02-24T00:00:00+09:00,ROASTED-CO,31720.0,0.0,6130.0,25590.0,4.04
2026-02-24,2026-02-24T00:00:00+09:00,ROASTED-ET,15550.0,0.0,1989.0,13561.0,6.86
2026-02-24,2026-02-24T00:00:00+09:00,ROASTED-GT,20200.0,0.0,1326.0,18874.0,14.33
2026-02-25,2026-02-25T00:00:00+09:00,ROASTED-BR,35590.0,0.0,5330.0,30260.0,4.78
2026-02-25,2026-02-25T00:00:00+09:00,ROASTED-CO,25590.0,0.0,5330.0,20260.0,3.2
2026-02-25,2026-02-25T00:00:00+09:00,ROASTED-ET,13561.0,0.0,1737.0,11824.0,5.98
2026-02-25,2026-02-25T00:00:00+09:00,ROASTED-GT,18874.0,0.0,1158.0,17716.0,13.44
2026-02-26,2026-02-26T00:00:00+09:00,ROASTED-BR,30260.0,19500.0,5720.0,44040.0,7.0
2026-02-26,2026-02-26T00:00:00+09:00,ROASTED-CO,20260.0,19500.0,5720.0,34040.0,5.41
2026-02-26,2026-02-26T00:00:00+09:00,ROASTED-ET,11824.0,7000.0,1899.0,16925.0,8.56
2026-02-26,2026-02-26T00:00:00+09:00,ROASTED-GT,17716.0,4500.0,1266.0,20950.0,15.89
2026-02-27,2026-02-27T00:00:00+09:00,ROASTED-BR,44040.0,0.0,6940.0,37100.0,5.92
2026-02-27,2026-02-27T00:00:00+09:00,ROASTED-CO,34040.0,0.0,6940.0,27100.0,4.33
2026-02-27,2026-02-27T00:00:00+09:00,ROASTED-ET,16925.0,0.0,2331.0,14594.0,7.35
2026-02-27,2026-02-27T00:00:00+09:00,ROASTED-GT,20950.0,0.0,1554.0,19396.0,14.65
2026-02-28,2026-02-28T00:00:00+09:00,ROASTED-BR,37100.0,0.0,6960.0,30140.0,4.82
2026-02-28,2026-02-28T00:00:00+09:00,ROASTED-CO,27100.0,0.0,6960.0,20140.0,3.22
2026-02-28,2026-02-28T00:00:00+09:00,ROASTED-ET,14594.0,0.0,2313.0,12281.0,6.21
2026-02-28,2026-02-28T00:00:00+09:00,ROASTED-GT,19396.0,0.0,1542.0,17854.0,13.53
2026-03-01,2026-03-01T00:00:00+09:00,ROASTED-BR,30140.0,15500.0,5610.0,40030.0,6.45
2026-03-01,2026-03-01T00:00:00+09:00,ROASTED-CO,20140.0,15500.0,5610.0,30030.0,4.84
2026-03-01,2026-03-01T00:00:00+09:00,ROASTED-ET,12281.0,5500.0,2034.0,15747.0,7.94
2026-03-01,2026-03-01T00:00:00+09:00,ROASTED-GT,17854.0,3500.0,1356.0,19998.0,15.12
2026-03-02,2026-03-02T00:00:00+09:00,ROASTED-BR,40030.0,0.0,5460.0,34570.0,5.55
2026-03-02,2026-03-02T00:00:00+09:00,ROASTED-CO,30030.0,0.0,5460.0,24570.0,3.94
2026-03-02,2026-03-02T00:00:00+09:00,ROASTED-ET,15747.0,0.0,1908.0,13839.0,6.94
2026-03-02,2026-03-02T00:00:00+09:00,ROASTED-GT,19998.0,0.0,1272.0,18726.0,14.09
2026-03-03,2026-03-03T00:00:00+09:00,ROASTED-BR,34570.0,0.0,4500.0,30070.0,4.85
2026-03-03,2026-03-03T00:00:00+09:00,ROASTED-CO,24570.0,0.0,4500.0,20070.0,3.24
2026-03-03,2026-03-03T00:00:00+09:00,ROASTED-ET,13839.0,0.0,1638.0,12201.0,6.1
2026-03-03,2026-03-03T00:00:00+09:00,ROASTED-GT,18726.0,0.0,1092.0,17634.0,13.23
2026-03-04,2026-03-04T00:00:00+09:00,ROASTED-BR,30070.0,19500.0,5890.0,43680.0,7.06
2026-03-04,2026-03-04T00:00:00+09:00,ROASTED-CO,20070.0,19500.0,5890.0,33680.0,5.44
2026-03-04,2026-03-04T00:00:00+09:00,ROASTED-ET,12201.0,6000.0,1647.0,16554.0,8.31
2026-03-04,2026-03-04T00:00:00+09:00,ROASTED-GT,17634.0,4000.0,1098.0,20536.0,15.46
2026-03-05,2026-03-05T00:00:00+09:00,ROASTED-BR,43680.0,0.0,6250.0,37430.0,6.04
2026-03-05,2026-03-05T00:00:00+09:00,ROASTED-CO,33680.0,0.0,6250.0,27430.0,4.42
2026-03-05,2026-03-05T00:00:00+09:00,ROASTED-ET,16554.0,0.0,2025.0,14529.0,7.27
2026-03-05,2026-03-05T00:00:00+09:00,ROASTED-GT,20536.0,0.0,1350.0,19186.0,14.4
2026-03-06,2026-03-06T00:00:00+09:00,ROASTED-BR,37430.0,0.0,7080.0,30350.0,4.88
2026-03-06,2026-03-06T00:00:00+09:00,ROASTED-CO,27430.0,0.0,7080.0,20350.0,3.27
2026-03-06,2026-03-06T00:00:00+09:00,ROASTED-ET,14529.0,0.0,2259.0,12270.0,6.13
2026-03-06,2026-03-06T00:00:00+09:00,ROASTED-GT,19186.0,0.0,1506.0,17680.0,13.25
2026-03-07,2026-03-07T00:00:00+09:00,ROASTED-BR,30350.0,19500.0,8560.0,41290.0,6.61
2026-03-07,2026-03-07T00:00:00+09:00,ROASTED-CO,20350.0,19500.0,8560.0,31290.0,5.01
2026-03-07,2026-03-07T00:00:00+09:00,ROASTED-ET,12270.0,6000.0,2637.0,15633.0,7.74
2026-03-07,2026-03-07T00:00:00+09:00,ROASTED-GT,17680.0,4500.0,1758.0,20422.0,15.17
2026-03-08,2026-03-08T00:00:00+09:00,ROASTED-BR,41290.0,0.0,6020.0,35270.0,5.64
2026-03-08,2026-03-08T00:00:00+09:00,ROASTED-CO,31290.0,0.0,6020.0,25270.0,4.04
2026-03-08,2026-03-08T00:00:00+09:00,ROASTED-ET,15633.0,0.0,1971.0,13662.0,6.77
2026-03-08,2026-03-08T00:00:00+09:00,ROASTED-GT,20422.0,0.0,1314.0,19108.0,14.2
2026-03-09,2026-03-09T00:00:00+09:00,ROASTED-BR,35270.0,0.0,5060.0,30210.0,4.85
2026-03-09,2026-03-09T00:00:00+09:00,ROASTED-CO,25270.0,0.0,5060.0,20210.0,3.24
2026-03-09,2026-03-09T00:00:00+09:00,ROASTED-ET,13662.0,0.0,1755.0,11907.0,5.9
2026-03-09,2026-03-09T00:00:00+09:00,ROASTED-GT,19108.0,0.0,1170.0,17938.0,13.33
2026-03-10,2026-03-10T00:00:00+09:00,ROASTED-BR,30210.0,18000.0,5490.0,42720.0,6.84
2026-03-10,2026-03-10T00:00:00+09:00,ROASTED-CO,20210.0,18000.0,5490.0,32720.0,5.24
2026-03-10,2026-03-10T00:00:00+09:00,ROASTED-ET,11907.0,5500.0,1683.0,15724.0,7.83
2026-03-10,2026-03-10T00:00:00+09:00,ROASTED-GT,17938.0,3500.0,1122.0,20316.0,15.17
2026-03-11,2026-03-11T00:00:00+09:00,ROASTED-BR,42720.0,0.0,5840.0,36880.0,5.98
2026-03-11,2026-03-11T00:00:00+09:00,ROASTED-CO,32720.0,0.0,5840.0,26880.0,4.36
2026-03-11,2026-03-11T00:00:00+09:00,ROASTED-ET,15724.0,0.0,1755.0,13969.0,7.02
2026-03-11,2026-03-11T00:00:00+09:00,ROASTED-GT,20316.0,0.0,1170.0,19146.0,14.43
2026-03-12,2026-03-12T00:00:00+09:00,ROASTED-BR,36880.0,0.0,6520.0,30360.0,4.92
2026-03-12,2026-03-12T00:00:00+09:00,ROASTED-CO,26880.0,0.0,6520.0,20360.0,3.3
2026-03-12,2026-03-12T00:00:00+09:00,ROASTED-ET,13969.0,0.0,1755.0,12214.0,6.16
2026-03-12,2026-03-12T00:00:00+09:00,ROASTED-GT,19146.0,0.0,1170.0,17976.0,13.59
2026-03-13,2026-03-13T00:00:00+09:00,ROASTED-BR,30360.0,18000.0,6980.0,41380.0,6.68
2026-03-13,2026-03-13T00:00:00+09:00,ROASTED-CO,20360.0,18000.0,6980.0,31380.0,5.06
2026-03-13,2026-03-13T00:00:00+09:00,ROASTED-ET,12214.0,6500.0,2340.0,16374.0,8.23
2026-03-13,2026-03-13T00:00:00+09:00,ROASTED-GT,17976.0,4000.0,1560.0,20416.0,15.39
2026-03-14,2026-03-14T00:00:00+09:00,ROASTED-BR,41380.0,0.0,6700.0,34680.0,5.62
2026-03-14,2026-03-14T00:00:00+09:00,ROASTED-CO,31380.0,0.0,6700.0,24680.0,4.0
2026-03-14,2026-03-14T00:00:00+09:00,ROASTED-ET,16374.0,0.0,2232.0,14142.0,7.11
2026-03-14,2026-03-14T00:00:00+09:00,ROASTED-GT,20416.0,0.0,1488.0,18928.0,14.27
2026-03-15,2026-03-15T00:00:00+09:00,ROASTED-BR,34680.0,0.0,4490.0,30190.0,4.92
2026-03-15,2026-03-15T00:00:00+09:00,ROASTED-CO,24680.0,0.0,4490.0,20190.0,3.29
2026-03-15,2026-03-15T00:00:00+09:00,ROASTED-ET,14142.0,0.0,1899.0,12243.0,6.13
2026-03-15,2026-03-15T00:00:00+09:00,ROASTED-GT,18928.0,0.0,1266.0,17662.0,13.27
2026-03-16,2026-03-16T00:00:00+09:00,ROASTED-BR,30190.0,16500.0,6180.0,40510.0,6.57
2026-03-16,2026-03-16T00:00:00+09:00,ROASTED-CO,20190.0,16500.0,6180.0,30510.0,4.94
2026-03-16,2026-03-16T00:00:00+09:00,ROASTED-ET,12243.0,5000.0,1683.0,15560.0,7.83
2026-03-16,2026-03-16T00:00:00+09:00,ROASTED-GT,17662.0,4000.0,1122.0,20540.0,15.51
2026-03-17,2026-03-17T00:00:00+09:00,ROASTED-BR,40510.0,0.0,4900.0,35610.0,5.79
2026-03-17,2026-03-17T00:00:00+09:00,ROASTED-CO,30510.0,0.0,4900.0,25610.0,4.17
2026-03-17,2026-03-17T00:00:00+09:00,ROASTED-ET,15560.0,0.0,1791.0,13769.0,6.9
2026-03-17,2026-03-17T00:00:00+09:00,ROASTED-GT,20540.0,0.0,1194.0,19346.0,14.55
2026-03-18,2026-03-18T00:00:00+09:00,ROASTED-BR,35610.0,0.0,5680.0,29930.0,4.89
2026-03-18,2026-03-18T00:00:00+09:00,ROASTED-CO,25610.0,0.0,5680.0,19930.0,3.25
2026-03-18,2026-03-18T00:00:00+09:00,ROASTED-ET,13769.0,0.0,1872.0,11897.0,5.96
2026-03-18,2026-03-18T00:00:00+09:00,ROASTED-GT,19346.0,0.0,1248.0,18098.0,13.6
2026-03-19,2026-03-19T00:00:00+09:00,ROASTED-BR,29930.0,22000.0,6020.0,45910.0,7.48
2026-03-19,2026-03-19T00:00:00+09:00,ROASTED-CO,19930.0,22000.0,6020.0,35910.0,5.85
2026-03-19,2026-03-19T00:00:00+09:00,ROASTED-ET,11897.0,6500.0,1458.0,16939.0,8.57
2026-03-19,2026-03-19T00:00:00+09:00,ROASTED-GT,18098.0,4000.0,972.0,21126.0,16.03
2026-03-20,2026-03-20T00:00:00+09:00,ROASTED-BR,45910.0,0.0,8080.0,37830.0,6.15
2026-03-20,2026-03-20T00:00:00+09:00,ROASTED-CO,35910.0,0.0,8080.0,27830.0,4.53
2026-03-20,2026-03-20T00:00:00+09:00,ROASTED-ET,16939.0,0.0,2232.0,14707.0,7.44
2026-03-20,2026-03-20T00:00:00+09:00,ROASTED-GT,21126.0,0.0,1488.0,19638.0,14.9
2026-03-21,2026-03-21T00:00:00+09:00,ROASTED-BR,37830.0,0.0,7640.0,30190.0,4.89
2026-03-21,2026-03-21T00:00:00+09:00,ROASTED-CO,27830.0,0.0,7640.0,20190.0,3.27
2026-03-21,2026-03-21T00:00:00+09:00,ROASTED-ET,14707.0,0.0,2421.0,12286.0,6.23
2026-03-21,2026-03-21T00:00:00+09:00,ROASTED-GT,19638.0,0.0,1614.0,18024.0,13.71
2026-03-22,2026-03-22T00:00:00+09:00,ROASTED-BR,30190.0,15500.0,5100.0,40590.0,6.61
2026-03-22,2026-03-22T00:00:00+09:00,ROASTED-CO,20190.0,15500.0,5100.0,30590.0,4.98
2026-03-22,2026-03-22T00:00:00+09:00,ROASTED-ET,12286.0,4500.0,1872.0,14914.0,7.59
2026-03-22,2026-03-22T00:00:00+09:00,ROASTED-GT,18024.0,3000.0,1248.0,19776.0,15.09
2026-03-23,2026-03-23T00:00:00+09:00,ROASTED-BR,40590.0,0.0,5930.0,34660.0,5.67
2026-03-23,2026-03-23T00:00:00+09:00,ROASTED-CO,30590.0,0.0,5930.0,24660.0,4.04
2026-03-23,2026-03-23T00:00:00+09:00,ROASTED-ET,14914.0,0.0,1593.0,13321.0,6.82
2026-03-23,2026-03-23T00:00:00+09:00,ROASTED-GT,19776.0,0.0,1062.0,18714.0,14.36
2026-03-24,2026-03-24T00:00:00+09:00,ROASTED-BR,34660.0,0.0,4400.0,30260.0,5.0
2026-03-24,2026-03-24T00:00:00+09:00,ROASTED-CO,24660.0,0.0,4400.0,20260.0,3.35
2026-03-24,2026-03-24T00:00:00+09:00,ROASTED-ET,13321.0,0.0,1422.0,11899.0,6.15
2026-03-24,2026-03-24T00:00:00+09:00,ROASTED-GT,18714.0,0.0,948.0,17766.0,13.78
2026-03-25,2026-03-25T00:00:00+09:00,ROASTED-BR,30260.0,19000.0,6450.0,42810.0,7.03
2026-03-25,2026-03-25T00:00:00+09:00,ROASTED-CO,20260.0,19000.0,6450.0,32810.0,5.39
2026-03-25,2026-03-25T00:00:00+09:00,ROASTED-ET,11899.0,5500.0,1593.0,15806.0,8.19
2026-03-25,2026-03-25T00:00:00+09:00,ROASTED-GT,17766.0,3500.0,1062.0,20204.0,15.71
2026-03-26,2026-03-26T00:00:00+09:00,ROASTED-BR,42810.0,0.0,5020.0,37790.0,6.23
2026-03-26,2026-03-26T00:00:00+09:00,ROASTED-CO,32810.0,0.0,5020.0,27790.0,4.58
2026-03-26,2026-03-26T00:00:00+09:00,ROASTED-ET,15806.0,0.0,1710.0,14096.0,7.33
2026-03-26,2026-03-26T00:00:00+09:00,ROASTED-GT,20204.0,0.0,1140.0,19064.0,14.87
2026-03-27,2026-03-27T00:00:00+09:00,ROASTED-BR,37790.0,0.0,7620.0,30170.0,4.96
2026-03-27,2026-03-27T00:00:00+09:00,ROASTED-CO,27790.0,0.0,7620.0,20170.0,3.31
2026-03-27,2026-03-27T00:00:00+09:00,ROASTED-ET,14096.0,0.0,2043.0,12053.0,6.3
2026-03-27,2026-03-27T00:00:00+09:00,ROASTED-GT,19064.0,0.0,1362.0,17702.0,13.89
2026-03-28,2026-03-28T00:00:00+09:00,ROASTED-BR,30170.0,18500.0,7080.0,41590.0,6.83
2026-03-28,2026-03-28T00:00:00+09:00,ROASTED-CO,20170.0,18500.0,7080.0,31590.0,5.19
2026-03-28,2026-03-28T00:00:00+09:00,ROASTED-ET,12053.0,6000.0,2160.0,15893.0,8.34
2026-03-28,2026-03-28T00:00:00+09:00,ROASTED-GT,17702.0,4000.0,1440.0,20262.0,15.94
2026-03-29,2026-03-29T00:00:00+09:00,ROASTED-BR,41590.0,0.0,5100.0,36490.0,6.01
2026-03-29,2026-03-29T00:00:00+09:00,ROASTED-CO,31590.0,0.0,5100.0,26490.0,4.36
2026-03-29,2026-03-29T00:00:00+09:00,ROASTED-ET,15893.0,0.0,2007.0,13886.0,7.29
2026-03-29,2026-03-29T00:00:00+09:00,ROASTED-GT,20262.0,0.0,1338.0,18924.0,14.89
2026-03-30,2026-03-30T00:00:00+09:00,ROASTED-BR,36490.0,0.0,6370.0,30120.0,4.93
2026-03-30,2026-03-30T00:00:00+09:00,ROASTED-CO,26490.0,0.0,6370.0,20120.0,3.3
2026-03-30,2026-03-30T00:00:00+09:00,ROASTED-ET,13886.0,0.0,1665.0,12221.0,6.44
2026-03-30,2026-03-30T00:00:00+09:00,ROASTED-GT,18924.0,0.0,1110.0,17814.0,14.09
2026-03-31,2026-03-31T00:00:00+09:00,ROASTED-BR,30120.0,16000.0,5240.0,40880.0,6.67
2026-03-31,2026-03-31T00:00:00+09:00,ROASTED-CO,20120.0,16000.0,5240.0,30880.0,5.04
2026-03-31,2026-03-31T00:00:00+09:00,ROASTED-ET,12221.0,4500.0,1296.0,15425.0,8.18
2026-03-31,2026-03-31T00:00:00+09:00,ROASTED-GT,17814.0,3000.0,864.0,19950.0,15.88
2026-04-01,2026-04-01T00:00:00+09:00,ROASTED-BR,40880.0,0.0,5320.0,35560.0,5.82
2026-04-01,2026-04-01T00:00:00+09:00,ROASTED-CO,30880.0,0.0,5320.0,25560.0,4.18
2026-04-01,2026-04-01T00:00:00+09:00,ROASTED-ET,15425.0,0.0,1611.0,13814.0,7.33
2026-04-01,2026-04-01T00:00:00+09:00,ROASTED-GT,19950.0,0.0,1074.0,18876.0,15.03
2026-04-02,2026-04-02T00:00:00+09:00,ROASTED-BR,35560.0,0.0,5280.0,30280.0,4.98
2026-04-02,2026-04-02T00:00:00+09:00,ROASTED-CO,25560.0,0.0,5280.0,20280.0,3.34
2026-04-02,2026-04-02T00:00:00+09:00,ROASTED-ET,13814.0,0.0,1746.0,12068.0,6.44
2026-04-02,2026-04-02T00:00:00+09:00,ROASTED-GT,18876.0,0.0,1164.0,17712.0,14.18
2026-04-03,2026-04-03T00:00:00+09:00,ROASTED-BR,30280.0,21500.0,6380.0,45400.0,7.5
2026-04-03,2026-04-03T00:00:00+09:00,ROASTED-CO,20280.0,21500.0,6380.0,35400.0,5.85
2026-04-03,2026-04-03T00:00:00+09:00,ROASTED-ET,12068.0,5500.0,1926.0,15642.0,8.4
2026-04-03,2026-04-03T00:00:00+09:00,ROASTED-GT,17712.0,4000.0,1284.0,20428.0,16.46
2026-04-04,2026-04-04T00:00:00+09:00,ROASTED-BR,45400.0,0.0,8380.0,37020.0,6.12
2026-04-04,2026-04-04T00:00:00+09:00,ROASTED-CO,35400.0,0.0,8380.0,27020.0,4.47
2026-04-04,2026-04-04T00:00:00+09:00,ROASTED-ET,15642.0,0.0,2034.0,13608.0,7.39
2026-04-04,2026-04-04T00:00:00+09:00,ROASTED-GT,20428.0,0.0,1356.0,19072.0,15.55
2026-04-05,2026-04-05T00:00:00+09:00,ROASTED-BR,37020.0,0.0,6900.0,30120.0,4.96
2026-04-05,2026-04-05T00:00:00+09:00,ROASTED-CO,27020.0,0.0,6900.0,20120.0,3.31
2026-04-05,2026-04-05T00:00:00+09:00,ROASTED-ET,13608.0,0.0,1629.0,11979.0,6.55
2026-04-05,2026-04-05T00:00:00+09:00,ROASTED-GT,19072.0,0.0,1086.0,17986.0,14.76
2026-04-06,2026-04-06T00:00:00+09:00,ROASTED-BR,30120.0,15500.0,5190.0,40430.0,6.65
2026-04-06,2026-04-06T00:00:00+09:00,ROASTED-CO,20120.0,15500.0,5190.0,30430.0,5.0
2026-04-06,2026-04-06T00:00:00+09:00,ROASTED-ET,11979.0,5000.0,1755.0,15224.0,8.33
2026-04-06,2026-04-06T00:00:00+09:00,ROASTED-GT,17986.0,3000.0,1170.0,19816.0,16.26
2026-04-07,2026-04-07T00:00:00+09:00,ROASTED-BR,40430.0,0.0,5090.0,35340.0,5.82
2026-04-07,2026-04-07T00:00:00+09:00,ROASTED-CO,30430.0,0.0,5090.0,25340.0,4.18
2026-04-07,2026-04-07T00:00:00+09:00,ROASTED-ET,15224.0,0.0,1458.0,13766.0,7.56
2026-04-07,2026-04-07T00:00:00+09:00,ROASTED-GT,19816.0,0.0,972.0,18844.0,15.53
2026-04-08,2026-04-08T00:00:00+09:00,ROASTED-BR,35340.0,0.0,5220.0,30120.0,4.98
2026-04-08,2026-04-08T00:00:00+09:00,ROASTED-CO,25340.0,0.0,5220.0,20120.0,3.33
2026-04-08,2026-04-08T00:00:00+09:00,ROASTED-ET,13766.0,0.0,1719.0,12047.0,6.62
2026-04-08,2026-04-08T00:00:00+09:00,ROASTED-GT,18844.0,0.0,1146.0,17698.0,14.6
2026-04-09,2026-04-09T00:00:00+09:00,ROASTED-BR,30120.0,18000.0,5210.0,42910.0,7.15
2026-04-09,2026-04-09T00:00:00+09:00,ROASTED-CO,20120.0,18000.0,5210.0,32910.0,5.49
2026-04-09,2026-04-09T00:00:00+09:00,ROASTED-ET,12047.0,6000.0,2016.0,16031.0,8.77
2026-04-09,2026-04-09T00:00:00+09:00,ROASTED-GT,17698.0,4000.0,1344.0,20354.0,16.7
2026-04-10,2026-04-10T00:00:00+09:00,ROASTED-BR,42910.0,0.0,5610.0,37300.0,6.27
2026-04-10,2026-04-10T00:00:00+09:00,ROASTED-CO,32910.0,0.0,5610.0,27300.0,4.59
2026-04-10,2026-04-10T00:00:00+09:00,ROASTED-ET,16031.0,0.0,1827.0,14204.0,7.85
2026-04-10,2026-04-10T00:00:00+09:00,ROASTED-GT,20354.0,0.0,1218.0,19136.0,15.86
2026-04-11,2026-04-11T00:00:00+09:00,ROASTED-BR,37300.0,0.0,6980.0,30320.0,5.09
2026-04-11,2026-04-11T00:00:00+09:00,ROASTED-CO,27300.0,0.0,6980.0,20320.0,3.41
2026-04-11,2026-04-11T00:00:00+09:00,ROASTED-ET,14204.0,0.0,2043.0,12161.0,6.75
2026-04-11,2026-04-11T00:00:00+09:00,ROASTED-GT,19136.0,0.0,1362.0,17774.0,14.79
2026-04-12,2026-04-12T00:00:00+09:00,ROASTED-BR,30320.0,19500.0,7560.0,42260.0,6.96
2026-04-12,2026-04-12T00:00:00+09:00,ROASTED-CO,20320.0,19500.0,7560.0,32260.0,5.32
2026-04-12,2026-04-12T00:00:00+09:00,ROASTED-ET,12161.0,5000.0,1710.0,15451.0,8.6
2026-04-12,2026-04-12T00:00:00+09:00,ROASTED-GT,17774.0,3500.0,1140.0,20134.0,16.81
2026-04-13,2026-04-13T00:00:00+09:00,ROASTED-BR,42260.0,0.0,5900.0,36360.0,6.0
2026-04-13,2026-04-13T00:00:00+09:00,ROASTED-CO,32260.0,0.0,5900.0,26360.0,4.35
2026-04-13,2026-04-13T00:00:00+09:00,ROASTED-ET,15451.0,0.0,1710.0,13741.0,7.65
2026-04-13,2026-04-13T00:00:00+09:00,ROASTED-GT,20134.0,0.0,1140.0,18994.0,15.85
2026-04-14,2026-04-14T00:00:00+09:00,ROASTED-BR,36360.0,0.0,6390.0,29970.0,4.9
2026-04-14,2026-04-14T00:00:00+09:00,ROASTED-CO,26360.0,0.0,6390.0,19970.0,3.27
2026-04-14,2026-04-14T00:00:00+09:00,ROASTED-ET,13741.0,0.0,1575.0,12166.0,6.8
2026-04-14,2026-04-14T00:00:00+09:00,ROASTED-GT,18994.0,0.0,1050.0,17944.0,15.04
2026-04-15,2026-04-15T00:00:00+09:00,ROASTED-BR,29970.0,19500.0,5300.0,44170.0,7.24
2026-04-15,2026-04-15T00:00:00+09:00,ROASTED-CO,19970.0,19500.0,5300.0,34170.0,5.6
2026-04-15,2026-04-15T00:00:00+09:00,ROASTED-ET,12166.0,5500.0,1629.0,16037.0,9.01
2026-04-15,2026-04-15T00:00:00+09:00,ROASTED-GT,17944.0,3500.0,1086.0,20358.0,17.15
2026-04-16,2026-04-16T00:00:00+09:00,ROASTED-BR,44170.0,0.0,6740.0,37430.0,6.11
2026-04-16,2026-04-16T00:00:00+09:00,ROASTED-CO,34170.0,0.0,6740.0,27430.0,4.48
2026-04-16,2026-04-16T00:00:00+09:00,ROASTED-ET,16037.0,0.0,1935.0,14102.0,7.84
2026-04-16,2026-04-16T00:00:00+09:00,ROASTED-GT,20358.0,0.0,1290.0,19068.0,15.91
2026-04-17,2026-04-17T00:00:00+09:00,ROASTED-BR,37430.0,0.0,7480.0,29950.0,4.91
2026-04-17,2026-04-17T00:00:00+09:00,ROASTED-CO,27430.0,0.0,7480.0,19950.0,3.27
2026-04-17,2026-04-17T00:00:00+09:00,ROASTED-ET,14102.0,0.0,1980.0,12122.0,6.78
2026-04-17,2026-04-17T00:00:00+09:00,ROASTED-GT,19068.0,0.0,1320.0,17748.0,14.88
2026-04-18,2026-04-18T00:00:00+09:00,ROASTED-BR,29950.0,19000.0,7450.0,41500.0,6.81
2026-04-18,2026-04-18T00:00:00+09:00,ROASTED-CO,19950.0,19000.0,7450.0,31500.0,5.17
2026-04-18,2026-04-18T00:00:00+09:00,ROASTED-ET,12122.0,5500.0,2178.0,15444.0,8.68
2026-04-18,2026-04-18T00:00:00+09:00,ROASTED-GT,17748.0,4000.0,1452.0,20296.0,17.1
2026-04-19,2026-04-19T00:00:00+09:00,ROASTED-BR,41500.0,0.0,5170.0,36330.0,5.96
2026-04-19,2026-04-19T00:00:00+09:00,ROASTED-CO,31500.0,0.0,5170.0,26330.0,4.32
2026-04-19,2026-04-19T00:00:00+09:00,ROASTED-ET,15444.0,0.0,1737.0,13707.0,7.72
2026-04-19,2026-04-19T00:00:00+09:00,ROASTED-GT,20296.0,0.0,1158.0,19138.0,16.17
2026-04-20,2026-04-20T00:00:00+09:00,ROASTED-BR,36330.0,0.0,6080.0,30250.0,4.96
2026-04-20,2026-04-20T00:00:00+09:00,ROASTED-CO,26330.0,0.0,6080.0,20250.0,3.32
2026-04-20,2026-04-20T00:00:00+09:00,ROASTED-ET,13707.0,0.0,1548.0,12159.0,6.86
2026-04-20,2026-04-20T00:00:00+09:00,ROASTED-GT,19138.0,0.0,1032.0,18106.0,15.31
2026-04-21,2026-04-21T00:00:00+09:00,ROASTED-BR,30250.0,18000.0,5470.0,42780.0,6.96
2026-04-21,2026-04-21T00:00:00+09:00,ROASTED-CO,20250.0,18000.0,5470.0,32780.0,5.34
2026-04-21,2026-04-21T00:00:00+09:00,ROASTED-ET,12159.0,4500.0,1377.0,15282.0,8.62
2026-04-21,2026-04-21T00:00:00+09:00,ROASTED-GT,18106.0,3000.0,918.0,20188.0,17.09
2026-04-22,2026-04-22T00:00:00+09:00,ROASTED-BR,42780.0,0.0,5840.0,36940.0,6.04
2026-04-22,2026-04-22T00:00:00+09:00,ROASTED-CO,32780.0,0.0,5840.0,26940.0,4.4
2026-04-22,2026-04-22T00:00:00+09:00,ROASTED-ET,15282.0,0.0,1809.0,13473.0,7.57
2026-04-22,2026-04-22T00:00:00+09:00,ROASTED-GT,20188.0,0.0,1206.0,18982.0,16.0
2026-04-23,2026-04-23T00:00:00+09:00,ROASTED-BR,36940.0,0.0,6770.0,30170.0,4.88
2026-04-23,2026-04-23T00:00:00+09:00,ROASTED-CO,26940.0,0.0,6770.0,20170.0,3.26
2026-04-23,2026-04-23T00:00:00+09:00,ROASTED-ET,13473.0,0.0,1611.0,11862.0,6.68
2026-04-23,2026-04-23T00:00:00+09:00,ROASTED-GT,18982.0,0.0,1074.0,17908.0,15.12
2026-04-24,2026-04-24T00:00:00+09:00,ROASTED-BR,30170.0,19500.0,6270.0,43400.0,7.07
2026-04-24,2026-04-24T00:00:00+09:00,ROASTED-CO,20170.0,19500.0,6270.0,33400.0,5.44
2026-04-24,2026-04-24T00:00:00+09:00,ROASTED-ET,11862.0,5500.0,1791.0,15571.0,8.81
2026-04-24,2026-04-24T00:00:00+09:00,ROASTED-GT,17908.0,3500.0,1194.0,20214.0,17.16
2026-04-25,2026-04-25T00:00:00+09:00,ROASTED-BR,43400.0,0.0,6750.0,36650.0,5.99
2026-04-25,2026-04-25T00:00:00+09:00,ROASTED-CO,33400.0,0.0,6750.0,26650.0,4.35
2026-04-25,2026-04-25T00:00:00+09:00,ROASTED-ET,15571.0,0.0,1899.0,13672.0,7.78
2026-04-25,2026-04-25T00:00:00+09:00,ROASTED-GT,20214.0,0.0,1266.0,18948.0,16.17
2026-04-26,2026-04-26T00:00:00+09:00,ROASTED-BR,36650.0,0.0,6280.0,30370.0,4.93
2026-04-26,2026-04-26T00:00:00+09:00,ROASTED-CO,26650.0,0.0,6280.0,20370.0,3.3
2026-04-26,2026-04-26T00:00:00+09:00,ROASTED-ET,13672.0,0.0,1827.0,11845.0,6.76
2026-04-26,2026-04-26T00:00:00+09:00,ROASTED-GT,18948.0,0.0,1218.0,17730.0,15.18
2026-04-27,2026-04-27T00:00:00+09:00,ROASTED-BR,30370.0,16000.0,5300.0,41070.0,6.7
2026-04-27,2026-04-27T00:00:00+09:00,ROASTED-CO,20370.0,16000.0,5300.0,31070.0,5.07
2026-04-27,2026-04-27T00:00:00+09:00,ROASTED-ET,11845.0,5000.0,1476.0,15369.0,8.81
2026-04-27,2026-04-27T00:00:00+09:00,ROASTED-GT,17730.0,3500.0,984.0,20246.0,17.41
2026-04-28,2026-04-28T00:00:00+09:00,ROASTED-BR,41070.0,0.0,5380.0,35690.0,5.82
2026-04-28,2026-04-28T00:00:00+09:00,ROASTED-CO,31070.0,0.0,5380.0,25690.0,4.19
2026-04-28,2026-04-28T00:00:00+09:00,ROASTED-ET,15369.0,0.0,1899.0,13470.0,7.63
2026-04-28,2026-04-28T00:00:00+09:00,ROASTED-GT,20246.0,0.0,1266.0,18980.0,16.12
2026-04-29,2026-04-29T00:00:00+09:00,ROASTED-BR,35690.0,0.0,5750.0,29940.0,4.87
2026-04-29,2026-04-29T00:00:00+09:00,ROASTED-CO,25690.0,0.0,5750.0,19940.0,3.24
2026-04-29,2026-04-29T00:00:00+09:00,ROASTED-ET,13470.0,0.0,1593.0,11877.0,6.73
2026-04-29,2026-04-29T00:00:00+09:00,ROASTED-GT,18980.0,0.0,1062.0,17918.0,15.22
2026-04-30,2026-04-30T00:00:00+09:00,ROASTED-BR,29940.0,19500.0,6390.0,43050.0,6.96
2026-04-30,2026-04-30T00:00:00+09:00,ROASTED-CO,19940.0,19500.0,6390.0,33050.0,5.34
2026-04-30,2026-04-30T00:00:00+09:00,ROASTED-ET,11877.0,6000.0,1629.0,16248.0,9.22
2026-04-30,2026-04-30T00:00:00+09:00,ROASTED-GT,17918.0,3500.0,1086.0,20332.0,17.31
2026-05-01,2026-05-01T00:00:00+09:00,ROASTED-BR,43050.0,0.0,6590.0,36460.0,5.89
2026-05-01,2026-05-01T00:00:00+09:00,ROASTED-CO,33050.0,0.0,6590.0,26460.0,4.27
2026-05-01,2026-05-01T00:00:00+09:00,ROASTED-ET,16248.0,0.0,1773.0,14475.0,8.24
2026-05-01,2026-05-01T00:00:00+09:00,ROASTED-GT,20332.0,0.0,1182.0,19150.0,16.36
2026-05-02,2026-05-02T00:00:00+09:00,ROASTED-BR,36460.0,0.0,6480.0,29980.0,4.89
2026-05-02,2026-05-02T00:00:00+09:00,ROASTED-CO,26460.0,0.0,6480.0,19980.0,3.26
2026-05-02,2026-05-02T00:00:00+09:00,ROASTED-ET,14475.0,0.0,2214.0,12261.0,6.96
2026-05-02,2026-05-02T00:00:00+09:00,ROASTED-GT,19150.0,0.0,1476.0,17674.0,15.04
2026-05-03,2026-05-03T00:00:00+09:00,ROASTED-BR,29980.0,18500.0,6540.0,41940.0,6.86
2026-05-03,2026-05-03T00:00:00+09:00,ROASTED-CO,19980.0,18500.0,6540.0,31940.0,5.22
2026-05-03,2026-05-03T00:00:00+09:00,ROASTED-ET,12261.0,5500.0,2061.0,15700.0,8.83
2026-05-03,2026-05-03T00:00:00+09:00,ROASTED-GT,17674.0,4000.0,1374.0,20300.0,17.13
2026-05-04,2026-05-04T00:00:00+09:00,ROASTED-BR,41940.0,0.0,5960.0,35980.0,5.86
2026-05-04,2026-05-04T00:00:00+09:00,ROASTED-CO,31940.0,0.0,5960.0,25980.0,4.23
2026-05-04,2026-05-04T00:00:00+09:00,ROASTED-ET,15700.0,0.0,1800.0,13900.0,7.81
2026-05-04,2026-05-04T00:00:00+09:00,ROASTED-GT,20300.0,0.0,1200.0,19100.0,16.1
2026-05-05,2026-05-05T00:00:00+09:00,ROASTED-BR,35980.0,0.0,5810.0,30170.0,4.89
2026-05-05,2026-05-05T00:00:00+09:00,ROASTED-CO,25980.0,0.0,5810.0,20170.0,3.27
2026-05-05,2026-05-05T00:00:00+09:00,ROASTED-ET,13900.0,0.0,1773.0,12127.0,6.77
2026-05-05,2026-05-05T00:00:00+09:00,ROASTED-GT,19100.0,0.0,1182.0,17918.0,15.01
2026-05-06,2026-05-06T00:00:00+09:00,ROASTED-BR,30170.0,16000.0,3790.0,42380.0,6.93
2026-05-06,2026-05-06T00:00:00+09:00,ROASTED-CO,20170.0,16000.0,3790.0,32380.0,5.29
2026-05-06,2026-05-06T00:00:00+09:00,ROASTED-ET,12127.0,5000.0,1584.0,15543.0,8.7
2026-05-06,2026-05-06T00:00:00+09:00,ROASTED-GT,17918.0,3000.0,1056.0,19862.0,16.68
2026-05-07,2026-05-07T00:00:00+09:00,ROASTED-BR,42380.0,0.0,5970.0,36410.0,5.93
2026-05-07,2026-05-07T00:00:00+09:00,ROASTED-CO,32380.0,0.0,5970.0,26410.0,4.3
2026-05-07,2026-05-07T00:00:00+09:00,ROASTED-ET,15543.0,0.0,1611.0,13932.0,7.86
2026-05-07,2026-05-07T00:00:00+09:00,ROASTED-GT,19862.0,0.0,1074.0,18788.0,15.91
2026-05-08,2026-05-08T00:00:00+09:00,ROASTED-BR,36410.0,0.0,6170.0,30240.0,4.91
2026-05-08,2026-05-08T00:00:00+09:00,ROASTED-CO,26410.0,0.0,6170.0,20240.0,3.28
2026-05-08,2026-05-08T00:00:00+09:00,ROASTED-ET,13932.0,0.0,1674.0,12258.0,6.94
2026-05-08,2026-05-08T00:00:00+09:00,ROASTED-GT,18788.0,0.0,1116.0,17672.0,15.01
2026-05-09,2026-05-09T00:00:00+09:00,ROASTED-BR,30240.0,18500.0,6620.0,42120.0,6.85
2026-05-09,2026-05-09T00:00:00+09:00,ROASTED-CO,20240.0,18500.0,6620.0,32120.0,5.22
2026-05-09,2026-05-09T00:00:00+09:00,ROASTED-ET,12258.0,5000.0,1962.0,15296.0,8.68
2026-05-09,2026-05-09T00:00:00+09:00,ROASTED-GT,17672.0,3500.0,1308.0,19864.0,16.9
2026-05-10,2026-05-10T00:00:00+09:00,ROASTED-BR,42120.0,0.0,6860.0,35260.0,5.76
2026-05-10,2026-05-10T00:00:00+09:00,ROASTED-CO,32120.0,0.0,6860.0,25260.0,4.12
2026-05-10,2026-05-10T00:00:00+09:00,ROASTED-ET,15296.0,0.0,1467.0,13829.0,7.88
2026-05-10,2026-05-10T00:00:00+09:00,ROASTED-GT,19864.0,0.0,978.0,18886.0,16.15
2026-05-11,2026-05-11T00:00:00+09:00,ROASTED-BR,35260.0,0.0,5310.0,29950.0,4.91
2026-05-11,2026-05-11T00:00:00+09:00,ROASTED-CO,25260.0,0.0,5310.0,19950.0,3.27
2026-05-11,2026-05-11T00:00:00+09:00,ROASTED-ET,13829.0,0.0,1575.0,12254.0,7.0
2026-05-11,2026-05-11T00:00:00+09:00,ROASTED-GT,18886.0,0.0,1050.0,17836.0,15.29
2026-05-12,2026-05-12T00:00:00+09:00,ROASTED-BR,29950.0,14000.0,4780.0,39170.0,6.48
2026-05-12,2026-05-12T00:00:00+09:00,ROASTED-CO,19950.0,14000.0,4780.0,29170.0,4.82
2026-05-12,2026-05-12T00:00:00+09:00,ROASTED-ET,12254.0,4500.0,1395.0,15359.0,8.81
2026-05-12,2026-05-12T00:00:00+09:00,ROASTED-GT,17836.0,3000.0,930.0,19906.0,17.13
2026-05-13,2026-05-13T00:00:00+09:00,ROASTED-BR,39170.0,0.0,5460.0,33710.0,5.57
2026-05-13,2026-05-13T00:00:00+09:00,ROASTED-CO,29170.0,0.0,5460.0,23710.0,3.92
2026-05-13,2026-05-13T00:00:00+09:00,ROASTED-ET,15359.0,0.0,1530.0,13829.0,7.95
2026-05-13,2026-05-13T00:00:00+09:00,ROASTED-GT,19906.0,0.0,1020.0,18886.0,16.29
2026-05-14,2026-05-14T00:00:00+09:00,ROASTED-BR,33710.0,0.0,3330.0,30380.0,5.12
2026-05-14,2026-05-14T00:00:00+09:00,ROASTED-CO,23710.0,0.0,3330.0,20380.0,3.44
2026-05-14,2026-05-14T00:00:00+09:00,ROASTED-ET,13829.0,0.0,1584.0,12245.0,7.09
2026-05-14,2026-05-14T00:00:00+09:00,ROASTED-GT,18886.0,0.0,1056.0,17830.0,15.49
2026-05-15,2026-05-15T00:00:00+09:00,ROASTED-BR,30380.0,21000.0,7120.0,44260.0,7.48
2026-05-15,2026-05-15T00:00:00+09:00,ROASTED-CO,20380.0,21000.0,7120.0,34260.0,5.79
2026-05-15,2026-05-15T00:00:00+09:00,ROASTED-ET,12245.0,5000.0,1872.0,15373.0,8.92
2026-05-15,2026-05-15T00:00:00+09:00,ROASTED-GT,17830.0,3500.0,1248.0,20082.0,17.48
2026-05-16,2026-05-16T00:00:00+09:00,ROASTED-BR,44260.0,0.0,7710.0,36550.0,6.17
2026-05-16,2026-05-16T00:00:00+09:00,ROASTED-CO,34260.0,0.0,7710.0,26550.0,4.48
2026-05-16,2026-05-16T00:00:00+09:00,ROASTED-ET,15373.0,0.0,1782.0,13591.0,7.95
2026-05-16,2026-05-16T00:00:00+09:00,ROASTED-GT,20082.0,0.0,1188.0,18894.0,16.58
2026-05-17,2026-05-17T00:00:00+09:00,ROASTED-BR,36550.0,0.0,6500.0,30050.0,5.03
2026-05-17,2026-05-17T00:00:00+09:00,ROASTED-CO,26550.0,0.0,6500.0,20050.0,3.36
2026-05-17,2026-05-17T00:00:00+09:00,ROASTED-ET,13591.0,0.0,1710.0,11881.0,6.96
2026-05-17,2026-05-17T00:00:00+09:00,ROASTED-GT,18894.0,0.0,1140.0,17754.0,15.59
2026-05-18,2026-05-18T00:00:00+09:00,ROASTED-BR,30050.0,14500.0,4280.0,40270.0,6.81
2026-05-18,2026-05-18T00:00:00+09:00,ROASTED-CO,20050.0,14500.0,4280.0,30270.0,5.12
2026-05-18,2026-05-18T00:00:00+09:00,ROASTED-ET,11881.0,4500.0,1512.0,14869.0,8.71
2026-05-18,2026-05-18T00:00:00+09:00,ROASTED-GT,17754.0,3000.0,1008.0,19746.0,17.35
2026-05-19,2026-05-19T00:00:00+09:00,ROASTED-BR,40270.0,0.0,5170.0,35100.0,5.95
2026-05-19,2026-05-19T00:00:00+09:00,ROASTED-CO,30270.0,0.0,5170.0,25100.0,4.25
2026-05-19,2026-05-19T00:00:00+09:00,ROASTED-ET,14869.0,0.0,1296.0,13573.0,7.97
2026-05-19,2026-05-19T00:00:00+09:00,ROASTED-GT,19746.0,0.0,864.0,18882.0,16.62
2026-05-20,2026-05-20T00:00:00+09:00,ROASTED-BR,35100.0,0.0,4800.0,30300.0,5.17
2026-05-20,2026-05-20T00:00:00+09:00,ROASTED-CO,25100.0,0.0,4800.0,20300.0,3.46
2026-05-20,2026-05-20T00:00:00+09:00,ROASTED-ET,13573.0,0.0,1548.0,12025.0,7.1
2026-05-20,2026-05-20T00:00:00+09:00,ROASTED-GT,18882.0,0.0,1032.0,17850.0,15.8
2026-05-21,2026-05-21T00:00:00+09:00,ROASTED-BR,30300.0,19000.0,6190.0,43110.0,7.38
2026-05-21,2026-05-21T00:00:00+09:00,ROASTED-CO,20300.0,19000.0,6190.0,33110.0,5.67
2026-05-21,2026-05-21T00:00:00+09:00,ROASTED-ET,12025.0,5000.0,1314.0,15711.0,9.33
2026-05-21,2026-05-21T00:00:00+09:00,ROASTED-GT,17850.0,3000.0,876.0,19974.0,17.79
2026-05-22,2026-05-22T00:00:00+09:00,ROASTED-BR,43110.0,0.0,7490.0,35620.0,6.05
2026-05-22,2026-05-22T00:00:00+09:00,ROASTED-CO,33110.0,0.0,7490.0,25620.0,4.35
2026-05-22,2026-05-22T00:00:00+09:00,ROASTED-ET,15711.0,0.0,1818.0,13893.0,8.25
2026-05-22,2026-05-22T00:00:00+09:00,ROASTED-GT,19974.0,0.0,1212.0,18762.0,16.7
2026-05-23,2026-05-23T00:00:00+09:00,ROASTED-BR,35620.0,0.0,5560.0,30060.0,5.15
2026-05-23,2026-05-23T00:00:00+09:00,ROASTED-CO,25620.0,0.0,5560.0,20060.0,3.43
2026-05-23,2026-05-23T00:00:00+09:00,ROASTED-ET,13893.0,0.0,1656.0,12237.0,7.3
2026-05-23,2026-05-23T00:00:00+09:00,ROASTED-GT,18762.0,0.0,1104.0,17658.0,15.8
2026-05-24,2026-05-24T00:00:00+09:00,ROASTED-BR,30060.0,16500.0,5830.0,40730.0,6.99
2026-05-24,2026-05-24T00:00:00+09:00,ROASTED-CO,20060.0,16500.0,5830.0,30730.0,5.27
2026-05-24,2026-05-24T00:00:00+09:00,ROASTED-ET,12237.0,4000.0,1683.0,14554.0,8.71
2026-05-24,2026-05-24T00:00:00+09:00,ROASTED-GT,17658.0,3000.0,1122.0,19536.0,17.54
2026-05-25,2026-05-25T00:00:00+09:00,ROASTED-BR,40730.0,0.0,5110.0,35620.0,6.12
2026-05-25,2026-05-25T00:00:00+09:00,ROASTED-CO,30730.0,0.0,5110.0,25620.0,4.4
2026-05-25,2026-05-25T00:00:00+09:00,ROASTED-ET,14554.0,0.0,1368.0,13186.0,7.91
2026-05-25,2026-05-25T00:00:00+09:00,ROASTED-GT,19536.0,0.0,912.0,18624.0,16.76
2026-05-26,2026-05-26T00:00:00+09:00,ROASTED-BR,35620.0,0.0,5420.0,30200.0,5.19
2026-05-26,2026-05-26T00:00:00+09:00,ROASTED-CO,25620.0,0.0,5420.0,20200.0,3.47
2026-05-26,2026-05-26T00:00:00+09:00,ROASTED-ET,13186.0,0.0,1332.0,11854.0,7.2
2026-05-26,2026-05-26T00:00:00+09:00,ROASTED-GT,18624.0,0.0,888.0,17736.0,16.15
2026-05-27,2026-05-27T00:00:00+09:00,ROASTED-BR,30200.0,16500.0,5290.0,41410.0,7.13
2026-05-27,2026-05-27T00:00:00+09:00,ROASTED-CO,20200.0,16500.0,5290.0,31410.0,5.41
2026-05-27,2026-05-27T00:00:00+09:00,ROASTED-ET,11854.0,5000.0,1152.0,15702.0,9.63
2026-05-27,2026-05-27T00:00:00+09:00,ROASTED-GT,17736.0,3500.0,768.0,20468.0,18.82
2026-05-28,2026-05-28T00:00:00+09:00,ROASTED-BR,41410.0,0.0,5440.0,35970.0,6.23
2026-05-28,2026-05-28T00:00:00+09:00,ROASTED-CO,31410.0,0.0,5440.0,25970.0,4.5
2026-05-28,2026-05-28T00:00:00+09:00,ROASTED-ET,15702.0,0.0,1674.0,14028.0,8.59
2026-05-28,2026-05-28T00:00:00+09:00,ROASTED-GT,20468.0,0.0,1116.0,19352.0,17.78
2026-05-29,2026-05-29T00:00:00+09:00,ROASTED-BR,35970.0,0.0,5570.0,30400.0,5.3
2026-05-29,2026-05-29T00:00:00+09:00,ROASTED-CO,25970.0,0.0,5570.0,20400.0,3.56
2026-05-29,2026-05-29T00:00:00+09:00,ROASTED-ET,14028.0,0.0,1908.0,12120.0,7.4
2026-05-29,2026-05-29T00:00:00+09:00,ROASTED-GT,19352.0,0.0,1272.0,18080.0,16.56
2026-05-30,2026-05-30T00:00:00+09:00,ROASTED-BR,30400.0,17500.0,6960.0,40940.0,7.12
2026-05-30,2026-05-30T00:00:00+09:00,ROASTED-CO,20400.0,17500.0,6960.0,30940.0,5.38
2026-05-30,2026-05-30T00:00:00+09:00,ROASTED-ET,12120.0,4500.0,1737.0,14883.0,9.18
2026-05-30,2026-05-30T00:00:00+09:00,ROASTED-GT,18080.0,3000.0,1158.0,19922.0,18.44
2026-05-31,2026-05-31T00:00:00+09:00,ROASTED-BR,40940.0,0.0,5710.0,35230.0,6.16
2026-05-31,2026-05-31T00:00:00+09:00,ROASTED-CO,30940.0,0.0,5710.0,25230.0,4.41
2026-05-31,2026-05-31T00:00:00+09:00,ROASTED-ET,14883.0,0.0,1296.0,13587.0,8.53
2026-05-31,2026-05-31T00:00:00+09:00,ROASTED-GT,19922.0,0.0,864.0,19058.0,17.94
2026-06-01,2026-06-01T00:00:00+09:00,ROASTED-BR,35230.0,0.0,5200.0,30030.0,5.27
2026-06-01,2026-06-01T00:00:00+09:00,ROASTED-CO,25230.0,0.0,5200.0,20030.0,3.52
2026-06-01,2026-06-01T00:00:00+09:00,ROASTED-ET,13587.0,0.0,1467.0,12120.0,7.66
2026-06-01,2026-06-01T00:00:00+09:00,ROASTED-GT,19058.0,0.0,978.0,18080.0,17.15
2026-06-02,2026-06-02T00:00:00+09:00,ROASTED-BR,30030.0,15000.0,5650.0,39380.0,6.92
2026-06-02,2026-06-02T00:00:00+09:00,ROASTED-CO,20030.0,15000.0,5650.0,29380.0,5.16
2026-06-02,2026-06-02T00:00:00+09:00,ROASTED-ET,12120.0,4500.0,1314.0,15306.0,9.78
2026-06-02,2026-06-02T00:00:00+09:00,ROASTED-GT,18080.0,2500.0,876.0,19704.0,18.89
2026-06-03,2026-06-03T00:00:00+09:00,ROASTED-BR,39380.0,0.0,4500.0,34880.0,6.1
2026-06-03,2026-06-03T00:00:00+09:00,ROASTED-CO,29380.0,0.0,4500.0,24880.0,4.35
2026-06-03,2026-06-03T00:00:00+09:00,ROASTED-ET,15306.0,0.0,1476.0,13830.0,8.86
2026-06-03,2026-06-03T00:00:00+09:00,ROASTED-GT,19704.0,0.0,984.0,18720.0,17.99
2026-06-04,2026-06-04T00:00:00+09:00,ROASTED-BR,34880.0,0.0,4570.0,30310.0,5.35
2026-06-04,2026-06-04T00:00:00+09:00,ROASTED-CO,24880.0,0.0,4570.0,20310.0,3.59
2026-06-04,2026-06-04T00:00:00+09:00,ROASTED-ET,13830.0,0.0,1557.0,12273.0,7.87
2026-06-04,2026-06-04T00:00:00+09:00,ROASTED-GT,18720.0,0.0,1038.0,17682.0,17.01
2026-06-05,2026-06-05T00:00:00+09:00,ROASTED-BR,30310.0,20000.0,6960.0,43350.0,7.62
2026-06-05,2026-06-05T00:00:00+09:00,ROASTED-CO,20310.0,20000.0,6960.0,33350.0,5.86
2026-06-05,2026-06-05T00:00:00+09:00,ROASTED-ET,12273.0,5500.0,1935.0,15838.0,10.1
2026-06-05,2026-06-05T00:00:00+09:00,ROASTED-GT,17682.0,4000.0,1290.0,20392.0,19.5
2026-06-06,2026-06-06T00:00:00+09:00,ROASTED-BR,43350.0,0.0,7440.0,35910.0,6.28
2026-06-06,2026-06-06T00:00:00+09:00,ROASTED-CO,33350.0,0.0,7440.0,25910.0,4.53
2026-06-06,2026-06-06T00:00:00+09:00,ROASTED-ET,15838.0,0.0,2340.0,13498.0,8.53
2026-06-06,2026-06-06T00:00:00+09:00,ROASTED-GT,20392.0,0.0,1560.0,18832.0,17.86
2026-06-07,2026-06-07T00:00:00+09:00,ROASTED-BR,35910.0,0.0,5960.0,29950.0,5.26
2026-06-07,2026-06-07T00:00:00+09:00,ROASTED-CO,25910.0,0.0,5960.0,19950.0,3.51
2026-06-07,2026-06-07T00:00:00+09:00,ROASTED-ET,13498.0,0.0,1602.0,11896.0,7.5
2026-06-07,2026-06-07T00:00:00+09:00,ROASTED-GT,18832.0,0.0,1068.0,17764.0,16.79
2026-06-08,2026-06-08T00:00:00+09:00,ROASTED-BR,29950.0,15500.0,5040.0,40410.0,7.11
2026-06-08,2026-06-08T00:00:00+09:00,ROASTED-CO,19950.0,15500.0,5040.0,30410.0,5.35
2026-06-08,2026-06-08T00:00:00+09:00,ROASTED-ET,11896.0,4000.0,1341.0,14555.0,9.22
2026-06-08,2026-06-08T00:00:00+09:00,ROASTED-GT,17764.0,2500.0,894.0,19370.0,18.41
2026-06-09,2026-06-09T00:00:00+09:00,ROASTED-BR,40410.0,0.0,5020.0,35390.0,6.22
2026-06-09,2026-06-09T00:00:00+09:00,ROASTED-CO,30410.0,0.0,5020.0,25390.0,4.46
2026-06-09,2026-06-09T00:00:00+09:00,ROASTED-ET,14555.0,0.0,1197.0,13358.0,8.5
2026-06-09,2026-06-09T00:00:00+09:00,ROASTED-GT,19370.0,0.0,798.0,18572.0,17.73
2026-06-10,2026-06-10T00:00:00+09:00,ROASTED-BR,35390.0,0.0,5200.0,30190.0,5.32
2026-06-10,2026-06-10T00:00:00+09:00,ROASTED-CO,25390.0,0.0,5200.0,20190.0,3.56
2026-06-10,2026-06-10T00:00:00+09:00,ROASTED-ET,13358.0,0.0,1323.0,12035.0,7.69
2026-06-10,2026-06-10T00:00:00+09:00,ROASTED-GT,18572.0,0.0,882.0,17690.0,16.97
2026-06-11,2026-06-11T00:00:00+09:00,ROASTED-BR,30190.0,17500.0,5080.0,42610.0,7.42
2026-06-11,2026-06-11T00:00:00+09:00,ROASTED-CO,20190.0,17500.0,5080.0,32610.0,5.68
2026-06-11,2026-06-11T00:00:00+09:00,ROASTED-ET,12035.0,5000.0,1197.0,15838.0,10.22
2026-06-11,2026-06-11T00:00:00+09:00,ROASTED-GT,17690.0,3500.0,798.0,20392.0,19.73
2026-06-12,2026-06-12T00:00:00+09:00,ROASTED-BR,42610.0,0.0,5380.0,37230.0,6.55
2026-06-12,2026-06-12T00:00:00+09:00,ROASTED-CO,32610.0,0.0,5380.0,27230.0,4.79
2026-06-12,2026-06-12T00:00:00+09:00,ROASTED-ET,15838.0,0.0,1791.0,14047.0,9.08
2026-06-12,2026-06-12T00:00:00+09:00,ROASTED-GT,20392.0,0.0,1194.0,19198.0,18.61
2026-06-13,2026-06-13T00:00:00+09:00,ROASTED-BR,37230.0,0.0,7100.0,30130.0,5.33
2026-06-13,2026-06-13T00:00:00+09:00,ROASTED-CO,27230.0,0.0,7100.0,20130.0,3.56
2026-06-13,2026-06-13T00:00:00+09:00,ROASTED-ET,14047.0,0.0,1809.0,12238.0,7.9
2026-06-13,2026-06-13T00:00:00+09:00,ROASTED-GT,19198.0,0.0,1206.0,17992.0,17.43
2026-06-14,2026-06-14T00:00:00+09:00,ROASTED-BR,30130.0,15500.0,6090.0,39540.0,7.01
2026-06-14,2026-06-14T00:00:00+09:00,ROASTED-CO,20130.0,15500.0,6090.0,29540.0,5.23
2026-06-14,2026-06-14T00:00:00+09:00,ROASTED-ET,12238.0,4000.0,1449.0,14789.0,9.61
2026-06-14,2026-06-14T00:00:00+09:00,ROASTED-GT,17992.0,2500.0,966.0,19526.0,19.03
2026-06-15,2026-06-15T00:00:00+09:00,ROASTED-BR,39540.0,0.0,4860.0,34680.0,6.12
2026-06-15,2026-06-15T00:00:00+09:00,ROASTED-CO,29540.0,0.0,4860.0,24680.0,4.36
2026-06-15,2026-06-15T00:00:00+09:00,ROASTED-ET,14789.0,0.0,1161.0,13628.0,8.93
2026-06-15,2026-06-15T00:00:00+09:00,ROASTED-GT,19526.0,0.0,774.0,18752.0,18.43
2026-06-16,2026-06-16T00:00:00+09:00,ROASTED-BR,34680.0,0.0,4450.0,30230.0,5.36
2026-06-16,2026-06-16T00:00:00+09:00,ROASTED-CO,24680.0,0.0,4450.0,20230.0,3.59
2026-06-16,2026-06-16T00:00:00+09:00,ROASTED-ET,13628.0,0.0,1377.0,12251.0,8.01
2026-06-16,2026-06-16T00:00:00+09:00,ROASTED-GT,18752.0,0.0,918.0,17834.0,17.49
2026-06-17,2026-06-17T00:00:00+09:00,ROASTED-BR,30230.0,17000.0,5820.0,41410.0,7.3
2026-06-17,2026-06-17T00:00:00+09:00,ROASTED-CO,20230.0,17000.0,5820.0,31410.0,5.54
2026-06-17,2026-06-17T00:00:00+09:00,ROASTED-ET,12251.0,4500.0,1728.0,15023.0,9.78
2026-06-17,2026-06-17T00:00:00+09:00,ROASTED-GT,17834.0,3000.0,1152.0,19682.0,19.22
2026-06-18,2026-06-18T00:00:00+09:00,ROASTED-BR,41410.0,0.0,5510.0,35900.0,6.35
2026-06-18,2026-06-18T00:00:00+09:00,ROASTED-CO,31410.0,0.0,5510.0,25900.0,4.58
2026-06-18,2026-06-18T00:00:00+09:00,ROASTED-ET,15023.0,0.0,1242.0,13781.0,8.99
2026-06-18,2026-06-18T00:00:00+09:00,ROASTED-GT,19682.0,0.0,828.0,18854.0,18.45
2026-06-19,2026-06-19T00:00:00+09:00,ROASTED-BR,35900.0,0.0,5560.0,30340.0,5.44
2026-06-19,2026-06-19T00:00:00+09:00,ROASTED-CO,25900.0,0.0,5560.0,20340.0,3.64
2026-06-19,2026-06-19T00:00:00+09:00,ROASTED-ET,13781.0,0.0,1800.0,11981.0,7.82
2026-06-19,2026-06-19T00:00:00+09:00,ROASTED-GT,18854.0,0.0,1200.0,17654.0,17.28
2026-06-20,2026-06-20T00:00:00+09:00,ROASTED-BR,30340.0,18000.0,7220.0,41120.0,7.29
2026-06-20,2026-06-20T00:00:00+09:00,ROASTED-CO,20340.0,18000.0,7220.0,31120.0,5.52
2026-06-20,2026-06-20T00:00:00+09:00,ROASTED-ET,11981.0,5000.0,1890.0,15091.0,9.79
2026-06-20,2026-06-20T00:00:00+09:00,ROASTED-GT,17654.0,3500.0,1260.0,19894.0,19.37
2026-06-21,2026-06-21T00:00:00+09:00,ROASTED-BR,41120.0,0.0,4960.0,36160.0,6.45
2026-06-21,2026-06-21T00:00:00+09:00,ROASTED-CO,31120.0,0.0,4960.0,26160.0,4.66
2026-06-21,2026-06-21T00:00:00+09:00,ROASTED-ET,15091.0,0.0,1449.0,13642.0,8.9
2026-06-21,2026-06-21T00:00:00+09:00,ROASTED-GT,19894.0,0.0,966.0,18928.0,18.53
2026-06-22,2026-06-22T00:00:00+09:00,ROASTED-BR,36160.0,0.0,5870.0,30290.0,5.37
2026-06-22,2026-06-22T00:00:00+09:00,ROASTED-CO,26160.0,0.0,5870.0,20290.0,3.6
2026-06-22,2026-06-22T00:00:00+09:00,ROASTED-ET,13642.0,0.0,1404.0,12238.0,7.98
2026-06-22,2026-06-22T00:00:00+09:00,ROASTED-GT,18928.0,0.0,936.0,17992.0,17.59
2026-06-23,2026-06-23T00:00:00+09:00,ROASTED-BR,30290.0,16500.0,5490.0,41300.0,7.32
2026-06-23,2026-06-23T00:00:00+09:00,ROASTED-CO,20290.0,16500.0,5490.0,31300.0,5.55
2026-06-23,2026-06-23T00:00:00+09:00,ROASTED-ET,12238.0,3500.0,1107.0,14631.0,9.59
2026-06-23,2026-06-23T00:00:00+09:00,ROASTED-GT,17992.0,2500.0,738.0,19754.0,19.42
2026-06-24,2026-06-24T00:00:00+09:00,ROASTED-BR,41300.0,0.0,5420.0,35880.0,6.36
2026-06-24,2026-06-24T00:00:00+09:00,ROASTED-CO,31300.0,0.0,5420.0,25880.0,4.59
2026-06-24,2026-06-24T00:00:00+09:00,ROASTED-ET,14631.0,0.0,1377.0,13254.0,8.64
2026-06-24,2026-06-24T00:00:00+09:00,ROASTED-GT,19754.0,0.0,918.0,18836.0,18.42
2026-06-25,2026-06-25T00:00:00+09:00,ROASTED-BR,35880.0,0.0,5490.0,30390.0,5.38
2026-06-25,2026-06-25T00:00:00+09:00,ROASTED-CO,25880.0,0.0,5490.0,20390.0,3.61
2026-06-25,2026-06-25T00:00:00+09:00,ROASTED-ET,13254.0,0.0,1368.0,11886.0,7.8
2026-06-25,2026-06-25T00:00:00+09:00,ROASTED-GT,18836.0,0.0,912.0,17924.0,17.65
2026-06-26,2026-06-26T00:00:00+09:00,ROASTED-BR,30390.0,19500.0,7260.0,42630.0,7.47
2026-06-26,2026-06-26T00:00:00+09:00,ROASTED-CO,20390.0,19500.0,7260.0,32630.0,5.72
2026-06-26,2026-06-26T00:00:00+09:00,ROASTED-ET,11886.0,5000.0,1467.0,15419.0,10.23
2026-06-26,2026-06-26T00:00:00+09:00,ROASTED-GT,17924.0,3000.0,978.0,19946.0,19.85
2026-06-27,2026-06-27T00:00:00+09:00,ROASTED-BR,42630.0,0.0,7160.0,35470.0,6.21
2026-06-27,2026-06-27T00:00:00+09:00,ROASTED-CO,32630.0,0.0,7160.0,25470.0,4.46
2026-06-27,2026-06-27T00:00:00+09:00,ROASTED-ET,15419.0,0.0,1953.0,13466.0,8.89
2026-06-27,2026-06-27T00:00:00+09:00,ROASTED-GT,19946.0,0.0,1302.0,18644.0,18.46
2026-06-28,2026-06-28T00:00:00+09:00,ROASTED-BR,35470.0,0.0,5410.0,30060.0,5.27
2026-06-28,2026-06-28T00:00:00+09:00,ROASTED-CO,25470.0,0.0,5410.0,20060.0,3.52
2026-06-28,2026-06-28T00:00:00+09:00,ROASTED-ET,13466.0,0.0,1440.0,12026.0,7.91
2026-06-28,2026-06-28T00:00:00+09:00,ROASTED-GT,18644.0,0.0,960.0,17684.0,17.45
2026-06-29,2026-06-29T00:00:00+09:00,ROASTED-BR,30060.0,16000.0,5200.0,40860.0,7.17
2026-06-29,2026-06-29T00:00:00+09:00,ROASTED-CO,20060.0,16000.0,5200.0,30860.0,5.41
2026-06-29,2026-06-29T00:00:00+09:00,ROASTED-ET,12026.0,4000.0,1233.0,14793.0,9.79
2026-06-29,2026-06-29T00:00:00+09:00,ROASTED-GT,17684.0,2500.0,822.0,19362.0,19.21
2026-06-30,2026-06-30T00:00:00+09:00,ROASTED-BR,40860.0,0.0,5550.0,35310.0,6.2
2026-06-30,2026-06-30T00:00:00+09:00,ROASTED-CO,30860.0,0.0,5550.0,25310.0,4.44
2026-06-30,2026-06-30T00:00:00+09:00,ROASTED-ET,14793.0,0.0,1161.0,13632.0,9.05
2026-06-30,2026-06-30T00:00:00+09:00,ROASTED-GT,19362.0,0.0,774.0,18588.0,18.51
2026-07-01,2026-07-01T00:00:00+09:00,ROASTED-BR,35310.0,0.0,5130.0,30180.0,5.27
2026-07-01,2026-07-01T00:00:00+09:00,ROASTED-CO,25310.0,0.0,5130.0,20180.0,3.53
2026-07-01,2026-07-01T00:00:00+09:00,ROASTED-ET,13632.0,0.0,1368.0,12264.0,8.16
2026-07-01,2026-07-01T00:00:00+09:00,ROASTED-GT,18588.0,0.0,912.0,17676.0,17.65
2026-07-02,2026-07-02T00:00:00+09:00,ROASTED-BR,30180.0,16500.0,4630.0,42050.0,7.35
2026-07-02,2026-07-02T00:00:00+09:00,ROASTED-CO,20180.0,16500.0,4630.0,32050.0,5.6
2026-07-02,2026-07-02T00:00:00+09:00,ROASTED-ET,12264.0,5000.0,1431.0,15833.0,10.57
2026-07-02,2026-07-02T00:00:00+09:00,ROASTED-GT,17676.0,3500.0,954.0,20222.0,20.25
2026-07-03,2026-07-03T00:00:00+09:00,ROASTED-BR,42050.0,0.0,5650.0,36400.0,6.41
2026-07-03,2026-07-03T00:00:00+09:00,ROASTED-CO,32050.0,0.0,5650.0,26400.0,4.65
2026-07-03,2026-07-03T00:00:00+09:00,ROASTED-ET,15833.0,0.0,1827.0,14006.0,9.37
2026-07-03,2026-07-03T00:00:00+09:00,ROASTED-GT,20222.0,0.0,1218.0,19004.0,19.08
2026-07-04,2026-07-04T00:00:00+09:00,ROASTED-BR,36400.0,0.0,6470.0,29930.0,5.3
2026-07-04,2026-07-04T00:00:00+09:00,ROASTED-CO,26400.0,0.0,6470.0,19930.0,3.53
2026-07-04,2026-07-04T00:00:00+09:00,ROASTED-ET,14006.0,0.0,1917.0,12089.0,8.17
2026-07-04,2026-07-04T00:00:00+09:00,ROASTED-GT,19004.0,0.0,1278.0,17726.0,17.98
2026-07-05,2026-07-05T00:00:00+09:00,ROASTED-BR,29930.0,16000.0,5700.0,40230.0,7.14
2026-07-05,2026-07-05T00:00:00+09:00,ROASTED-CO,19930.0,16000.0,5700.0,30230.0,5.37
2026-07-05,2026-07-05T00:00:00+09:00,ROASTED-ET,12089.0,4000.0,1683.0,14406.0,9.72
2026-07-05,2026-07-05T00:00:00+09:00,ROASTED-GT,17726.0,3000.0,1122.0,19604.0,19.84
2026-07-06,2026-07-06T00:00:00+09:00,ROASTED-BR,40230.0,0.0,5280.0,34950.0,6.2
2026-07-06,2026-07-06T00:00:00+09:00,ROASTED-CO,30230.0,0.0,5280.0,24950.0,4.42
2026-07-06,2026-07-06T00:00:00+09:00,ROASTED-ET,14406.0,0.0,1161.0,13245.0,8.98
2026-07-06,2026-07-06T00:00:00+09:00,ROASTED-GT,19604.0,0.0,774.0,18830.0,19.14
2026-07-07,2026-07-07T00:00:00+09:00,ROASTED-BR,34950.0,0.0,4760.0,30190.0,5.36
2026-07-07,2026-07-07T00:00:00+09:00,ROASTED-CO,24950.0,0.0,4760.0,20190.0,3.58
2026-07-07,2026-07-07T00:00:00+09:00,ROASTED-ET,13245.0,0.0,1413.0,11832.0,7.98
2026-07-07,2026-07-07T00:00:00+09:00,ROASTED-GT,18830.0,0.0,942.0,17888.0,18.09
2026-07-08,2026-07-08T00:00:00+09:00,ROASTED-BR,30190.0,4500.0,4690.0,30000.0,5.34
2026-07-08,2026-07-08T00:00:00+09:00,ROASTED-CO,20190.0,4500.0,4690.0,20000.0,3.56
2026-07-08,2026-07-08T00:00:00+09:00,ROASTED-ET,11832.0,1500.0,1332.0,12000.0,8.09
2026-07-08,2026-07-08T00:00:00+09:00,ROASTED-GT,17888.0,1000.0,888.0,18000.0,18.2
