date,dateAt,productId,recipeId,units,grams
2024-07-09,2024-07-09T00:00:00+09:00,DEV-LATTE,LATTE-A,106,2120.0
2024-07-09,2024-07-09T00:00:00+09:00,DEV-DRIP,DRIP-B,146,2190.0
2024-07-09,2024-07-09T00:00:00+09:00,DEV-BLEND,BLEND-A,33,6600.0
2024-07-10,2024-07-10T00:00:00+09:00,DEV-LATTE,LATTE-A,133,2660.0
2024-07-10,2024-07-10T00:00:00+09:00,DEV-DRIP,DRIP-B,132,1980.0
2024-07-10,2024-07-10T00:00:00+09:00,DEV-BLEND,BLEND-A,36,7200.0
2024-07-11,2024-07-11T00:00:00+09:00,DEV-LATTE,LATTE-A,140,2800.0
2024-07-11,2024-07-11T00:00:00+09:00,DEV-DRIP,DRIP-B,140,2100.0
2024-07-11,2024-07-11T00:00:00+09:00,DEV-BLEND,BLEND-A,25,5000.0
2024-07-12,2024-07-12T00:00:00+09:00,DEV-LATTE,LATTE-A,146,2920.0
2024-07-12,2024-07-12T00:00:00+09:00,DEV-DRIP,DRIP-B,160,2400.0
2024-07-12,2024-07-12T00:00:00+09:00,DEV-BLEND,BLEND-A,37,7400.0
2024-07-13,2024-07-13T00:00:00+09:00,DEV-LATTE,LATTE-A,159,3180.0
2024-07-13,2024-07-13T00:00:00+09:00,DEV-DRIP,DRIP-B,176,2640.0
2024-07-13,2024-07-13T00:00:00+09:00,DEV-BLEND,BLEND-A,34,6800.0
2024-07-14,2024-07-14T00:00:00+09:00,DEV-LATTE,LATTE-A,154,3080.0
2024-07-14,2024-07-14T00:00:00+09:00,DEV-DRIP,DRIP-B,177,2655.0
2024-07-14,2024-07-14T00:00:00+09:00,DEV-BLEND,BLEND-A,20,4000.0
2024-07-15,2024-07-15T00:00:00+09:00,DEV-LATTE,LATTE-A,127,2540.0
2024-07-15,2024-07-15T00:00:00+09:00,DEV-DRIP,DRIP-B,126,1890.0
2024-07-15,2024-07-15T00:00:00+09:00,DEV-BLEND,BLEND-A,31,6200.0
2024-07-16,2024-07-16T00:00:00+09:00,DEV-LATTE,LATTE-A,105,2100.0
2024-07-16,2024-07-16T00:00:00+09:00,DEV-DRIP,DRIP-B,141,2115.0
2024-07-16,2024-07-16T00:00:00+09:00,DEV-BLEND,BLEND-A,28,5600.0
2024-07-17,2024-07-17T00:00:00+09:00,DEV-LATTE,LATTE-A,132,2640.0
2024-07-17,2024-07-17T00:00:00+09:00,DEV-DRIP,DRIP-B,132,1980.0
2024-07-17,2024-07-17T00:00:00+09:00,DEV-BLEND,BLEND-A,32,6400.0
2024-07-18,2024-07-18T00:00:00+09:00,DEV-LATTE,LATTE-A,131,2620.0
2024-07-18,2024-07-18T00:00:00+09:00,DEV-DRIP,DRIP-B,126,1890.0
2024-07-18,2024-07-18T00:00:00+09:00,DEV-BLEND,BLEND-A,28,5600.0
2024-07-19,2024-07-19T00:00:00+09:00,DEV-LATTE,LATTE-A,144,2880.0
2024-07-19,2024-07-19T00:00:00+09:00,DEV-DRIP,DRIP-B,173,2595.0
2024-07-19,2024-07-19T00:00:00+09:00,DEV-BLEND,BLEND-A,50,10000.0
2024-07-20,2024-07-20T00:00:00+09:00,DEV-LATTE,LATTE-A,168,3360.0
2024-07-20,2024-07-20T00:00:00+09:00,DEV-DRIP,DRIP-B,175,2625.0
2024-07-20,2024-07-20T00:00:00+09:00,DEV-BLEND,BLEND-A,48,9600.0
2024-07-21,2024-07-21T00:00:00+09:00,DEV-LATTE,LATTE-A,141,2820.0
2024-07-21,2024-07-21T00:00:00+09:00,DEV-DRIP,DRIP-B,146,2190.0
2024-07-21,2024-07-21T00:00:00+09:00,DEV-BLEND,BLEND-A,35,7000.0
2024-07-22,2024-07-22T00:00:00+09:00,DEV-LATTE,LATTE-A,123,2460.0
2024-07-22,2024-07-22T00:00:00+09:00,DEV-DRIP,DRIP-B,133,1995.0
2024-07-22,2024-07-22T00:00:00+09:00,DEV-BLEND,BLEND-A,35,7000.0
2024-07-23,2024-07-23T00:00:00+09:00,DEV-LATTE,LATTE-A,122,2440.0
2024-07-23,2024-07-23T00:00:00+09:00,DEV-DRIP,DRIP-B,121,1815.0
2024-07-23,2024-07-23T00:00:00+09:00,DEV-BLEND,BLEND-A,27,5400.0
2024-07-24,2024-07-24T00:00:00+09:00,DEV-LATTE,LATTE-A,106,2120.0
2024-07-24,2024-07-24T00:00:00+09:00,DEV-DRIP,DRIP-B,114,1710.0
2024-07-24,2024-07-24T00:00:00+09:00,DEV-BLEND,BLEND-A,36,7200.0
2024-07-25,2024-07-25T00:00:00+09:00,DEV-LATTE,LATTE-A,127,2540.0
2024-07-25,2024-07-25T00:00:00+09:00,DEV-DRIP,DRIP-B,119,1785.0
2024-07-25,2024-07-25T00:00:00+09:00,DEV-BLEND,BLEND-A,35,7000.0
2024-07-26,2024-07-26T00:00:00+09:00,DEV-LATTE,LATTE-A,158,3160.0
2024-07-26,2024-07-26T00:00:00+09:00,DEV-DRIP,DRIP-B,154,2310.0
2024-07-26,2024-07-26T00:00:00+09:00,DEV-BLEND,BLEND-A,31,6200.0
2024-07-27,2024-07-27T00:00:00+09:00,DEV-LATTE,LATTE-A,163,3260.0
2024-07-27,2024-07-27T00:00:00+09:00,DEV-DRIP,DRIP-B,177,2655.0
2024-07-27,2024-07-27T00:00:00+09:00,DEV-BLEND,BLEND-A,50,10000.0
2024-07-28,2024-07-28T00:00:00+09:00,DEV-LATTE,LATTE-A,130,2600.0
2024-07-28,2024-07-28T00:00:00+09:00,DEV-DRIP,DRIP-B,153,2295.0
2024-07-28,2024-07-28T00:00:00+09:00,DEV-BLEND,BLEND-A,42,8400.0
2024-07-29,2024-07-29T00:00:00+09:00,DEV-LATTE,LATTE-A,129,2580.0
2024-07-29,2024-07-29T00:00:00+09:00,DEV-DRIP,DRIP-B,125,1875.0
2024-07-29,2024-07-29T00:00:00+09:00,DEV-BLEND,BLEND-A,33,6600.0
2024-07-30,2024-07-30T00:00:00+09:00,DEV-LATTE,LATTE-A,108,2160.0
2024-07-30,2024-07-30T00:00:00+09:00,DEV-DRIP,DRIP-B,135,2025.0
2024-07-30,2024-07-30T00:00:00+09:00,DEV-BLEND,BLEND-A,29,5800.0
2024-07-31,2024-07-31T00:00:00+09:00,DEV-LATTE,LATTE-A,116,2320.0
2024-07-31,2024-07-31T00:00:00+09:00,DEV-DRIP,DRIP-B,131,1965.0
2024-07-31,2024-07-31T00:00:00+09:00,DEV-BLEND,BLEND-A,41,8200.0
2024-08-01,2024-08-01T00:00:00+09:00,DEV-LATTE,LATTE-A,138,2760.0
2024-08-01,2024-08-01T00:00:00+09:00,DEV-DRIP,DRIP-B,152,2280.0
2024-08-01,2024-08-01T00:00:00+09:00,DEV-BLEND,BLEND-A,23,4600.0
2024-08-02,2024-08-02T00:00:00+09:00,DEV-LATTE,LATTE-A,155,3100.0
2024-08-02,2024-08-02T00:00:00+09:00,DEV-DRIP,DRIP-B,161,2415.0
2024-08-02,2024-08-02T00:00:00+09:00,DEV-BLEND,BLEND-A,41,8200.0
2024-08-03,2024-08-03T00:00:00+09:00,DEV-LATTE,LATTE-A,180,3600.0
2024-08-03,2024-08-03T00:00:00+09:00,DEV-DRIP,DRIP-B,144,2160.0
2024-08-03,2024-08-03T00:00:00+09:00,DEV-BLEND,BLEND-A,36,7200.0
2024-08-04,2024-08-04T00:00:00+09:00,DEV-LATTE,LATTE-A,155,3100.0
2024-08-04,2024-08-04T00:00:00+09:00,DEV-DRIP,DRIP-B,130,1950.0
2024-08-04,2024-08-04T00:00:00+09:00,DEV-BLEND,BLEND-A,44,8800.0
2024-08-05,2024-08-05T00:00:00+09:00,DEV-LATTE,LATTE-A,125,2500.0
2024-08-05,2024-08-05T00:00:00+09:00,DEV-DRIP,DRIP-B,121,1815.0
2024-08-05,2024-08-05T00:00:00+09:00,DEV-BLEND,BLEND-A,40,8000.0
2024-08-06,2024-08-06T00:00:00+09:00,DEV-LATTE,LATTE-A,112,2240.0
2024-08-06,2024-08-06T00:00:00+09:00,DEV-DRIP,DRIP-B,122,1830.0
2024-08-06,2024-08-06T00:00:00+09:00,DEV-BLEND,BLEND-A,22,4400.0
2024-08-07,2024-08-07T00:00:00+09:00,DEV-LATTE,LATTE-A,117,2340.0
2024-08-07,2024-08-07T00:00:00+09:00,DEV-DRIP,DRIP-B,141,2115.0
2024-08-07,2024-08-07T00:00:00+09:00,DEV-BLEND,BLEND-A,36,7200.0
2024-08-08,2024-08-08T00:00:00+09:00,DEV-LATTE,LATTE-A,136,2720.0
2024-08-08,2024-08-08T00:00:00+09:00,DEV-DRIP,DRIP-B,173,2595.0
2024-08-08,2024-08-08T00:00:00+09:00,DEV-BLEND,BLEND-A,40,8000.0
2024-08-09,2024-08-09T00:00:00+09:00,DEV-LATTE,LATTE-A,154,3080.0
2024-08-09,2024-08-09T00:00:00+09:00,DEV-DRIP,DRIP-B,144,2160.0
2024-08-09,2024-08-09T00:00:00+09:00,DEV-BLEND,BLEND-A,35,7000.0
2024-08-10,2024-08-10T00:00:00+09:00,DEV-LATTE,LATTE-A,160,3200.0
2024-08-10,2024-08-10T00:00:00+09:00,DEV-DRIP,DRIP-B,181,2715.0
2024-08-10,2024-08-10T00:00:00+09:00,DEV-BLEND,BLEND-A,40,8000.0
2024-08-11,2024-08-11T00:00:00+09:00,DEV-LATTE,LATTE-A,158,3160.0
2024-08-11,2024-08-11T00:00:00+09:00,DEV-DRIP,DRIP-B,172,2580.0
2024-08-11,2024-08-11T00:00:00+09:00,DEV-BLEND,BLEND-A,49,9800.0
2024-08-12,2024-08-12T00:00:00+09:00,DEV-LATTE,LATTE-A,152,3040.0
2024-08-12,2024-08-12T00:00:00+09:00,DEV-DRIP,DRIP-B,129,1935.0
2024-08-12,2024-08-12T00:00:00+09:00,DEV-BLEND,BLEND-A,34,6800.0
2024-08-13,2024-08-13T00:00:00+09:00,DEV-LATTE,LATTE-A,111,2220.0
2024-08-13,2024-08-13T00:00:00+09:00,DEV-DRIP,DRIP-B,125,1875.0
2024-08-13,2024-08-13T00:00:00+09:00,DEV-BLEND,BLEND-A,32,6400.0
2024-08-14,2024-08-14T00:00:00+09:00,DEV-LATTE,LATTE-A,121,2420.0
2024-08-14,2024-08-14T00:00:00+09:00,DEV-DRIP,DRIP-B,150,2250.0
2024-08-14,2024-08-14T00:00:00+09:00,DEV-BLEND,BLEND-A,37,7400.0
2024-08-15,2024-08-15T00:00:00+09:00,DEV-LATTE,LATTE-A,152,3040.0
2024-08-15,2024-08-15T00:00:00+09:00,DEV-DRIP,DRIP-B,123,1845.0
2024-08-15,2024-08-15T00:00:00+09:00,DEV-BLEND,BLEND-A,36,7200.0
2024-08-16,2024-08-16T00:00:00+09:00,DEV-LATTE,LATTE-A,139,2780.0
2024-08-16,2024-08-16T00:00:00+09:00,DEV-DRIP,DRIP-B,158,2370.0
2024-08-16,2024-08-16T00:00:00+09:00,DEV-BLEND,BLEND-A,35,7000.0
2024-08-17,2024-08-17T00:00:00+09:00,DEV-LATTE,LATTE-A,190,3800.0
2024-08-17,2024-08-17T00:00:00+09:00,DEV-DRIP,DRIP-B,170,2550.0
2024-08-17,2024-08-17T00:00:00+09:00,DEV-BLEND,BLEND-A,41,8200.0
2024-08-18,2024-08-18T00:00:00+09:00,DEV-LATTE,LATTE-A,140,2800.0
2024-08-18,2024-08-18T00:00:00+09:00,DEV-DRIP,DRIP-B,150,2250.0
2024-08-18,2024-08-18T00:00:00+09:00,DEV-BLEND,BLEND-A,37,7400.0
2024-08-19,2024-08-19T00:00:00+09:00,DEV-LATTE,LATTE-A,125,2500.0
2024-08-19,2024-08-19T00:00:00+09:00,DEV-DRIP,DRIP-B,139,2085.0
2024-08-19,2024-08-19T00:00:00+09:00,DEV-BLEND,BLEND-A,29,5800.0
2024-08-20,2024-08-20T00:00:00+09:00,DEV-LATTE,LATTE-A,115,2300.0
2024-08-20,2024-08-20T00:00:00+09:00,DEV-DRIP,DRIP-B,131,1965.0
2024-08-20,2024-08-20T00:00:00+09:00,DEV-BLEND,BLEND-A,27,5400.0
2024-08-21,2024-08-21T00:00:00+09:00,DEV-LATTE,LATTE-A,126,2520.0
2024-08-21,2024-08-21T00:00:00+09:00,DEV-DRIP,DRIP-B,123,1845.0
2024-08-21,2024-08-21T00:00:00+09:00,DEV-BLEND,BLEND-A,30,6000.0
2024-08-22,2024-08-22T00:00:00+09:00,DEV-LATTE,LATTE-A,147,2940.0
2024-08-22,2024-08-22T00:00:00+09:00,DEV-DRIP,DRIP-B,132,1980.0
2024-08-22,2024-08-22T00:00:00+09:00,DEV-BLEND,BLEND-A,36,7200.0
2024-08-23,2024-08-23T00:00:00+09:00,DEV-LATTE,LATTE-A,185,3700.0
2024-08-23,2024-08-23T00:00:00+09:00,DEV-DRIP,DRIP-B,166,2490.0
2024-08-23,2024-08-23T00:00:00+09:00,DEV-BLEND,BLEND-A,35,7000.0
2024-08-24,2024-08-24T00:00:00+09:00,DEV-LATTE,LATTE-A,215,4300.0
2024-08-24,2024-08-24T00:00:00+09:00,DEV-DRIP,DRIP-B,214,3210.0
2024-08-24,2024-08-24T00:00:00+09:00,DEV-BLEND,BLEND-A,43,8600.0
2024-08-25,2024-08-25T00:00:00+09:00,DEV-LATTE,LATTE-A,157,3140.0
2024-08-25,2024-08-25T00:00:00+09:00,DEV-DRIP,DRIP-B,149,2235.0
2024-08-25,2024-08-25T00:00:00+09:00,DEV-BLEND,BLEND-A,44,8800.0
2024-08-26,2024-08-26T00:00:00+09:00,DEV-LATTE,LATTE-A,117,2340.0
2024-08-26,2024-08-26T00:00:00+09:00,DEV-DRIP,DRIP-B,145,2175.0
2024-08-26,2024-08-26T00:00:00+09:00,DEV-BLEND,BLEND-A,34,6800.0
2024-08-27,2024-08-27T00:00:00+09:00,DEV-LATTE,LATTE-A,149,2980.0
2024-08-27,2024-08-27T00:00:00+09:00,DEV-DRIP,DRIP-B,124,1860.0
2024-08-27,2024-08-27T00:00:00+09:00,DEV-BLEND,BLEND-A,33,6600.0
2024-08-28,2024-08-28T00:00:00+09:00,DEV-LATTE,LATTE-A,143,2860.0
2024-08-28,2024-08-28T00:00:00+09:00,DEV-DRIP,DRIP-B,148,2220.0
2024-08-28,2024-08-28T00:00:00+09:00,DEV-BLEND,BLEND-A,41,8200.0
2024-08-29,2024-08-29T00:00:00+09:00,DEV-LATTE,LATTE-A,129,2580.0
2024-08-29,2024-08-29T00:00:00+09:00,DEV-DRIP,DRIP-B,134,2010.0
2024-08-29,2024-08-29T00:00:00+09:00,DEV-BLEND,BLEND-A,33,6600.0
2024-08-30,2024-08-30T00:00:00+09:00,DEV-LATTE,LATTE-A,141,2820.0
2024-08-30,2024-08-30T00:00:00+09:00,DEV-DRIP,DRIP-B,158,2370.0
2024-08-30,2024-08-30T00:00:00+09:00,DEV-BLEND,BLEND-A,40,8000.0
2024-08-31,2024-08-31T00:00:00+09:00,DEV-LATTE,LATTE-A,187,3740.0
2024-08-31,2024-08-31T00:00:00+09:00,DEV-DRIP,DRIP-B,203,3045.0
2024-08-31,2024-08-31T00:00:00+09:00,DEV-BLEND,BLEND-A,46,9200.0
2024-09-01,2024-09-01T00:00:00+09:00,DEV-LATTE,LATTE-A,168,3360.0
2024-09-01,2024-09-01T00:00:00+09:00,DEV-DRIP,DRIP-B,154,2310.0
2024-09-01,2024-09-01T00:00:00+09:00,DEV-BLEND,BLEND-A,32,6400.0
2024-09-02,2024-09-02T00:00:00+09:00,DEV-LATTE,LATTE-A,136,2720.0
2024-09-02,2024-09-02T00:00:00+09:00,DEV-DRIP,DRIP-B,119,1785.0
2024-09-02,2024-09-02T00:00:00+09:00,DEV-BLEND,BLEND-A,26,5200.0
2024-09-03,2024-09-03T00:00:00+09:00,DEV-LATTE,LATTE-A,122,2440.0
2024-09-03,2024-09-03T00:00:00+09:00,DEV-DRIP,DRIP-B,134,2010.0
2024-09-03,2024-09-03T00:00:00+09:00,DEV-BLEND,BLEND-A,23,4600.0
2024-09-04,2024-09-04T00:00:00+09:00,DEV-LATTE,LATTE-A,120,2400.0
2024-09-04,2024-09-04T00:00:00+09:00,DEV-DRIP,DRIP-B,125,1875.0
2024-09-04,2024-09-04T00:00:00+09:00,DEV-BLEND,BLEND-A,26,5200.0
2024-09-05,2024-09-05T00:00:00+09:00,DEV-LATTE,LATTE-A,139,2780.0
2024-09-05,2024-09-05T00:00:00+09:00,DEV-DRIP,DRIP-B,162,2430.0
2024-09-05,2024-09-05T00:00:00+09:00,DEV-BLEND,BLEND-A,37,7400.0
2024-09-06,2024-09-06T00:00:00+09:00,DEV-LATTE,LATTE-A,165,3300.0
2024-09-06,2024-09-06T00:00:00+09:00,DEV-DRIP,DRIP-B,182,2730.0
2024-09-06,2024-09-06T00:00:00+09:00,DEV-BLEND,BLEND-A,43,8600.0
2024-09-07,2024-09-07T00:00:00+09:00,DEV-LATTE,LATTE-A,180,3600.0
2024-09-07,2024-09-07T00:00:00+09:00,DEV-DRIP,DRIP-B,218,3270.0
2024-09-07,2024-09-07T00:00:00+09:00,DEV-BLEND,BLEND-A,41,8200.0
2024-09-08,2024-09-08T00:00:00+09:00,DEV-LATTE,LATTE-A,148,2960.0
2024-09-08,2024-09-08T00:00:00+09:00,DEV-DRIP,DRIP-B,153,2295.0
2024-09-08,2024-09-08T00:00:00+09:00,DEV-BLEND,BLEND-A,38,7600.0
2024-09-09,2024-09-09T00:00:00+09:00,DEV-LATTE,LATTE-A,141,2820.0
2024-09-09,2024-09-09T00:00:00+09:00,DEV-DRIP,DRIP-B,147,2205.0
2024-09-09,2024-09-09T00:00:00+09:00,DEV-BLEND,BLEND-A,37,7400.0
2024-09-10,2024-09-10T00:00:00+09:00,DEV-LATTE,LATTE-A,140,2800.0
2024-09-10,2024-09-10T00:00:00+09:00,DEV-DRIP,DRIP-B,124,1860.0
2024-09-10,2024-09-10T00:00:00+09:00,DEV-BLEND,BLEND-A,23,4600.0
2024-09-11,2024-09-11T00:00:00+09:00,DEV-LATTE,LATTE-A,158,3160.0
2024-09-11,2024-09-11T00:00:00+09:00,DEV-DRIP,DRIP-B,126,1890.0
2024-09-11,2024-09-11T00:00:00+09:00,DEV-BLEND,BLEND-A,48,9600.0
2024-09-12,2024-09-12T00:00:00+09:00,DEV-LATTE,LATTE-A,148,2960.0
2024-09-12,2024-09-12T00:00:00+09:00,DEV-DRIP,DRIP-B,134,2010.0
2024-09-12,2024-09-12T00:00:00+09:00,DEV-BLEND,BLEND-A,43,8600.0
2024-09-13,2024-09-13T00:00:00+09:00,DEV-LATTE,LATTE-A,183,3660.0
2024-09-13,2024-09-13T00:00:00+09:00,DEV-DRIP,DRIP-B,185,2775.0
2024-09-13,2024-09-13T00:00:00+09:00,DEV-BLEND,BLEND-A,40,8000.0
2024-09-14,2024-09-14T00:00:00+09:00,DEV-LATTE,LATTE-A,212,4240.0
2024-09-14,2024-09-14T00:00:00+09:00,DEV-DRIP,DRIP-B,196,2940.0
2024-09-14,2024-09-14T00:00:00+09:00,DEV-BLEND,BLEND-A,47,9400.0
2024-09-15,2024-09-15T00:00:00+09:00,DEV-LATTE,LATTE-A,136,2720.0
2024-09-15,2024-09-15T00:00:00+09:00,DEV-DRIP,DRIP-B,184,2760.0
2024-09-15,2024-09-15T00:00:00+09:00,DEV-BLEND,BLEND-A,33,6600.0
2024-09-16,2024-09-16T00:00:00+09:00,DEV-LATTE,LATTE-A,146,2920.0
2024-09-16,2024-09-16T00:00:00+09:00,DEV-DRIP,DRIP-B,167,2505.0
2024-09-16,2024-09-16T00:00:00+09:00,DEV-BLEND,BLEND-A,35,7000.0
2024-09-17,2024-09-17T00:00:00+09:00,DEV-LATTE,LATTE-A,156,3120.0
2024-09-17,2024-09-17T00:00:00+09:00,DEV-DRIP,DRIP-B,172,2580.0
2024-09-17,2024-09-17T00:00:00+09:00,DEV-BLEND,BLEND-A,26,5200.0
2024-09-18,2024-09-18T00:00:00+09:00,DEV-LATTE,LATTE-A,169,3380.0
2024-09-18,2024-09-18T00:00:00+09:00,DEV-DRIP,DRIP-B,136,2040.0
2024-09-18,2024-09-18T00:00:00+09:00,DEV-BLEND,BLEND-A,31,6200.0
2024-09-19,2024-09-19T00:00:00+09:00,DEV-LATTE,LATTE-A,150,3000.0
2024-09-19,2024-09-19T00:00:00+09:00,DEV-DRIP,DRIP-B,147,2205.0
2024-09-19,2024-09-19T00:00:00+09:00,DEV-BLEND,BLEND-A,40,8000.0
2024-09-20,2024-09-20T00:00:00+09:00,DEV-LATTE,LATTE-A,176,3520.0
2024-09-20,2024-09-20T00:00:00+09:00,DEV-DRIP,DRIP-B,162,2430.0
2024-09-20,2024-09-20T00:00:00+09:00,DEV-BLEND,BLEND-A,40,8000.0
2024-09-21,2024-09-21T00:00:00+09:00,DEV-LATTE,LATTE-A,260,5200.0
2024-09-21,2024-09-21T00:00:00+09:00,DEV-DRIP,DRIP-B,234,3510.0
2024-09-21,2024-09-21T00:00:00+09:00,DEV-BLEND,BLEND-A,44,8800.0
2024-09-22,2024-09-22T00:00:00+09:00,DEV-LATTE,LATTE-A,193,3860.0
2024-09-22,2024-09-22T00:00:00+09:00,DEV-DRIP,DRIP-B,137,2055.0
2024-09-22,2024-09-22T00:00:00+09:00,DEV-BLEND,BLEND-A,39,7800.0
2024-09-23,2024-09-23T00:00:00+09:00,DEV-LATTE,LATTE-A,170,3400.0
2024-09-23,2024-09-23T00:00:00+09:00,DEV-DRIP,DRIP-B,171,2565.0
2024-09-23,2024-09-23T00:00:00+09:00,DEV-BLEND,BLEND-A,37,7400.0
2024-09-24,2024-09-24T00:00:00+09:00,DEV-LATTE,LATTE-A,155,3100.0
2024-09-24,2024-09-24T00:00:00+09:00,DEV-DRIP,DRIP-B,150,2250.0
2024-09-24,2024-09-24T00:00:00+09:00,DEV-BLEND,BLEND-A,29,5800.0
2024-09-25,2024-09-25T00:00:00+09:00,DEV-LATTE,LATTE-A,166,3320.0
2024-09-25,2024-09-25T00:00:00+09:00,DEV-DRIP,DRIP-B,157,2355.0
2024-09-25,2024-09-25T00:00:00+09:00,DEV-BLEND,BLEND-A,29,5800.0
2024-09-26,2024-09-26T00:00:00+09:00,DEV-LATTE,LATTE-A,159,3180.0
2024-09-26,2024-09-26T00:00:00+09:00,DEV-DRIP,DRIP-B,153,2295.0
2024-09-26,2024-09-26T00:00:00+09:00,DEV-BLEND,BLEND-A,39,7800.0
2024-09-27,2024-09-27T00:00:00+09:00,DEV-LATTE,LATTE-A,174,3480.0
2024-09-27,2024-09-27T00:00:00+09:00,DEV-DRIP,DRIP-B,155,2325.0
2024-09-27,2024-09-27T00:00:00+09:00,DEV-BLEND,BLEND-A,48,9600.0
2024-09-28,2024-09-28T00:00:00+09:00,DEV-LATTE,LATTE-A,181,3620.0
2024-09-28,2024-09-28T00:00:00+09:00,DEV-DRIP,DRIP-B,195,2925.0
2024-09-28,2024-09-28T00:00:00+09:00,DEV-BLEND,BLEND-A,43,8600.0
2024-09-29,2024-09-29T00:00:00+09:00,DEV-LATTE,LATTE-A,175,3500.0
2024-09-29,2024-09-29T00:00:00+09:00,DEV-DRIP,DRIP-B,154,2310.0
2024-09-29,2024-09-29T00:00:00+09:00,DEV-BLEND,BLEND-A,27,5400.0
2024-09-30,2024-09-30T00:00:00+09:00,DEV-LATTE,LATTE-A,158,3160.0
2024-09-30,2024-09-30T00:00:00+09:00,DEV-DRIP,DRIP-B,137,2055.0
2024-09-30,2024-09-30T00:00:00+09:00,DEV-BLEND,BLEND-A,27,5400.0
2024-10-01,2024-10-01T00:00:00+09:00,DEV-LATTE,LATTE-A,156,3120.0
2024-10-01,2024-10-01T00:00:00+09:00,DEV-DRIP,DRIP-B,151,2265.0
2024-10-01,2024-10-01T00:00:00+09:00,DEV-BLEND,BLEND-A,31,6200.0
2024-10-02,2024-10-02T00:00:00+09:00,DEV-LATTE,LATTE-A,149,2980.0
2024-10-02,2024-10-02T00:00:00+09:00,DEV-DRIP,DRIP-B,138,2070.0
2024-10-02,2024-10-02T00:00:00+09:00,DEV-BLEND,BLEND-A,27,5400.0
2024-10-03,2024-10-03T00:00:00+09:00,DEV-LATTE,LATTE-A,159,3180.0
2024-10-03,2024-10-03T00:00:00+09:00,DEV-DRIP,DRIP-B,187,2805.0
2024-10-03,2024-10-03T00:00:00+09:00,DEV-BLEND,BLEND-A,39,7800.0
2024-10-04,2024-10-04T00:00:00+09:00,DEV-LATTE,LATTE-A,180,3600.0
2024-10-04,2024-10-04T00:00:00+09:00,DEV-DRIP,DRIP-B,178,2670.0
2024-10-04,2024-10-04T00:00:00+09:00,DEV-BLEND,BLEND-A,35,7000.0
2024-10-05,2024-10-05T00:00:00+09:00,DEV-LATTE,LATTE-A,198,3960.0
2024-10-05,2024-10-05T00:00:00+09:00,DEV-DRIP,DRIP-B,223,3345.0
2024-10-05,2024-10-05T00:00:00+09:00,DEV-BLEND,BLEND-A,33,6600.0
2024-10-06,2024-10-06T00:00:00+09:00,DEV-LATTE,LATTE-A,162,3240.0
2024-10-06,2024-10-06T00:00:00+09:00,DEV-DRIP,DRIP-B,189,2835.0
2024-10-06,2024-10-06T00:00:00+09:00,DEV-BLEND,BLEND-A,37,7400.0
2024-10-07,2024-10-07T00:00:00+09:00,DEV-LATTE,LATTE-A,168,3360.0
2024-10-07,2024-10-07T00:00:00+09:00,DEV-DRIP,DRIP-B,160,2400.0
2024-10-07,2024-10-07T00:00:00+09:00,DEV-BLEND,BLEND-A,29,5800.0
2024-10-08,2024-10-08T00:00:00+09:00,DEV-LATTE,LATTE-A,152,3040.0
2024-10-08,2024-10-08T00:00:00+09:00,DEV-DRIP,DRIP-B,179,2685.0
2024-10-08,2024-10-08T00:00:00+09:00,DEV-BLEND,BLEND-A,30,6000.0
2024-10-09,2024-10-09T00:00:00+09:00,DEV-LATTE,LATTE-A,156,3120.0
2024-10-09,2024-10-09T00:00:00+09:00,DEV-DRIP,DRIP-B,169,2535.0
2024-10-09,2024-10-09T00:00:00+09:00,DEV-BLEND,BLEND-A,41,8200.0
2024-10-10,2024-10-10T00:00:00+09:00,DEV-LATTE,LATTE-A,155,3100.0
2024-10-10,2024-10-10T00:00:00+09:00,DEV-DRIP,DRIP-B,169,2535.0
2024-10-10,2024-10-10T00:00:00+09:00,DEV-BLEND,BLEND-A,44,8800.0
2024-10-11,2024-10-11T00:00:00+09:00,DEV-LATTE,LATTE-A,196,3920.0
2024-10-11,2024-10-11T00:00:00+09:00,DEV-DRIP,DRIP-B,167,2505.0
2024-10-11,2024-10-11T00:00:00+09:00,DEV-BLEND,BLEND-A,27,5400.0
2024-10-12,2024-10-12T00:00:00+09:00,DEV-LATTE,LATTE-A,185,3700.0
2024-10-12,2024-10-12T00:00:00+09:00,DEV-DRIP,DRIP-B,178,2670.0
2024-10-12,2024-10-12T00:00:00+09:00,DEV-BLEND,BLEND-A,41,8200.0
2024-10-13,2024-10-13T00:00:00+09:00,DEV-LATTE,LATTE-A,191,3820.0
2024-10-13,2024-10-13T00:00:00+09:00,DEV-DRIP,DRIP-B,174,2610.0
2024-10-13,2024-10-13T00:00:00+09:00,DEV-BLEND,BLEND-A,35,7000.0
2024-10-14,2024-10-14T00:00:00+09:00,DEV-LATTE,LATTE-A,187,3740.0
2024-10-14,2024-10-14T00:00:00+09:00,DEV-DRIP,DRIP-B,204,3060.0
2024-10-14,2024-10-14T00:00:00+09:00,DEV-BLEND,BLEND-A,45,9000.0
2024-10-15,2024-10-15T00:00:00+09:00,DEV-LATTE,LATTE-A,161,3220.0
2024-10-15,2024-10-15T00:00:00+09:00,DEV-DRIP,DRIP-B,143,2145.0
2024-10-15,2024-10-15T00:00:00+09:00,DEV-BLEND,BLEND-A,28,5600.0
2024-10-16,2024-10-16T00:00:00+09:00,DEV-LATTE,LATTE-A,158,3160.0
2024-10-16,2024-10-16T00:00:00+09:00,DEV-DRIP,DRIP-B,156,2340.0
2024-10-16,2024-10-16T00:00:00+09:00,DEV-BLEND,BLEND-A,47,9400.0
2024-10-17,2024-10-17T00:00:00+09:00,DEV-LATTE,LATTE-A,178,3560.0
2024-10-17,2024-10-17T00:00:00+09:00,DEV-DRIP,DRIP-B,175,2625.0
2024-10-17,2024-10-17T00:00:00+09:00,DEV-BLEND,BLEND-A,27,5400.0
2024-10-18,2024-10-18T00:00:00+09:00,DEV-LATTE,LATTE-A,173,3460.0
2024-10-18,2024-10-18T00:00:00+09:00,DEV-DRIP,DRIP-B,178,2670.0
2024-10-18,2024-10-18T00:00:00+09:00,DEV-BLEND,BLEND-A,45,9000.0
2024-10-19,2024-10-19T00:00:00+09:00,DEV-LATTE,LATTE-A,222,4440.0
2024-10-19,2024-10-19T00:00:00+09:00,DEV-DRIP,DRIP-B,228,3420.0
2024-10-19,2024-10-19T00:00:00+09:00,DEV-BLEND,BLEND-A,51,10200.0
2024-10-20,2024-10-20T00:00:00+09:00,DEV-LATTE,LATTE-A,175,3500.0
2024-10-20,2024-10-20T00:00:00+09:00,DEV-DRIP,DRIP-B,226,3390.0
2024-10-20,2024-10-20T00:00:00+09:00,DEV-BLEND,BLEND-A,39,7800.0
2024-10-21,2024-10-21T00:00:00+09:00,DEV-LATTE,LATTE-A,157,3140.0
2024-10-21,2024-10-21T00:00:00+09:00,DEV-DRIP,DRIP-B,154,2310.0
2024-10-21,2024-10-21T00:00:00+09:00,DEV-BLEND,BLEND-A,40,8000.0
2024-10-22,2024-10-22T00:00:00+09:00,DEV-LATTE,LATTE-A,165,3300.0
2024-10-22,2024-10-22T00:00:00+09:00,DEV-DRIP,DRIP-B,160,2400.0
2024-10-22,2024-10-22T00:00:00+09:00,DEV-BLEND,BLEND-A,36,7200.0
2024-10-23,2024-10-23T00:00:00+09:00,DEV-LATTE,LATTE-A,196,3920.0
2024-10-23,2024-10-23T00:00:00+09:00,DEV-DRIP,DRIP-B,195,2925.0
2024-10-23,2024-10-23T00:00:00+09:00,DEV-BLEND,BLEND-A,29,5800.0
2024-10-24,2024-10-24T00:00:00+09:00,DEV-LATTE,LATTE-A,191,3820.0
2024-10-24,2024-10-24T00:00:00+09:00,DEV-DRIP,DRIP-B,145,2175.0
2024-10-24,2024-10-24T00:00:00+09:00,DEV-BLEND,BLEND-A,27,5400.0
2024-10-25,2024-10-25T00:00:00+09:00,DEV-LATTE,LATTE-A,221,4420.0
2024-10-25,2024-10-25T00:00:00+09:00,DEV-DRIP,DRIP-B,197,2955.0
2024-10-25,2024-10-25T00:00:00+09:00,DEV-BLEND,BLEND-A,41,8200.0
2024-10-26,2024-10-26T00:00:00+09:00,DEV-LATTE,LATTE-A,229,4580.0
2024-10-26,2024-10-26T00:00:00+09:00,DEV-DRIP,DRIP-B,196,2940.0
2024-10-26,2024-10-26T00:00:00+09:00,DEV-BLEND,BLEND-A,54,10800.0
2024-10-27,2024-10-27T00:00:00+09:00,DEV-LATTE,LATTE-A,193,3860.0
2024-10-27,2024-10-27T00:00:00+09:00,DEV-DRIP,DRIP-B,203,3045.0
2024-10-27,2024-10-27T00:00:00+09:00,DEV-BLEND,BLEND-A,24,4800.0
2024-10-28,2024-10-28T00:00:00+09:00,DEV-LATTE,LATTE-A,161,3220.0
2024-10-28,2024-10-28T00:00:00+09:00,DEV-DRIP,DRIP-B,155,2325.0
2024-10-28,2024-10-28T00:00:00+09:00,DEV-BLEND,BLEND-A,30,6000.0
2024-10-29,2024-10-29T00:00:00+09:00,DEV-LATTE,LATTE-A,158,3160.0
2024-10-29,2024-10-29T00:00:00+09:00,DEV-DRIP,DRIP-B,171,2565.0
2024-10-29,2024-10-29T00:00:00+09:00,DEV-BLEND,BLEND-A,32,6400.0
2024-10-30,2024-10-30T00:00:00+09:00,DEV-LATTE,LATTE-A,181,3620.0
2024-10-30,2024-10-30T00:00:00+09:00,DEV-DRIP,DRIP-B,187,2805.0
2024-10-30,2024-10-30T00:00:00+09:00,DEV-BLEND,BLEND-A,39,7800.0
2024-10-31,2024-10-31T00:00:00+09:00,DEV-LATTE,LATTE-A,195,3900.0
2024-10-31,2024-10-31T00:00:00+09:00,DEV-DRIP,DRIP-B,194,2910.0
2024-10-31,2024-10-31T00:00:00+09:00,DEV-BLEND,BLEND-A,40,8000.0
2024-11-01,2024-11-01T00:00:00+09:00,DEV-LATTE,LATTE-A,194,3880.0
2024-11-01,2024-11-01T00:00:00+09:00,DEV-DRIP,DRIP-B,201,3015.0
2024-11-01,2024-11-01T00:00:00+09:00,DEV-BLEND,BLEND-A,22,4400.0
2024-11-02,2024-11-02T00:00:00+09:00,DEV-LATTE,LATTE-A,236,4720.0
2024-11-02,2024-11-02T00:00:00+09:00,DEV-DRIP,DRIP-B,214,3210.0
2024-11-02,2024-11-02T00:00:00+09:00,DEV-BLEND,BLEND-A,39,7800.0
2024-11-03,2024-11-03T00:00:00+09:00,DEV-LATTE,LATTE-A,255,5100.0
2024-11-03,2024-11-03T00:00:00+09:00,DEV-DRIP,DRIP-B,234,3510.0
2024-11-03,2024-11-03T00:00:00+09:00,DEV-BLEND,BLEND-A,32,6400.0
2024-11-04,2024-11-04T00:00:00+09:00,DEV-LATTE,LATTE-A,192,3840.0
2024-11-04,2024-11-04T00:00:00+09:00,DEV-DRIP,DRIP-B,169,2535.0
2024-11-04,2024-11-04T00:00:00+09:00,DEV-BLEND,BLEND-A,31,6200.0
2024-11-05,2024-11-05T00:00:00+09:00,DEV-LATTE,LATTE-A,144,2880.0
2024-11-05,2024-11-05T00:00:00+09:00,DEV-DRIP,DRIP-B,160,2400.0
2024-11-05,2024-11-05T00:00:00+09:00,DEV-BLEND,BLEND-A,27,5400.0
2024-11-06,2024-11-06T00:00:00+09:00,DEV-LATTE,LATTE-A,210,4200.0
2024-11-06,2024-11-06T00:00:00+09:00,DEV-DRIP,DRIP-B,191,2865.0
2024-11-06,2024-11-06T00:00:00+09:00,DEV-BLEND,BLEND-A,47,9400.0
2024-11-07,2024-11-07T00:00:00+09:00,DEV-LATTE,LATTE-A,201,4020.0
2024-11-07,2024-11-07T00:00:00+09:00,DEV-DRIP,DRIP-B,168,2520.0
2024-11-07,2024-11-07T00:00:00+09:00,DEV-BLEND,BLEND-A,36,7200.0
2024-11-08,2024-11-08T00:00:00+09:00,DEV-LATTE,LATTE-A,207,4140.0
2024-11-08,2024-11-08T00:00:00+09:00,DEV-DRIP,DRIP-B,224,3360.0
2024-11-08,2024-11-08T00:00:00+09:00,DEV-BLEND,BLEND-A,36,7200.0
2024-11-09,2024-11-09T00:00:00+09:00,DEV-LATTE,LATTE-A,214,4280.0
2024-11-09,2024-11-09T00:00:00+09:00,DEV-DRIP,DRIP-B,242,3630.0
2024-11-09,2024-11-09T00:00:00+09:00,DEV-BLEND,BLEND-A,41,8200.0
2024-11-10,2024-11-10T00:00:00+09:00,DEV-LATTE,LATTE-A,190,3800.0
2024-11-10,2024-11-10T00:00:00+09:00,DEV-DRIP,DRIP-B,203,3045.0
2024-11-10,2024-11-10T00:00:00+09:00,DEV-BLEND,BLEND-A,40,8000.0
2024-11-11,2024-11-11T00:00:00+09:00,DEV-LATTE,LATTE-A,178,3560.0
2024-11-11,2024-11-11T00:00:00+09:00,DEV-DRIP,DRIP-B,177,2655.0
2024-11-11,2024-11-11T00:00:00+09:00,DEV-BLEND,BLEND-A,30,6000.0
2024-11-12,2024-11-12T00:00:00+09:00,DEV-LATTE,LATTE-A,157,3140.0
2024-11-12,2024-11-12T00:00:00+09:00,DEV-DRIP,DRIP-B,190,2850.0
2024-11-12,2024-11-12T00:00:00+09:00,DEV-BLEND,BLEND-A,36,7200.0
2024-11-13,2024-11-13T00:00:00+09:00,DEV-LATTE,LATTE-A,174,3480.0
2024-11-13,2024-11-13T00:00:00+09:00,DEV-DRIP,DRIP-B,179,2685.0
2024-11-13,2024-11-13T00:00:00+09:00,DEV-BLEND,BLEND-A,32,6400.0
2024-11-14,2024-11-14T00:00:00+09:00,DEV-LATTE,LATTE-A,193,3860.0
2024-11-14,2024-11-14T00:00:00+09:00,DEV-DRIP,DRIP-B,183,2745.0
2024-11-14,2024-11-14T00:00:00+09:00,DEV-BLEND,BLEND-A,45,9000.0
2024-11-15,2024-11-15T00:00:00+09:00,DEV-LATTE,LATTE-A,215,4300.0
2024-11-15,2024-11-15T00:00:00+09:00,DEV-DRIP,DRIP-B,201,3015.0
2024-11-15,2024-11-15T00:00:00+09:00,DEV-BLEND,BLEND-A,39,7800.0
2024-11-16,2024-11-16T00:00:00+09:00,DEV-LATTE,LATTE-A,251,5020.0
2024-11-16,2024-11-16T00:00:00+09:00,DEV-DRIP,DRIP-B,207,3105.0
2024-11-16,2024-11-16T00:00:00+09:00,DEV-BLEND,BLEND-A,37,7400.0
2024-11-17,2024-11-17T00:00:00+09:00,DEV-LATTE,LATTE-A,208,4160.0
2024-11-17,2024-11-17T00:00:00+09:00,DEV-DRIP,DRIP-B,195,2925.0
2024-11-17,2024-11-17T00:00:00+09:00,DEV-BLEND,BLEND-A,35,7000.0
2024-11-18,2024-11-18T00:00:00+09:00,DEV-LATTE,LATTE-A,187,3740.0
2024-11-18,2024-11-18T00:00:00+09:00,DEV-DRIP,DRIP-B,160,2400.0
2024-11-18,2024-11-18T00:00:00+09:00,DEV-BLEND,BLEND-A,38,7600.0
2024-11-19,2024-11-19T00:00:00+09:00,DEV-LATTE,LATTE-A,166,3320.0
2024-11-19,2024-11-19T00:00:00+09:00,DEV-DRIP,DRIP-B,170,2550.0
2024-11-19,2024-11-19T00:00:00+09:00,DEV-BLEND,BLEND-A,30,6000.0
2024-11-20,2024-11-20T00:00:00+09:00,DEV-LATTE,LATTE-A,185,3700.0
2024-11-20,2024-11-20T00:00:00+09:00,DEV-DRIP,DRIP-B,164,2460.0
2024-11-20,2024-11-20T00:00:00+09:00,DEV-BLEND,BLEND-A,35,7000.0
2024-11-21,2024-11-21T00:00:00+09:00,DEV-LATTE,LATTE-A,218,4360.0
2024-11-21,2024-11-21T00:00:00+09:00,DEV-DRIP,DRIP-B,178,2670.0
2024-11-21,2024-11-21T00:00:00+09:00,DEV-BLEND,BLEND-A,31,6200.0
2024-11-22,2024-11-22T00:00:00+09:00,DEV-LATTE,LATTE-A,208,4160.0
2024-11-22,2024-11-22T00:00:00+09:00,DEV-DRIP,DRIP-B,214,3210.0
2024-11-22,2024-11-22T00:00:00+09:00,DEV-BLEND,BLEND-A,38,7600.0
2024-11-23,2024-11-23T00:00:00+09:00,DEV-LATTE,LATTE-A,309,6180.0
2024-11-23,2024-11-23T00:00:00+09:00,DEV-DRIP,DRIP-B,278,4170.0
2024-11-23,2024-11-23T00:00:00+09:00,DEV-BLEND,BLEND-A,59,11800.0
2024-11-24,2024-11-24T00:00:00+09:00,DEV-LATTE,LATTE-A,214,4280.0
2024-11-24,2024-11-24T00:00:00+09:00,DEV-DRIP,DRIP-B,193,2895.0
2024-11-24,2024-11-24T00:00:00+09:00,DEV-BLEND,BLEND-A,45,9000.0
2024-11-25,2024-11-25T00:00:00+09:00,DEV-LATTE,LATTE-A,195,3900.0
2024-11-25,2024-11-25T00:00:00+09:00,DEV-DRIP,DRIP-B,178,2670.0
2024-11-25,2024-11-25T00:00:00+09:00,DEV-BLEND,BLEND-A,31,6200.0
2024-11-26,2024-11-26T00:00:00+09:00,DEV-LATTE,LATTE-A,179,3580.0
2024-11-26,2024-11-26T00:00:00+09:00,DEV-DRIP,DRIP-B,155,2325.0
2024-11-26,2024-11-26T00:00:00+09:00,DEV-BLEND,BLEND-A,37,7400.0
2024-11-27,2024-11-27T00:00:00+09:00,DEV-LATTE,LATTE-A,175,3500.0
2024-11-27,2024-11-27T00:00:00+09:00,DEV-DRIP,DRIP-B,178,2670.0
2024-11-27,2024-11-27T00:00:00+09:00,DEV-BLEND,BLEND-A,31,6200.0
2024-11-28,2024-11-28T00:00:00+09:00,DEV-LATTE,LATTE-A,211,4220.0
2024-11-28,2024-11-28T00:00:00+09:00,DEV-DRIP,DRIP-B,192,2880.0
2024-11-28,2024-11-28T00:00:00+09:00,DEV-BLEND,BLEND-A,40,8000.0
2024-11-29,2024-11-29T00:00:00+09:00,DEV-LATTE,LATTE-A,239,4780.0
2024-11-29,2024-11-29T00:00:00+09:00,DEV-DRIP,DRIP-B,235,3525.0
2024-11-29,2024-11-29T00:00:00+09:00,DEV-BLEND,BLEND-A,45,9000.0
2024-11-30,2024-11-30T00:00:00+09:00,DEV-LATTE,LATTE-A,269,5380.0
2024-11-30,2024-11-30T00:00:00+09:00,DEV-DRIP,DRIP-B,229,3435.0
2024-11-30,2024-11-30T00:00:00+09:00,DEV-BLEND,BLEND-A,44,8800.0
2024-12-01,2024-12-01T00:00:00+09:00,DEV-LATTE,LATTE-A,203,4060.0
2024-12-01,2024-12-01T00:00:00+09:00,DEV-DRIP,DRIP-B,221,3315.0
2024-12-01,2024-12-01T00:00:00+09:00,DEV-BLEND,BLEND-A,36,7200.0
2024-12-02,2024-12-02T00:00:00+09:00,DEV-LATTE,LATTE-A,203,4060.0
2024-12-02,2024-12-02T00:00:00+09:00,DEV-DRIP,DRIP-B,180,2700.0
2024-12-02,2024-12-02T00:00:00+09:00,DEV-BLEND,BLEND-A,33,6600.0
2024-12-03,2024-12-03T00:00:00+09:00,DEV-LATTE,LATTE-A,195,3900.0
2024-12-03,2024-12-03T00:00:00+09:00,DEV-DRIP,DRIP-B,156,2340.0
2024-12-03,2024-12-03T00:00:00+09:00,DEV-BLEND,BLEND-A,39,7800.0
2024-12-04,2024-12-04T00:00:00+09:00,DEV-LATTE,LATTE-A,184,3680.0
2024-12-04,2024-12-04T00:00:00+09:00,DEV-DRIP,DRIP-B,221,3315.0
2024-12-04,2024-12-04T00:00:00+09:00,DEV-BLEND,BLEND-A,30,6000.0
2024-12-05,2024-12-05T00:00:00+09:00,DEV-LATTE,LATTE-A,200,4000.0
2024-12-05,2024-12-05T00:00:00+09:00,DEV-DRIP,DRIP-B,189,2835.0
2024-12-05,2024-12-05T00:00:00+09:00,DEV-BLEND,BLEND-A,38,7600.0
2024-12-06,2024-12-06T00:00:00+09:00,DEV-LATTE,LATTE-A,238,4760.0
2024-12-06,2024-12-06T00:00:00+09:00,DEV-DRIP,DRIP-B,217,3255.0
2024-12-06,2024-12-06T00:00:00+09:00,DEV-BLEND,BLEND-A,41,8200.0
2024-12-07,2024-12-07T00:00:00+09:00,DEV-LATTE,LATTE-A,279,5580.0
2024-12-07,2024-12-07T00:00:00+09:00,DEV-DRIP,DRIP-B,286,4290.0
2024-12-07,2024-12-07T00:00:00+09:00,DEV-BLEND,BLEND-A,43,8600.0
2024-12-08,2024-12-08T00:00:00+09:00,DEV-LATTE,LATTE-A,241,4820.0
2024-12-08,2024-12-08T00:00:00+09:00,DEV-DRIP,DRIP-B,229,3435.0
2024-12-08,2024-12-08T00:00:00+09:00,DEV-BLEND,BLEND-A,39,7800.0
2024-12-09,2024-12-09T00:00:00+09:00,DEV-LATTE,LATTE-A,196,3920.0
2024-12-09,2024-12-09T00:00:00+09:00,DEV-DRIP,DRIP-B,210,3150.0
2024-12-09,2024-12-09T00:00:00+09:00,DEV-BLEND,BLEND-A,34,6800.0
2024-12-10,2024-12-10T00:00:00+09:00,DEV-LATTE,LATTE-A,180,3600.0
2024-12-10,2024-12-10T00:00:00+09:00,DEV-DRIP,DRIP-B,155,2325.0
2024-12-10,2024-12-10T00:00:00+09:00,DEV-BLEND,BLEND-A,26,5200.0
2024-12-11,2024-12-11T00:00:00+09:00,DEV-LATTE,LATTE-A,238,4760.0
2024-12-11,2024-12-11T00:00:00+09:00,DEV-DRIP,DRIP-B,183,2745.0
2024-12-11,2024-12-11T00:00:00+09:00,DEV-BLEND,BLEND-A,22,4400.0
2024-12-12,2024-12-12T00:00:00+09:00,DEV-LATTE,LATTE-A,196,3920.0
2024-12-12,2024-12-12T00:00:00+09:00,DEV-DRIP,DRIP-B,238,3570.0
2024-12-12,2024-12-12T00:00:00+09:00,DEV-BLEND,BLEND-A,44,8800.0
2024-12-13,2024-12-13T00:00:00+09:00,DEV-LATTE,LATTE-A,273,5460.0
2024-12-13,2024-12-13T00:00:00+09:00,DEV-DRIP,DRIP-B,238,3570.0
2024-12-13,2024-12-13T00:00:00+09:00,DEV-BLEND,BLEND-A,40,8000.0
2024-12-14,2024-12-14T00:00:00+09:00,DEV-LATTE,LATTE-A,338,6760.0
2024-12-14,2024-12-14T00:00:00+09:00,DEV-DRIP,DRIP-B,318,4770.0
2024-12-14,2024-12-14T00:00:00+09:00,DEV-BLEND,BLEND-A,43,8600.0
2024-12-15,2024-12-15T00:00:00+09:00,DEV-LATTE,LATTE-A,210,4200.0
2024-12-15,2024-12-15T00:00:00+09:00,DEV-DRIP,DRIP-B,228,3420.0
2024-12-15,2024-12-15T00:00:00+09:00,DEV-BLEND,BLEND-A,31,6200.0
2024-12-16,2024-12-16T00:00:00+09:00,DEV-LATTE,LATTE-A,181,3620.0
2024-12-16,2024-12-16T00:00:00+09:00,DEV-DRIP,DRIP-B,176,2640.0
2024-12-16,2024-12-16T00:00:00+09:00,DEV-BLEND,BLEND-A,35,7000.0
2024-12-17,2024-12-17T00:00:00+09:00,DEV-LATTE,LATTE-A,191,3820.0
2024-12-17,2024-12-17T00:00:00+09:00,DEV-DRIP,DRIP-B,180,2700.0
2024-12-17,2024-12-17T00:00:00+09:00,DEV-BLEND,BLEND-A,20,4000.0
2024-12-18,2024-12-18T00:00:00+09:00,DEV-LATTE,LATTE-A,197,3940.0
2024-12-18,2024-12-18T00:00:00+09:00,DEV-DRIP,DRIP-B,180,2700.0
2024-12-18,2024-12-18T00:00:00+09:00,DEV-BLEND,BLEND-A,34,6800.0
2024-12-19,2024-12-19T00:00:00+09:00,DEV-LATTE,LATTE-A,178,3560.0
2024-12-19,2024-12-19T00:00:00+09:00,DEV-DRIP,DRIP-B,178,2670.0
2024-12-19,2024-12-19T00:00:00+09:00,DEV-BLEND,BLEND-A,24,4800.0
2024-12-20,2024-12-20T00:00:00+09:00,DEV-LATTE,LATTE-A,213,4260.0
2024-12-20,2024-12-20T00:00:00+09:00,DEV-DRIP,DRIP-B,234,3510.0
2024-12-20,2024-12-20T00:00:00+09:00,DEV-BLEND,BLEND-A,44,8800.0
2024-12-21,2024-12-21T00:00:00+09:00,DEV-LATTE,LATTE-A,280,5600.0
2024-12-21,2024-12-21T00:00:00+09:00,DEV-DRIP,DRIP-B,254,3810.0
2024-12-21,2024-12-21T00:00:00+09:00,DEV-BLEND,BLEND-A,40,8000.0
2024-12-22,2024-12-22T00:00:00+09:00,DEV-LATTE,LATTE-A,231,4620.0
2024-12-22,2024-12-22T00:00:00+09:00,DEV-DRIP,DRIP-B,206,3090.0
2024-12-22,2024-12-22T00:00:00+09:00,DEV-BLEND,BLEND-A,39,7800.0
2024-12-23,2024-12-23T00:00:00+09:00,DEV-LATTE,LATTE-A,219,4380.0
2024-12-23,2024-12-23T00:00:00+09:00,DEV-DRIP,DRIP-B,174,2610.0
2024-12-23,2024-12-23T00:00:00+09:00,DEV-BLEND,BLEND-A,40,8000.0
2024-12-24,2024-12-24T00:00:00+09:00,DEV-LATTE,LATTE-A,227,4540.0
2024-12-24,2024-12-24T00:00:00+09:00,DEV-DRIP,DRIP-B,205,3075.0
2024-12-24,2024-12-24T00:00:00+09:00,DEV-BLEND,BLEND-A,31,6200.0
2024-12-25,2024-12-25T00:00:00+09:00,DEV-LATTE,LATTE-A,192,3840.0
2024-12-25,2024-12-25T00:00:00+09:00,DEV-DRIP,DRIP-B,160,2400.0
2024-12-25,2024-12-25T00:00:00+09:00,DEV-BLEND,BLEND-A,42,8400.0
2024-12-26,2024-12-26T00:00:00+09:00,DEV-LATTE,LATTE-A,195,3900.0
2024-12-26,2024-12-26T00:00:00+09:00,DEV-DRIP,DRIP-B,219,3285.0
2024-12-26,2024-12-26T00:00:00+09:00,DEV-BLEND,BLEND-A,37,7400.0
2024-12-27,2024-12-27T00:00:00+09:00,DEV-LATTE,LATTE-A,267,5340.0
2024-12-27,2024-12-27T00:00:00+09:00,DEV-DRIP,DRIP-B,219,3285.0
2024-12-27,2024-12-27T00:00:00+09:00,DEV-BLEND,BLEND-A,38,7600.0
2024-12-28,2024-12-28T00:00:00+09:00,DEV-LATTE,LATTE-A,299,5980.0
2024-12-28,2024-12-28T00:00:00+09:00,DEV-DRIP,DRIP-B,247,3705.0
2024-12-28,2024-12-28T00:00:00+09:00,DEV-BLEND,BLEND-A,46,9200.0
2024-12-29,2024-12-29T00:00:00+09:00,DEV-LATTE,LATTE-A,220,4400.0
2024-12-29,2024-12-29T00:00:00+09:00,DEV-DRIP,DRIP-B,189,2835.0
2024-12-29,2024-12-29T00:00:00+09:00,DEV-BLEND,BLEND-A,25,5000.0
2024-12-30,2024-12-30T00:00:00+09:00,DEV-LATTE,LATTE-A,236,4720.0
2024-12-30,2024-12-30T00:00:00+09:00,DEV-DRIP,DRIP-B,187,2805.0
2024-12-30,2024-12-30T00:00:00+09:00,DEV-BLEND,BLEND-A,34,6800.0
2024-12-31,2024-12-31T00:00:00+09:00,DEV-LATTE,LATTE-A,185,3700.0
2024-12-31,2024-12-31T00:00:00+09:00,DEV-DRIP,DRIP-B,189,2835.0
2024-12-31,2024-12-31T00:00:00+09:00,DEV-BLEND,BLEND-A,33,6600.0
2025-01-01,2025-01-01T00:00:00+09:00,DEV-LATTE,LATTE-A,230,4600.0
2025-01-01,2025-01-01T00:00:00+09:00,DEV-DRIP,DRIP-B,223,3345.0
2025-01-01,2025-01-01T00:00:00+09:00,DEV-BLEND,BLEND-A,42,8400.0
2025-01-02,2025-01-02T00:00:00+09:00,DEV-LATTE,LATTE-A,201,4020.0
2025-01-02,2025-01-02T00:00:00+09:00,DEV-DRIP,DRIP-B,194,2910.0
2025-01-02,2025-01-02T00:00:00+09:00,DEV-BLEND,BLEND-A,33,6600.0
2025-01-03,2025-01-03T00:00:00+09:00,DEV-LATTE,LATTE-A,234,4680.0
2025-01-03,2025-01-03T00:00:00+09:00,DEV-DRIP,DRIP-B,239,3585.0
2025-01-03,2025-01-03T00:00:00+09:00,DEV-BLEND,BLEND-A,44,8800.0
2025-01-04,2025-01-04T00:00:00+09:00,DEV-LATTE,LATTE-A,269,5380.0
2025-01-04,2025-01-04T00:00:00+09:00,DEV-DRIP,DRIP-B,221,3315.0
2025-01-04,2025-01-04T00:00:00+09:00,DEV-BLEND,BLEND-A,46,9200.0
2025-01-05,2025-01-05T00:00:00+09:00,DEV-LATTE,LATTE-A,254,5080.0
2025-01-05,2025-01-05T00:00:00+09:00,DEV-DRIP,DRIP-B,211,3165.0
2025-01-05,2025-01-05T00:00:00+09:00,DEV-BLEND,BLEND-A,28,5600.0
2025-01-06,2025-01-06T00:00:00+09:00,DEV-LATTE,LATTE-A,234,4680.0
2025-01-06,2025-01-06T00:00:00+09:00,DEV-DRIP,DRIP-B,192,2880.0
2025-01-06,2025-01-06T00:00:00+09:00,DEV-BLEND,BLEND-A,19,3800.0
2025-01-07,2025-01-07T00:00:00+09:00,DEV-LATTE,LATTE-A,194,3880.0
2025-01-07,2025-01-07T00:00:00+09:00,DEV-DRIP,DRIP-B,226,3390.0
2025-01-07,2025-01-07T00:00:00+09:00,DEV-BLEND,BLEND-A,35,7000.0
2025-01-08,2025-01-08T00:00:00+09:00,DEV-LATTE,LATTE-A,208,4160.0
2025-01-08,2025-01-08T00:00:00+09:00,DEV-DRIP,DRIP-B,186,2790.0
2025-01-08,2025-01-08T00:00:00+09:00,DEV-BLEND,BLEND-A,33,6600.0
2025-01-09,2025-01-09T00:00:00+09:00,DEV-LATTE,LATTE-A,206,4120.0
2025-01-09,2025-01-09T00:00:00+09:00,DEV-DRIP,DRIP-B,170,2550.0
2025-01-09,2025-01-09T00:00:00+09:00,DEV-BLEND,BLEND-A,30,6000.0
2025-01-10,2025-01-10T00:00:00+09:00,DEV-LATTE,LATTE-A,226,4520.0
2025-01-10,2025-01-10T00:00:00+09:00,DEV-DRIP,DRIP-B,222,3330.0
2025-01-10,2025-01-10T00:00:00+09:00,DEV-BLEND,BLEND-A,36,7200.0
2025-01-11,2025-01-11T00:00:00+09:00,DEV-LATTE,LATTE-A,279,5580.0
2025-01-11,2025-01-11T00:00:00+09:00,DEV-DRIP,DRIP-B,291,4365.0
2025-01-11,2025-01-11T00:00:00+09:00,DEV-BLEND,BLEND-A,47,9400.0
2025-01-12,2025-01-12T00:00:00+09:00,DEV-LATTE,LATTE-A,219,4380.0
2025-01-12,2025-01-12T00:00:00+09:00,DEV-DRIP,DRIP-B,218,3270.0
2025-01-12,2025-01-12T00:00:00+09:00,DEV-BLEND,BLEND-A,30,6000.0
2025-01-13,2025-01-13T00:00:00+09:00,DEV-LATTE,LATTE-A,275,5500.0
2025-01-13,2025-01-13T00:00:00+09:00,DEV-DRIP,DRIP-B,186,2790.0
2025-01-13,2025-01-13T00:00:00+09:00,DEV-BLEND,BLEND-A,46,9200.0
2025-01-14,2025-01-14T00:00:00+09:00,DEV-LATTE,LATTE-A,208,4160.0
2025-01-14,2025-01-14T00:00:00+09:00,DEV-DRIP,DRIP-B,164,2460.0
2025-01-14,2025-01-14T00:00:00+09:00,DEV-BLEND,BLEND-A,31,6200.0
2025-01-15,2025-01-15T00:00:00+09:00,DEV-LATTE,LATTE-A,227,4540.0
2025-01-15,2025-01-15T00:00:00+09:00,DEV-DRIP,DRIP-B,180,2700.0
2025-01-15,2025-01-15T00:00:00+09:00,DEV-BLEND,BLEND-A,31,6200.0
2025-01-16,2025-01-16T00:00:00+09:00,DEV-LATTE,LATTE-A,230,4600.0
2025-01-16,2025-01-16T00:00:00+09:00,DEV-DRIP,DRIP-B,190,2850.0
2025-01-16,2025-01-16T00:00:00+09:00,DEV-BLEND,BLEND-A,28,5600.0
2025-01-17,2025-01-17T00:00:00+09:00,DEV-LATTE,LATTE-A,239,4780.0
2025-01-17,2025-01-17T00:00:00+09:00,DEV-DRIP,DRIP-B,253,3795.0
2025-01-17,2025-01-17T00:00:00+09:00,DEV-BLEND,BLEND-A,42,8400.0
2025-01-18,2025-01-18T00:00:00+09:00,DEV-LATTE,LATTE-A,257,5140.0
2025-01-18,2025-01-18T00:00:00+09:00,DEV-DRIP,DRIP-B,246,3690.0
2025-01-18,2025-01-18T00:00:00+09:00,DEV-BLEND,BLEND-A,44,8800.0
2025-01-19,2025-01-19T00:00:00+09:00,DEV-LATTE,LATTE-A,226,4520.0
2025-01-19,2025-01-19T00:00:00+09:00,DEV-DRIP,DRIP-B,191,2865.0
2025-01-19,2025-01-19T00:00:00+09:00,DEV-BLEND,BLEND-A,41,8200.0
2025-01-20,2025-01-20T00:00:00+09:00,DEV-LATTE,LATTE-A,206,4120.0
2025-01-20,2025-01-20T00:00:00+09:00,DEV-DRIP,DRIP-B,209,3135.0
2025-01-20,2025-01-20T00:00:00+09:00,DEV-BLEND,BLEND-A,34,6800.0
2025-01-21,2025-01-21T00:00:00+09:00,DEV-LATTE,LATTE-A,195,3900.0
2025-01-21,2025-01-21T00:00:00+09:00,DEV-DRIP,DRIP-B,165,2475.0
2025-01-21,2025-01-21T00:00:00+09:00,DEV-BLEND,BLEND-A,21,4200.0
2025-01-22,2025-01-22T00:00:00+09:00,DEV-LATTE,LATTE-A,218,4360.0
2025-01-22,2025-01-22T00:00:00+09:00,DEV-DRIP,DRIP-B,175,2625.0
2025-01-22,2025-01-22T00:00:00+09:00,DEV-BLEND,BLEND-A,28,5600.0
2025-01-23,2025-01-23T00:00:00+09:00,DEV-LATTE,LATTE-A,217,4340.0
2025-01-23,2025-01-23T00:00:00+09:00,DEV-DRIP,DRIP-B,198,2970.0
2025-01-23,2025-01-23T00:00:00+09:00,DEV-BLEND,BLEND-A,28,5600.0
2025-01-24,2025-01-24T00:00:00+09:00,DEV-LATTE,LATTE-A,264,5280.0
2025-01-24,2025-01-24T00:00:00+09:00,DEV-DRIP,DRIP-B,196,2940.0
2025-01-24,2025-01-24T00:00:00+09:00,DEV-BLEND,BLEND-A,39,7800.0
2025-01-25,2025-01-25T00:00:00+09:00,DEV-LATTE,LATTE-A,295,5900.0
2025-01-25,2025-01-25T00:00:00+09:00,DEV-DRIP,DRIP-B,241,3615.0
2025-01-25,2025-01-25T00:00:00+09:00,DEV-BLEND,BLEND-A,35,7000.0
2025-01-26,2025-01-26T00:00:00+09:00,DEV-LATTE,LATTE-A,226,4520.0
2025-01-26,2025-01-26T00:00:00+09:00,DEV-DRIP,DRIP-B,244,3660.0
2025-01-26,2025-01-26T00:00:00+09:00,DEV-BLEND,BLEND-A,34,6800.0
2025-01-27,2025-01-27T00:00:00+09:00,DEV-LATTE,LATTE-A,223,4460.0
2025-01-27,2025-01-27T00:00:00+09:00,DEV-DRIP,DRIP-B,200,3000.0
2025-01-27,2025-01-27T00:00:00+09:00,DEV-BLEND,BLEND-A,36,7200.0
2025-01-28,2025-01-28T00:00:00+09:00,DEV-LATTE,LATTE-A,178,3560.0
2025-01-28,2025-01-28T00:00:00+09:00,DEV-DRIP,DRIP-B,191,2865.0
2025-01-28,2025-01-28T00:00:00+09:00,DEV-BLEND,BLEND-A,30,6000.0
2025-01-29,2025-01-29T00:00:00+09:00,DEV-LATTE,LATTE-A,220,4400.0
2025-01-29,2025-01-29T00:00:00+09:00,DEV-DRIP,DRIP-B,180,2700.0
2025-01-29,2025-01-29T00:00:00+09:00,DEV-BLEND,BLEND-A,36,7200.0
2025-01-30,2025-01-30T00:00:00+09:00,DEV-LATTE,LATTE-A,233,4660.0
2025-01-30,2025-01-30T00:00:00+09:00,DEV-DRIP,DRIP-B,238,3570.0
2025-01-30,2025-01-30T00:00:00+09:00,DEV-BLEND,BLEND-A,28,5600.0
2025-01-31,2025-01-31T00:00:00+09:00,DEV-LATTE,LATTE-A,251,5020.0
2025-01-31,2025-01-31T00:00:00+09:00,DEV-DRIP,DRIP-B,236,3540.0
2025-01-31,2025-01-31T00:00:00+09:00,DEV-BLEND,BLEND-A,31,6200.0
2025-02-01,2025-02-01T00:00:00+09:00,DEV-LATTE,LATTE-A,241,4820.0
2025-02-01,2025-02-01T00:00:00+09:00,DEV-DRIP,DRIP-B,266,3990.0
2025-02-01,2025-02-01T00:00:00+09:00,DEV-BLEND,BLEND-A,45,9000.0
2025-02-02,2025-02-02T00:00:00+09:00,DEV-LATTE,LATTE-A,223,4460.0
2025-02-02,2025-02-02T00:00:00+09:00,DEV-DRIP,DRIP-B,179,2685.0
2025-02-02,2025-02-02T00:00:00+09:00,DEV-BLEND,BLEND-A,31,6200.0
2025-02-03,2025-02-03T00:00:00+09:00,DEV-LATTE,LATTE-A,208,4160.0
2025-02-03,2025-02-03T00:00:00+09:00,DEV-DRIP,DRIP-B,177,2655.0
2025-02-03,2025-02-03T00:00:00+09:00,DEV-BLEND,BLEND-A,22,4400.0
2025-02-04,2025-02-04T00:00:00+09:00,DEV-LATTE,LATTE-A,187,3740.0
2025-02-04,2025-02-04T00:00:00+09:00,DEV-DRIP,DRIP-B,193,2895.0
2025-02-04,2025-02-04T00:00:00+09:00,DEV-BLEND,BLEND-A,36,7200.0
2025-02-05,2025-02-05T00:00:00+09:00,DEV-LATTE,LATTE-A,189,3780.0
2025-02-05,2025-02-05T00:00:00+09:00,DEV-DRIP,DRIP-B,170,2550.0
2025-02-05,2025-02-05T00:00:00+09:00,DEV-BLEND,BLEND-A,35,7000.0
2025-02-06,2025-02-06T00:00:00+09:00,DEV-LATTE,LATTE-A,231,4620.0
2025-02-06,2025-02-06T00:00:00+09:00,DEV-DRIP,DRIP-B,202,3030.0
2025-02-06,2025-02-06T00:00:00+09:00,DEV-BLEND,BLEND-A,38,7600.0
2025-02-07,2025-02-07T00:00:00+09:00,DEV-LATTE,LATTE-A,236,4720.0
2025-02-07,2025-02-07T00:00:00+09:00,DEV-DRIP,DRIP-B,242,3630.0
2025-02-07,2025-02-07T00:00:00+09:00,DEV-BLEND,BLEND-A,35,7000.0
2025-02-08,2025-02-08T00:00:00+09:00,DEV-LATTE,LATTE-A,270,5400.0
2025-02-08,2025-02-08T00:00:00+09:00,DEV-DRIP,DRIP-B,288,4320.0
2025-02-08,2025-02-08T00:00:00+09:00,DEV-BLEND,BLEND-A,42,8400.0
2025-02-09,2025-02-09T00:00:00+09:00,DEV-LATTE,LATTE-A,237,4740.0
2025-02-09,2025-02-09T00:00:00+09:00,DEV-DRIP,DRIP-B,211,3165.0
2025-02-09,2025-02-09T00:00:00+09:00,DEV-BLEND,BLEND-A,33,6600.0
2025-02-10,2025-02-10T00:00:00+09:00,DEV-LATTE,LATTE-A,234,4680.0
2025-02-10,2025-02-10T00:00:00+09:00,DEV-DRIP,DRIP-B,208,3120.0
2025-02-10,2025-02-10T00:00:00+09:00,DEV-BLEND,BLEND-A,22,4400.0
2025-02-11,2025-02-11T00:00:00+09:00,DEV-LATTE,LATTE-A,211,4220.0
2025-02-11,2025-02-11T00:00:00+09:00,DEV-DRIP,DRIP-B,212,3180.0
2025-02-11,2025-02-11T00:00:00+09:00,DEV-BLEND,BLEND-A,32,6400.0
2025-02-12,2025-02-12T00:00:00+09:00,DEV-LATTE,LATTE-A,193,3860.0
2025-02-12,2025-02-12T00:00:00+09:00,DEV-DRIP,DRIP-B,182,2730.0
2025-02-12,2025-02-12T00:00:00+09:00,DEV-BLEND,BLEND-A,31,6200.0
2025-02-13,2025-02-13T00:00:00+09:00,DEV-LATTE,LATTE-A,206,4120.0
2025-02-13,2025-02-13T00:00:00+09:00,DEV-DRIP,DRIP-B,204,3060.0
2025-02-13,2025-02-13T00:00:00+09:00,DEV-BLEND,BLEND-A,48,9600.0
2025-02-14,2025-02-14T00:00:00+09:00,DEV-LATTE,LATTE-A,221,4420.0
2025-02-14,2025-02-14T00:00:00+09:00,DEV-DRIP,DRIP-B,235,3525.0
2025-02-14,2025-02-14T00:00:00+09:00,DEV-BLEND,BLEND-A,42,8400.0
2025-02-15,2025-02-15T00:00:00+09:00,DEV-LATTE,LATTE-A,295,5900.0
2025-02-15,2025-02-15T00:00:00+09:00,DEV-DRIP,DRIP-B,257,3855.0
2025-02-15,2025-02-15T00:00:00+09:00,DEV-BLEND,BLEND-A,31,6200.0
2025-02-16,2025-02-16T00:00:00+09:00,DEV-LATTE,LATTE-A,197,3940.0
2025-02-16,2025-02-16T00:00:00+09:00,DEV-DRIP,DRIP-B,193,2895.0
2025-02-16,2025-02-16T00:00:00+09:00,DEV-BLEND,BLEND-A,30,6000.0
2025-02-17,2025-02-17T00:00:00+09:00,DEV-LATTE,LATTE-A,232,4640.0
2025-02-17,2025-02-17T00:00:00+09:00,DEV-DRIP,DRIP-B,203,3045.0
2025-02-17,2025-02-17T00:00:00+09:00,DEV-BLEND,BLEND-A,31,6200.0
2025-02-18,2025-02-18T00:00:00+09:00,DEV-LATTE,LATTE-A,203,4060.0
2025-02-18,2025-02-18T00:00:00+09:00,DEV-DRIP,DRIP-B,186,2790.0
2025-02-18,2025-02-18T00:00:00+09:00,DEV-BLEND,BLEND-A,25,5000.0
2025-02-19,2025-02-19T00:00:00+09:00,DEV-LATTE,LATTE-A,217,4340.0
2025-02-19,2025-02-19T00:00:00+09:00,DEV-DRIP,DRIP-B,204,3060.0
2025-02-19,2025-02-19T00:00:00+09:00,DEV-BLEND,BLEND-A,34,6800.0
2025-02-20,2025-02-20T00:00:00+09:00,DEV-LATTE,LATTE-A,225,4500.0
2025-02-20,2025-02-20T00:00:00+09:00,DEV-DRIP,DRIP-B,239,3585.0
2025-02-20,2025-02-20T00:00:00+09:00,DEV-BLEND,BLEND-A,46,9200.0
2025-02-21,2025-02-21T00:00:00+09:00,DEV-LATTE,LATTE-A,266,5320.0
2025-02-21,2025-02-21T00:00:00+09:00,DEV-DRIP,DRIP-B,223,3345.0
2025-02-21,2025-02-21T00:00:00+09:00,DEV-BLEND,BLEND-A,47,9400.0
2025-02-22,2025-02-22T00:00:00+09:00,DEV-LATTE,LATTE-A,277,5540.0
2025-02-22,2025-02-22T00:00:00+09:00,DEV-DRIP,DRIP-B,286,4290.0
2025-02-22,2025-02-22T00:00:00+09:00,DEV-BLEND,BLEND-A,38,7600.0
2025-02-23,2025-02-23T00:00:00+09:00,DEV-LATTE,LATTE-A,247,4940.0
2025-02-23,2025-02-23T00:00:00+09:00,DEV-DRIP,DRIP-B,245,3675.0
2025-02-23,2025-02-23T00:00:00+09:00,DEV-BLEND,BLEND-A,43,8600.0
2025-02-24,2025-02-24T00:00:00+09:00,DEV-LATTE,LATTE-A,200,4000.0
2025-02-24,2025-02-24T00:00:00+09:00,DEV-DRIP,DRIP-B,179,2685.0
2025-02-24,2025-02-24T00:00:00+09:00,DEV-BLEND,BLEND-A,39,7800.0
2025-02-25,2025-02-25T00:00:00+09:00,DEV-LATTE,LATTE-A,220,4400.0
2025-02-25,2025-02-25T00:00:00+09:00,DEV-DRIP,DRIP-B,185,2775.0
2025-02-25,2025-02-25T00:00:00+09:00,DEV-BLEND,BLEND-A,28,5600.0
2025-02-26,2025-02-26T00:00:00+09:00,DEV-LATTE,LATTE-A,208,4160.0
2025-02-26,2025-02-26T00:00:00+09:00,DEV-DRIP,DRIP-B,169,2535.0
2025-02-26,2025-02-26T00:00:00+09:00,DEV-BLEND,BLEND-A,39,7800.0
2025-02-27,2025-02-27T00:00:00+09:00,DEV-LATTE,LATTE-A,210,4200.0
2025-02-27,2025-02-27T00:00:00+09:00,DEV-DRIP,DRIP-B,203,3045.0
2025-02-27,2025-02-27T00:00:00+09:00,DEV-BLEND,BLEND-A,35,7000.0
2025-02-28,2025-02-28T00:00:00+09:00,DEV-LATTE,LATTE-A,298,5960.0
2025-02-28,2025-02-28T00:00:00+09:00,DEV-DRIP,DRIP-B,225,3375.0
2025-02-28,2025-02-28T00:00:00+09:00,DEV-BLEND,BLEND-A,43,8600.0
2025-03-01,2025-03-01T00:00:00+09:00,DEV-LATTE,LATTE-A,239,4780.0
2025-03-01,2025-03-01T00:00:00+09:00,DEV-DRIP,DRIP-B,256,3840.0
2025-03-01,2025-03-01T00:00:00+09:00,DEV-BLEND,BLEND-A,51,10200.0
2025-03-02,2025-03-02T00:00:00+09:00,DEV-LATTE,LATTE-A,212,4240.0
2025-03-02,2025-03-02T00:00:00+09:00,DEV-DRIP,DRIP-B,198,2970.0
2025-03-02,2025-03-02T00:00:00+09:00,DEV-BLEND,BLEND-A,36,7200.0
2025-03-03,2025-03-03T00:00:00+09:00,DEV-LATTE,LATTE-A,213,4260.0
2025-03-03,2025-03-03T00:00:00+09:00,DEV-DRIP,DRIP-B,181,2715.0
2025-03-03,2025-03-03T00:00:00+09:00,DEV-BLEND,BLEND-A,30,6000.0
2025-03-04,2025-03-04T00:00:00+09:00,DEV-LATTE,LATTE-A,183,3660.0
2025-03-04,2025-03-04T00:00:00+09:00,DEV-DRIP,DRIP-B,186,2790.0
2025-03-04,2025-03-04T00:00:00+09:00,DEV-BLEND,BLEND-A,22,4400.0
2025-03-05,2025-03-05T00:00:00+09:00,DEV-LATTE,LATTE-A,195,3900.0
2025-03-05,2025-03-05T00:00:00+09:00,DEV-DRIP,DRIP-B,209,3135.0
2025-03-05,2025-03-05T00:00:00+09:00,DEV-BLEND,BLEND-A,31,6200.0
2025-03-06,2025-03-06T00:00:00+09:00,DEV-LATTE,LATTE-A,216,4320.0
2025-03-06,2025-03-06T00:00:00+09:00,DEV-DRIP,DRIP-B,180,2700.0
2025-03-06,2025-03-06T00:00:00+09:00,DEV-BLEND,BLEND-A,36,7200.0
2025-03-07,2025-03-07T00:00:00+09:00,DEV-LATTE,LATTE-A,262,5240.0
2025-03-07,2025-03-07T00:00:00+09:00,DEV-DRIP,DRIP-B,221,3315.0
2025-03-07,2025-03-07T00:00:00+09:00,DEV-BLEND,BLEND-A,42,8400.0
2025-03-08,2025-03-08T00:00:00+09:00,DEV-LATTE,LATTE-A,388,7760.0
2025-03-08,2025-03-08T00:00:00+09:00,DEV-DRIP,DRIP-B,344,5160.0
2025-03-08,2025-03-08T00:00:00+09:00,DEV-BLEND,BLEND-A,36,7200.0
2025-03-09,2025-03-09T00:00:00+09:00,DEV-LATTE,LATTE-A,213,4260.0
2025-03-09,2025-03-09T00:00:00+09:00,DEV-DRIP,DRIP-B,228,3420.0
2025-03-09,2025-03-09T00:00:00+09:00,DEV-BLEND,BLEND-A,26,5200.0
2025-03-10,2025-03-10T00:00:00+09:00,DEV-LATTE,LATTE-A,196,3920.0
2025-03-10,2025-03-10T00:00:00+09:00,DEV-DRIP,DRIP-B,188,2820.0
2025-03-10,2025-03-10T00:00:00+09:00,DEV-BLEND,BLEND-A,41,8200.0
2025-03-11,2025-03-11T00:00:00+09:00,DEV-LATTE,LATTE-A,205,4100.0
2025-03-11,2025-03-11T00:00:00+09:00,DEV-DRIP,DRIP-B,159,2385.0
2025-03-11,2025-03-11T00:00:00+09:00,DEV-BLEND,BLEND-A,37,7400.0
2025-03-12,2025-03-12T00:00:00+09:00,DEV-LATTE,LATTE-A,189,3780.0
2025-03-12,2025-03-12T00:00:00+09:00,DEV-DRIP,DRIP-B,173,2595.0
2025-03-12,2025-03-12T00:00:00+09:00,DEV-BLEND,BLEND-A,36,7200.0
2025-03-13,2025-03-13T00:00:00+09:00,DEV-LATTE,LATTE-A,206,4120.0
2025-03-13,2025-03-13T00:00:00+09:00,DEV-DRIP,DRIP-B,187,2805.0
2025-03-13,2025-03-13T00:00:00+09:00,DEV-BLEND,BLEND-A,29,5800.0
2025-03-14,2025-03-14T00:00:00+09:00,DEV-LATTE,LATTE-A,264,5280.0
2025-03-14,2025-03-14T00:00:00+09:00,DEV-DRIP,DRIP-B,191,2865.0
2025-03-14,2025-03-14T00:00:00+09:00,DEV-BLEND,BLEND-A,25,5000.0
2025-03-15,2025-03-15T00:00:00+09:00,DEV-LATTE,LATTE-A,301,6020.0
2025-03-15,2025-03-15T00:00:00+09:00,DEV-DRIP,DRIP-B,210,3150.0
2025-03-15,2025-03-15T00:00:00+09:00,DEV-BLEND,BLEND-A,43,8600.0
2025-03-16,2025-03-16T00:00:00+09:00,DEV-LATTE,LATTE-A,215,4300.0
2025-03-16,2025-03-16T00:00:00+09:00,DEV-DRIP,DRIP-B,193,2895.0
2025-03-16,2025-03-16T00:00:00+09:00,DEV-BLEND,BLEND-A,39,7800.0
2025-03-17,2025-03-17T00:00:00+09:00,DEV-LATTE,LATTE-A,208,4160.0
2025-03-17,2025-03-17T00:00:00+09:00,DEV-DRIP,DRIP-B,173,2595.0
2025-03-17,2025-03-17T00:00:00+09:00,DEV-BLEND,BLEND-A,35,7000.0
2025-03-18,2025-03-18T00:00:00+09:00,DEV-LATTE,LATTE-A,156,3120.0
2025-03-18,2025-03-18T00:00:00+09:00,DEV-DRIP,DRIP-B,163,2445.0
2025-03-18,2025-03-18T00:00:00+09:00,DEV-BLEND,BLEND-A,33,6600.0
2025-03-19,2025-03-19T00:00:00+09:00,DEV-LATTE,LATTE-A,200,4000.0
2025-03-19,2025-03-19T00:00:00+09:00,DEV-DRIP,DRIP-B,149,2235.0
2025-03-19,2025-03-19T00:00:00+09:00,DEV-BLEND,BLEND-A,29,5800.0
2025-03-20,2025-03-20T00:00:00+09:00,DEV-LATTE,LATTE-A,229,4580.0
2025-03-20,2025-03-20T00:00:00+09:00,DEV-DRIP,DRIP-B,214,3210.0
2025-03-20,2025-03-20T00:00:00+09:00,DEV-BLEND,BLEND-A,44,8800.0
2025-03-21,2025-03-21T00:00:00+09:00,DEV-LATTE,LATTE-A,243,4860.0
2025-03-21,2025-03-21T00:00:00+09:00,DEV-DRIP,DRIP-B,213,3195.0
2025-03-21,2025-03-21T00:00:00+09:00,DEV-BLEND,BLEND-A,39,7800.0
2025-03-22,2025-03-22T00:00:00+09:00,DEV-LATTE,LATTE-A,257,5140.0
2025-03-22,2025-03-22T00:00:00+09:00,DEV-DRIP,DRIP-B,201,3015.0
2025-03-22,2025-03-22T00:00:00+09:00,DEV-BLEND,BLEND-A,44,8800.0
2025-03-23,2025-03-23T00:00:00+09:00,DEV-LATTE,LATTE-A,233,4660.0
2025-03-23,2025-03-23T00:00:00+09:00,DEV-DRIP,DRIP-B,199,2985.0
2025-03-23,2025-03-23T00:00:00+09:00,DEV-BLEND,BLEND-A,33,6600.0
2025-03-24,2025-03-24T00:00:00+09:00,DEV-LATTE,LATTE-A,158,3160.0
2025-03-24,2025-03-24T00:00:00+09:00,DEV-DRIP,DRIP-B,201,3015.0
2025-03-24,2025-03-24T00:00:00+09:00,DEV-BLEND,BLEND-A,44,8800.0
2025-03-25,2025-03-25T00:00:00+09:00,DEV-LATTE,LATTE-A,179,3580.0
2025-03-25,2025-03-25T00:00:00+09:00,DEV-DRIP,DRIP-B,158,2370.0
2025-03-25,2025-03-25T00:00:00+09:00,DEV-BLEND,BLEND-A,35,7000.0
2025-03-26,2025-03-26T00:00:00+09:00,DEV-LATTE,LATTE-A,198,3960.0
2025-03-26,2025-03-26T00:00:00+09:00,DEV-DRIP,DRIP-B,204,3060.0
2025-03-26,2025-03-26T00:00:00+09:00,DEV-BLEND,BLEND-A,41,8200.0
2025-03-27,2025-03-27T00:00:00+09:00,DEV-LATTE,LATTE-A,181,3620.0
2025-03-27,2025-03-27T00:00:00+09:00,DEV-DRIP,DRIP-B,191,2865.0
2025-03-27,2025-03-27T00:00:00+09:00,DEV-BLEND,BLEND-A,30,6000.0
2025-03-28,2025-03-28T00:00:00+09:00,DEV-LATTE,LATTE-A,219,4380.0
2025-03-28,2025-03-28T00:00:00+09:00,DEV-DRIP,DRIP-B,225,3375.0
2025-03-28,2025-03-28T00:00:00+09:00,DEV-BLEND,BLEND-A,44,8800.0
2025-03-29,2025-03-29T00:00:00+09:00,DEV-LATTE,LATTE-A,241,4820.0
2025-03-29,2025-03-29T00:00:00+09:00,DEV-DRIP,DRIP-B,247,3705.0
2025-03-29,2025-03-29T00:00:00+09:00,DEV-BLEND,BLEND-A,39,7800.0
2025-03-30,2025-03-30T00:00:00+09:00,DEV-LATTE,LATTE-A,206,4120.0
2025-03-30,2025-03-30T00:00:00+09:00,DEV-DRIP,DRIP-B,166,2490.0
2025-03-30,2025-03-30T00:00:00+09:00,DEV-BLEND,BLEND-A,36,7200.0
2025-03-31,2025-03-31T00:00:00+09:00,DEV-LATTE,LATTE-A,159,3180.0
2025-03-31,2025-03-31T00:00:00+09:00,DEV-DRIP,DRIP-B,166,2490.0
2025-03-31,2025-03-31T00:00:00+09:00,DEV-BLEND,BLEND-A,47,9400.0
2025-04-01,2025-04-01T00:00:00+09:00,DEV-LATTE,LATTE-A,158,3160.0
2025-04-01,2025-04-01T00:00:00+09:00,DEV-DRIP,DRIP-B,163,2445.0
2025-04-01,2025-04-01T00:00:00+09:00,DEV-BLEND,BLEND-A,39,7800.0
2025-04-02,2025-04-02T00:00:00+09:00,DEV-LATTE,LATTE-A,181,3620.0
2025-04-02,2025-04-02T00:00:00+09:00,DEV-DRIP,DRIP-B,152,2280.0
2025-04-02,2025-04-02T00:00:00+09:00,DEV-BLEND,BLEND-A,34,6800.0
2025-04-03,2025-04-03T00:00:00+09:00,DEV-LATTE,LATTE-A,193,3860.0
2025-04-03,2025-04-03T00:00:00+09:00,DEV-DRIP,DRIP-B,166,2490.0
2025-04-03,2025-04-03T00:00:00+09:00,DEV-BLEND,BLEND-A,42,8400.0
2025-04-04,2025-04-04T00:00:00+09:00,DEV-LATTE,LATTE-A,226,4520.0
2025-04-04,2025-04-04T00:00:00+09:00,DEV-DRIP,DRIP-B,230,3450.0
2025-04-04,2025-04-04T00:00:00+09:00,DEV-BLEND,BLEND-A,44,8800.0
2025-04-05,2025-04-05T00:00:00+09:00,DEV-LATTE,LATTE-A,216,4320.0
2025-04-05,2025-04-05T00:00:00+09:00,DEV-DRIP,DRIP-B,249,3735.0
2025-04-05,2025-04-05T00:00:00+09:00,DEV-BLEND,BLEND-A,42,8400.0
2025-04-06,2025-04-06T00:00:00+09:00,DEV-LATTE,LATTE-A,203,4060.0
2025-04-06,2025-04-06T00:00:00+09:00,DEV-DRIP,DRIP-B,206,3090.0
2025-04-06,2025-04-06T00:00:00+09:00,DEV-BLEND,BLEND-A,41,8200.0
2025-04-07,2025-04-07T00:00:00+09:00,DEV-LATTE,LATTE-A,187,3740.0
2025-04-07,2025-04-07T00:00:00+09:00,DEV-DRIP,DRIP-B,173,2595.0
2025-04-07,2025-04-07T00:00:00+09:00,DEV-BLEND,BLEND-A,27,5400.0
2025-04-08,2025-04-08T00:00:00+09:00,DEV-LATTE,LATTE-A,203,4060.0
2025-04-08,2025-04-08T00:00:00+09:00,DEV-DRIP,DRIP-B,162,2430.0
2025-04-08,2025-04-08T00:00:00+09:00,DEV-BLEND,BLEND-A,27,5400.0
2025-04-09,2025-04-09T00:00:00+09:00,DEV-LATTE,LATTE-A,199,3980.0
2025-04-09,2025-04-09T00:00:00+09:00,DEV-DRIP,DRIP-B,184,2760.0
2025-04-09,2025-04-09T00:00:00+09:00,DEV-BLEND,BLEND-A,47,9400.0
2025-04-10,2025-04-10T00:00:00+09:00,DEV-LATTE,LATTE-A,174,3480.0
2025-04-10,2025-04-10T00:00:00+09:00,DEV-DRIP,DRIP-B,192,2880.0
2025-04-10,2025-04-10T00:00:00+09:00,DEV-BLEND,BLEND-A,37,7400.0
2025-04-11,2025-04-11T00:00:00+09:00,DEV-LATTE,LATTE-A,220,4400.0
2025-04-11,2025-04-11T00:00:00+09:00,DEV-DRIP,DRIP-B,187,2805.0
2025-04-11,2025-04-11T00:00:00+09:00,DEV-BLEND,BLEND-A,33,6600.0
2025-04-12,2025-04-12T00:00:00+09:00,DEV-LATTE,LATTE-A,230,4600.0
2025-04-12,2025-04-12T00:00:00+09:00,DEV-DRIP,DRIP-B,240,3600.0
2025-04-12,2025-04-12T00:00:00+09:00,DEV-BLEND,BLEND-A,46,9200.0
2025-04-13,2025-04-13T00:00:00+09:00,DEV-LATTE,LATTE-A,200,4000.0
2025-04-13,2025-04-13T00:00:00+09:00,DEV-DRIP,DRIP-B,193,2895.0
2025-04-13,2025-04-13T00:00:00+09:00,DEV-BLEND,BLEND-A,41,8200.0
2025-04-14,2025-04-14T00:00:00+09:00,DEV-LATTE,LATTE-A,190,3800.0
2025-04-14,2025-04-14T00:00:00+09:00,DEV-DRIP,DRIP-B,160,2400.0
2025-04-14,2025-04-14T00:00:00+09:00,DEV-BLEND,BLEND-A,32,6400.0
2025-04-15,2025-04-15T00:00:00+09:00,DEV-LATTE,LATTE-A,159,3180.0
2025-04-15,2025-04-15T00:00:00+09:00,DEV-DRIP,DRIP-B,136,2040.0
2025-04-15,2025-04-15T00:00:00+09:00,DEV-BLEND,BLEND-A,34,6800.0
2025-04-16,2025-04-16T00:00:00+09:00,DEV-LATTE,LATTE-A,170,3400.0
2025-04-16,2025-04-16T00:00:00+09:00,DEV-DRIP,DRIP-B,164,2460.0
2025-04-16,2025-04-16T00:00:00+09:00,DEV-BLEND,BLEND-A,45,9000.0
2025-04-17,2025-04-17T00:00:00+09:00,DEV-LATTE,LATTE-A,213,4260.0
2025-04-17,2025-04-17T00:00:00+09:00,DEV-DRIP,DRIP-B,162,2430.0
2025-04-17,2025-04-17T00:00:00+09:00,DEV-BLEND,BLEND-A,36,7200.0
2025-04-18,2025-04-18T00:00:00+09:00,DEV-LATTE,LATTE-A,189,3780.0
2025-04-18,2025-04-18T00:00:00+09:00,DEV-DRIP,DRIP-B,188,2820.0
2025-04-18,2025-04-18T00:00:00+09:00,DEV-BLEND,BLEND-A,42,8400.0
2025-04-19,2025-04-19T00:00:00+09:00,DEV-LATTE,LATTE-A,261,5220.0
2025-04-19,2025-04-19T00:00:00+09:00,DEV-DRIP,DRIP-B,227,3405.0
2025-04-19,2025-04-19T00:00:00+09:00,DEV-BLEND,BLEND-A,49,9800.0
2025-04-20,2025-04-20T00:00:00+09:00,DEV-LATTE,LATTE-A,161,3220.0
2025-04-20,2025-04-20T00:00:00+09:00,DEV-DRIP,DRIP-B,195,2925.0
2025-04-20,2025-04-20T00:00:00+09:00,DEV-BLEND,BLEND-A,31,6200.0
2025-04-21,2025-04-21T00:00:00+09:00,DEV-LATTE,LATTE-A,146,2920.0
2025-04-21,2025-04-21T00:00:00+09:00,DEV-DRIP,DRIP-B,166,2490.0
2025-04-21,2025-04-21T00:00:00+09:00,DEV-BLEND,BLEND-A,32,6400.0
2025-04-22,2025-04-22T00:00:00+09:00,DEV-LATTE,LATTE-A,176,3520.0
2025-04-22,2025-04-22T00:00:00+09:00,DEV-DRIP,DRIP-B,160,2400.0
2025-04-22,2025-04-22T00:00:00+09:00,DEV-BLEND,BLEND-A,36,7200.0
2025-04-23,2025-04-23T00:00:00+09:00,DEV-LATTE,LATTE-A,184,3680.0
2025-04-23,2025-04-23T00:00:00+09:00,DEV-DRIP,DRIP-B,177,2655.0
2025-04-23,2025-04-23T00:00:00+09:00,DEV-BLEND,BLEND-A,33,6600.0
2025-04-24,2025-04-24T00:00:00+09:00,DEV-LATTE,LATTE-A,187,3740.0
2025-04-24,2025-04-24T00:00:00+09:00,DEV-DRIP,DRIP-B,179,2685.0
2025-04-24,2025-04-24T00:00:00+09:00,DEV-BLEND,BLEND-A,38,7600.0
2025-04-25,2025-04-25T00:00:00+09:00,DEV-LATTE,LATTE-A,189,3780.0
2025-04-25,2025-04-25T00:00:00+09:00,DEV-DRIP,DRIP-B,211,3165.0
2025-04-25,2025-04-25T00:00:00+09:00,DEV-BLEND,BLEND-A,38,7600.0
2025-04-26,2025-04-26T00:00:00+09:00,DEV-LATTE,LATTE-A,236,4720.0
2025-04-26,2025-04-26T00:00:00+09:00,DEV-DRIP,DRIP-B,217,3255.0
2025-04-26,2025-04-26T00:00:00+09:00,DEV-BLEND,BLEND-A,45,9000.0
2025-04-27,2025-04-27T00:00:00+09:00,DEV-LATTE,LATTE-A,194,3880.0
2025-04-27,2025-04-27T00:00:00+09:00,DEV-DRIP,DRIP-B,211,3165.0
2025-04-27,2025-04-27T00:00:00+09:00,DEV-BLEND,BLEND-A,41,8200.0
2025-04-28,2025-04-28T00:00:00+09:00,DEV-LATTE,LATTE-A,173,3460.0
2025-04-28,2025-04-28T00:00:00+09:00,DEV-DRIP,DRIP-B,151,2265.0
2025-04-28,2025-04-28T00:00:00+09:00,DEV-BLEND,BLEND-A,37,7400.0
2025-04-29,2025-04-29T00:00:00+09:00,DEV-LATTE,LATTE-A,195,3900.0
2025-04-29,2025-04-29T00:00:00+09:00,DEV-DRIP,DRIP-B,182,2730.0
2025-04-29,2025-04-29T00:00:00+09:00,DEV-BLEND,BLEND-A,38,7600.0
2025-04-30,2025-04-30T00:00:00+09:00,DEV-LATTE,LATTE-A,154,3080.0
2025-04-30,2025-04-30T00:00:00+09:00,DEV-DRIP,DRIP-B,150,2250.0
2025-04-30,2025-04-30T00:00:00+09:00,DEV-BLEND,BLEND-A,35,7000.0
2025-05-01,2025-05-01T00:00:00+09:00,DEV-LATTE,LATTE-A,199,3980.0
2025-05-01,2025-05-01T00:00:00+09:00,DEV-DRIP,DRIP-B,186,2790.0
2025-05-01,2025-05-01T00:00:00+09:00,DEV-BLEND,BLEND-A,45,9000.0
2025-05-02,2025-05-02T00:00:00+09:00,DEV-LATTE,LATTE-A,204,4080.0
2025-05-02,2025-05-02T00:00:00+09:00,DEV-DRIP,DRIP-B,168,2520.0
2025-05-02,2025-05-02T00:00:00+09:00,DEV-BLEND,BLEND-A,41,8200.0
2025-05-03,2025-05-03T00:00:00+09:00,DEV-LATTE,LATTE-A,225,4500.0
2025-05-03,2025-05-03T00:00:00+09:00,DEV-DRIP,DRIP-B,226,3390.0
2025-05-03,2025-05-03T00:00:00+09:00,DEV-BLEND,BLEND-A,65,13000.0
2025-05-04,2025-05-04T00:00:00+09:00,DEV-LATTE,LATTE-A,213,4260.0
2025-05-04,2025-05-04T00:00:00+09:00,DEV-DRIP,DRIP-B,203,3045.0
2025-05-04,2025-05-04T00:00:00+09:00,DEV-BLEND,BLEND-A,47,9400.0
2025-05-05,2025-05-05T00:00:00+09:00,DEV-LATTE,LATTE-A,171,3420.0
2025-05-05,2025-05-05T00:00:00+09:00,DEV-DRIP,DRIP-B,180,2700.0
2025-05-05,2025-05-05T00:00:00+09:00,DEV-BLEND,BLEND-A,36,7200.0
2025-05-06,2025-05-06T00:00:00+09:00,DEV-LATTE,LATTE-A,168,3360.0
2025-05-06,2025-05-06T00:00:00+09:00,DEV-DRIP,DRIP-B,125,1875.0
2025-05-06,2025-05-06T00:00:00+09:00,DEV-BLEND,BLEND-A,35,7000.0
2025-05-07,2025-05-07T00:00:00+09:00,DEV-LATTE,LATTE-A,165,3300.0
2025-05-07,2025-05-07T00:00:00+09:00,DEV-DRIP,DRIP-B,158,2370.0
2025-05-07,2025-05-07T00:00:00+09:00,DEV-BLEND,BLEND-A,30,6000.0
2025-05-08,2025-05-08T00:00:00+09:00,DEV-LATTE,LATTE-A,153,3060.0
2025-05-08,2025-05-08T00:00:00+09:00,DEV-DRIP,DRIP-B,169,2535.0
2025-05-08,2025-05-08T00:00:00+09:00,DEV-BLEND,BLEND-A,38,7600.0
2025-05-09,2025-05-09T00:00:00+09:00,DEV-LATTE,LATTE-A,209,4180.0
2025-05-09,2025-05-09T00:00:00+09:00,DEV-DRIP,DRIP-B,198,2970.0
2025-05-09,2025-05-09T00:00:00+09:00,DEV-BLEND,BLEND-A,37,7400.0
2025-05-10,2025-05-10T00:00:00+09:00,DEV-LATTE,LATTE-A,207,4140.0
2025-05-10,2025-05-10T00:00:00+09:00,DEV-DRIP,DRIP-B,212,3180.0
2025-05-10,2025-05-10T00:00:00+09:00,DEV-BLEND,BLEND-A,44,8800.0
2025-05-11,2025-05-11T00:00:00+09:00,DEV-LATTE,LATTE-A,184,3680.0
2025-05-11,2025-05-11T00:00:00+09:00,DEV-DRIP,DRIP-B,152,2280.0
2025-05-11,2025-05-11T00:00:00+09:00,DEV-BLEND,BLEND-A,45,9000.0
2025-05-12,2025-05-12T00:00:00+09:00,DEV-LATTE,LATTE-A,170,3400.0
2025-05-12,2025-05-12T00:00:00+09:00,DEV-DRIP,DRIP-B,166,2490.0
2025-05-12,2025-05-12T00:00:00+09:00,DEV-BLEND,BLEND-A,29,5800.0
2025-05-13,2025-05-13T00:00:00+09:00,DEV-LATTE,LATTE-A,171,3420.0
2025-05-13,2025-05-13T00:00:00+09:00,DEV-DRIP,DRIP-B,195,2925.0
2025-05-13,2025-05-13T00:00:00+09:00,DEV-BLEND,BLEND-A,22,4400.0
2025-05-14,2025-05-14T00:00:00+09:00,DEV-LATTE,LATTE-A,168,3360.0
2025-05-14,2025-05-14T00:00:00+09:00,DEV-DRIP,DRIP-B,164,2460.0
2025-05-14,2025-05-14T00:00:00+09:00,DEV-BLEND,BLEND-A,25,5000.0
2025-05-15,2025-05-15T00:00:00+09:00,DEV-LATTE,LATTE-A,142,2840.0
2025-05-15,2025-05-15T00:00:00+09:00,DEV-DRIP,DRIP-B,147,2205.0
2025-05-15,2025-05-15T00:00:00+09:00,DEV-BLEND,BLEND-A,25,5000.0
2025-05-16,2025-05-16T00:00:00+09:00,DEV-LATTE,LATTE-A,154,3080.0
2025-05-16,2025-05-16T00:00:00+09:00,DEV-DRIP,DRIP-B,204,3060.0
2025-05-16,2025-05-16T00:00:00+09:00,DEV-BLEND,BLEND-A,45,9000.0
2025-05-17,2025-05-17T00:00:00+09:00,DEV-LATTE,LATTE-A,194,3880.0
2025-05-17,2025-05-17T00:00:00+09:00,DEV-DRIP,DRIP-B,195,2925.0
2025-05-17,2025-05-17T00:00:00+09:00,DEV-BLEND,BLEND-A,35,7000.0
2025-05-18,2025-05-18T00:00:00+09:00,DEV-LATTE,LATTE-A,148,2960.0
2025-05-18,2025-05-18T00:00:00+09:00,DEV-DRIP,DRIP-B,176,2640.0
2025-05-18,2025-05-18T00:00:00+09:00,DEV-BLEND,BLEND-A,40,8000.0
2025-05-19,2025-05-19T00:00:00+09:00,DEV-LATTE,LATTE-A,157,3140.0
2025-05-19,2025-05-19T00:00:00+09:00,DEV-DRIP,DRIP-B,162,2430.0
2025-05-19,2025-05-19T00:00:00+09:00,DEV-BLEND,BLEND-A,31,6200.0
2025-05-20,2025-05-20T00:00:00+09:00,DEV-LATTE,LATTE-A,141,2820.0
2025-05-20,2025-05-20T00:00:00+09:00,DEV-DRIP,DRIP-B,134,2010.0
2025-05-20,2025-05-20T00:00:00+09:00,DEV-BLEND,BLEND-A,42,8400.0
2025-05-21,2025-05-21T00:00:00+09:00,DEV-LATTE,LATTE-A,143,2860.0
2025-05-21,2025-05-21T00:00:00+09:00,DEV-DRIP,DRIP-B,166,2490.0
2025-05-21,2025-05-21T00:00:00+09:00,DEV-BLEND,BLEND-A,29,5800.0
2025-05-22,2025-05-22T00:00:00+09:00,DEV-LATTE,LATTE-A,149,2980.0
2025-05-22,2025-05-22T00:00:00+09:00,DEV-DRIP,DRIP-B,173,2595.0
2025-05-22,2025-05-22T00:00:00+09:00,DEV-BLEND,BLEND-A,37,7400.0
2025-05-23,2025-05-23T00:00:00+09:00,DEV-LATTE,LATTE-A,178,3560.0
2025-05-23,2025-05-23T00:00:00+09:00,DEV-DRIP,DRIP-B,151,2265.0
2025-05-23,2025-05-23T00:00:00+09:00,DEV-BLEND,BLEND-A,40,8000.0
2025-05-24,2025-05-24T00:00:00+09:00,DEV-LATTE,LATTE-A,202,4040.0
2025-05-24,2025-05-24T00:00:00+09:00,DEV-DRIP,DRIP-B,216,3240.0
2025-05-24,2025-05-24T00:00:00+09:00,DEV-BLEND,BLEND-A,42,8400.0
2025-05-25,2025-05-25T00:00:00+09:00,DEV-LATTE,LATTE-A,181,3620.0
2025-05-25,2025-05-25T00:00:00+09:00,DEV-DRIP,DRIP-B,167,2505.0
2025-05-25,2025-05-25T00:00:00+09:00,DEV-BLEND,BLEND-A,34,6800.0
2025-05-26,2025-05-26T00:00:00+09:00,DEV-LATTE,LATTE-A,148,2960.0
2025-05-26,2025-05-26T00:00:00+09:00,DEV-DRIP,DRIP-B,127,1905.0
2025-05-26,2025-05-26T00:00:00+09:00,DEV-BLEND,BLEND-A,31,6200.0
2025-05-27,2025-05-27T00:00:00+09:00,DEV-LATTE,LATTE-A,169,3380.0
2025-05-27,2025-05-27T00:00:00+09:00,DEV-DRIP,DRIP-B,123,1845.0
2025-05-27,2025-05-27T00:00:00+09:00,DEV-BLEND,BLEND-A,30,6000.0
2025-05-28,2025-05-28T00:00:00+09:00,DEV-LATTE,LATTE-A,143,2860.0
2025-05-28,2025-05-28T00:00:00+09:00,DEV-DRIP,DRIP-B,153,2295.0
2025-05-28,2025-05-28T00:00:00+09:00,DEV-BLEND,BLEND-A,18,3600.0
2025-05-29,2025-05-29T00:00:00+09:00,DEV-LATTE,LATTE-A,157,3140.0
2025-05-29,2025-05-29T00:00:00+09:00,DEV-DRIP,DRIP-B,138,2070.0
2025-05-29,2025-05-29T00:00:00+09:00,DEV-BLEND,BLEND-A,38,7600.0
2025-05-30,2025-05-30T00:00:00+09:00,DEV-LATTE,LATTE-A,197,3940.0
2025-05-30,2025-05-30T00:00:00+09:00,DEV-DRIP,DRIP-B,181,2715.0
2025-05-30,2025-05-30T00:00:00+09:00,DEV-BLEND,BLEND-A,34,6800.0
2025-05-31,2025-05-31T00:00:00+09:00,DEV-LATTE,LATTE-A,193,3860.0
2025-05-31,2025-05-31T00:00:00+09:00,DEV-DRIP,DRIP-B,203,3045.0
2025-05-31,2025-05-31T00:00:00+09:00,DEV-BLEND,BLEND-A,35,7000.0
2025-06-01,2025-06-01T00:00:00+09:00,DEV-LATTE,LATTE-A,169,3380.0
2025-06-01,2025-06-01T00:00:00+09:00,DEV-DRIP,DRIP-B,173,2595.0
2025-06-01,2025-06-01T00:00:00+09:00,DEV-BLEND,BLEND-A,33,6600.0
2025-06-02,2025-06-02T00:00:00+09:00,DEV-LATTE,LATTE-A,147,2940.0
2025-06-02,2025-06-02T00:00:00+09:00,DEV-DRIP,DRIP-B,144,2160.0
2025-06-02,2025-06-02T00:00:00+09:00,DEV-BLEND,BLEND-A,29,5800.0
2025-06-03,2025-06-03T00:00:00+09:00,DEV-LATTE,LATTE-A,160,3200.0
2025-06-03,2025-06-03T00:00:00+09:00,DEV-DRIP,DRIP-B,145,2175.0
2025-06-03,2025-06-03T00:00:00+09:00,DEV-BLEND,BLEND-A,27,5400.0
2025-06-04,2025-06-04T00:00:00+09:00,DEV-LATTE,LATTE-A,158,3160.0
2025-06-04,2025-06-04T00:00:00+09:00,DEV-DRIP,DRIP-B,142,2130.0
2025-06-04,2025-06-04T00:00:00+09:00,DEV-BLEND,BLEND-A,32,6400.0
2025-06-05,2025-06-05T00:00:00+09:00,DEV-LATTE,LATTE-A,142,2840.0
2025-06-05,2025-06-05T00:00:00+09:00,DEV-DRIP,DRIP-B,155,2325.0
2025-06-05,2025-06-05T00:00:00+09:00,DEV-BLEND,BLEND-A,39,7800.0
2025-06-06,2025-06-06T00:00:00+09:00,DEV-LATTE,LATTE-A,190,3800.0
2025-06-06,2025-06-06T00:00:00+09:00,DEV-DRIP,DRIP-B,168,2520.0
2025-06-06,2025-06-06T00:00:00+09:00,DEV-BLEND,BLEND-A,41,8200.0
2025-06-07,2025-06-07T00:00:00+09:00,DEV-LATTE,LATTE-A,269,5380.0
2025-06-07,2025-06-07T00:00:00+09:00,DEV-DRIP,DRIP-B,266,3990.0
2025-06-07,2025-06-07T00:00:00+09:00,DEV-BLEND,BLEND-A,34,6800.0
2025-06-08,2025-06-08T00:00:00+09:00,DEV-LATTE,LATTE-A,191,3820.0
2025-06-08,2025-06-08T00:00:00+09:00,DEV-DRIP,DRIP-B,156,2340.0
2025-06-08,2025-06-08T00:00:00+09:00,DEV-BLEND,BLEND-A,43,8600.0
2025-06-09,2025-06-09T00:00:00+09:00,DEV-LATTE,LATTE-A,151,3020.0
2025-06-09,2025-06-09T00:00:00+09:00,DEV-DRIP,DRIP-B,142,2130.0
2025-06-09,2025-06-09T00:00:00+09:00,DEV-BLEND,BLEND-A,38,7600.0
2025-06-10,2025-06-10T00:00:00+09:00,DEV-LATTE,LATTE-A,147,2940.0
2025-06-10,2025-06-10T00:00:00+09:00,DEV-DRIP,DRIP-B,147,2205.0
2025-06-10,2025-06-10T00:00:00+09:00,DEV-BLEND,BLEND-A,25,5000.0
2025-06-11,2025-06-11T00:00:00+09:00,DEV-LATTE,LATTE-A,138,2760.0
2025-06-11,2025-06-11T00:00:00+09:00,DEV-DRIP,DRIP-B,146,2190.0
2025-06-11,2025-06-11T00:00:00+09:00,DEV-BLEND,BLEND-A,37,7400.0
2025-06-12,2025-06-12T00:00:00+09:00,DEV-LATTE,LATTE-A,155,3100.0
2025-06-12,2025-06-12T00:00:00+09:00,DEV-DRIP,DRIP-B,120,1800.0
2025-06-12,2025-06-12T00:00:00+09:00,DEV-BLEND,BLEND-A,32,6400.0
2025-06-13,2025-06-13T00:00:00+09:00,DEV-LATTE,LATTE-A,188,3760.0
2025-06-13,2025-06-13T00:00:00+09:00,DEV-DRIP,DRIP-B,139,2085.0
2025-06-13,2025-06-13T00:00:00+09:00,DEV-BLEND,BLEND-A,40,8000.0
2025-06-14,2025-06-14T00:00:00+09:00,DEV-LATTE,LATTE-A,223,4460.0
2025-06-14,2025-06-14T00:00:00+09:00,DEV-DRIP,DRIP-B,190,2850.0
2025-06-14,2025-06-14T00:00:00+09:00,DEV-BLEND,BLEND-A,37,7400.0
2025-06-15,2025-06-15T00:00:00+09:00,DEV-LATTE,LATTE-A,159,3180.0
2025-06-15,2025-06-15T00:00:00+09:00,DEV-DRIP,DRIP-B,157,2355.0
2025-06-15,2025-06-15T00:00:00+09:00,DEV-BLEND,BLEND-A,22,4400.0
2025-06-16,2025-06-16T00:00:00+09:00,DEV-LATTE,LATTE-A,154,3080.0
2025-06-16,2025-06-16T00:00:00+09:00,DEV-DRIP,DRIP-B,140,2100.0
2025-06-16,2025-06-16T00:00:00+09:00,DEV-BLEND,BLEND-A,26,5200.0
2025-06-17,2025-06-17T00:00:00+09:00,DEV-LATTE,LATTE-A,121,2420.0
2025-06-17,2025-06-17T00:00:00+09:00,DEV-DRIP,DRIP-B,136,2040.0
2025-06-17,2025-06-17T00:00:00+09:00,DEV-BLEND,BLEND-A,41,8200.0
2025-06-18,2025-06-18T00:00:00+09:00,DEV-LATTE,LATTE-A,179,3580.0
2025-06-18,2025-06-18T00:00:00+09:00,DEV-DRIP,DRIP-B,125,1875.0
2025-06-18,2025-06-18T00:00:00+09:00,DEV-BLEND,BLEND-A,38,7600.0
2025-06-19,2025-06-19T00:00:00+09:00,DEV-LATTE,LATTE-A,129,2580.0
2025-06-19,2025-06-19T00:00:00+09:00,DEV-DRIP,DRIP-B,138,2070.0
2025-06-19,2025-06-19T00:00:00+09:00,DEV-BLEND,BLEND-A,27,5400.0
2025-06-20,2025-06-20T00:00:00+09:00,DEV-LATTE,LATTE-A,165,3300.0
2025-06-20,2025-06-20T00:00:00+09:00,DEV-DRIP,DRIP-B,172,2580.0
2025-06-20,2025-06-20T00:00:00+09:00,DEV-BLEND,BLEND-A,37,7400.0
2025-06-21,2025-06-21T00:00:00+09:00,DEV-LATTE,LATTE-A,216,4320.0
2025-06-21,2025-06-21T00:00:00+09:00,DEV-DRIP,DRIP-B,189,2835.0
2025-06-21,2025-06-21T00:00:00+09:00,DEV-BLEND,BLEND-A,50,10000.0
2025-06-22,2025-06-22T00:00:00+09:00,DEV-LATTE,LATTE-A,167,3340.0
2025-06-22,2025-06-22T00:00:00+09:00,DEV-DRIP,DRIP-B,145,2175.0
2025-06-22,2025-06-22T00:00:00+09:00,DEV-BLEND,BLEND-A,54,10800.0
2025-06-23,2025-06-23T00:00:00+09:00,DEV-LATTE,LATTE-A,158,3160.0
2025-06-23,2025-06-23T00:00:00+09:00,DEV-DRIP,DRIP-B,125,1875.0
2025-06-23,2025-06-23T00:00:00+09:00,DEV-BLEND,BLEND-A,38,7600.0
2025-06-24,2025-06-24T00:00:00+09:00,DEV-LATTE,LATTE-A,123,2460.0
2025-06-24,2025-06-24T00:00:00+09:00,DEV-DRIP,DRIP-B,125,1875.0
2025-06-24,2025-06-24T00:00:00+09:00,DEV-BLEND,BLEND-A,43,8600.0
2025-06-25,2025-06-25T00:00:00+09:00,DEV-LATTE,LATTE-A,120,2400.0
2025-06-25,2025-06-25T00:00:00+09:00,DEV-DRIP,DRIP-B,151,2265.0
2025-06-25,2025-06-25T00:00:00+09:00,DEV-BLEND,BLEND-A,40,8000.0
2025-06-26,2025-06-26T00:00:00+09:00,DEV-LATTE,LATTE-A,159,3180.0
2025-06-26,2025-06-26T00:00:00+09:00,DEV-DRIP,DRIP-B,154,2310.0
2025-06-26,2025-06-26T00:00:00+09:00,DEV-BLEND,BLEND-A,38,7600.0
2025-06-27,2025-06-27T00:00:00+09:00,DEV-LATTE,LATTE-A,172,3440.0
2025-06-27,2025-06-27T00:00:00+09:00,DEV-DRIP,DRIP-B,178,2670.0
2025-06-27,2025-06-27T00:00:00+09:00,DEV-BLEND,BLEND-A,40,8000.0
2025-06-28,2025-06-28T00:00:00+09:00,DEV-LATTE,LATTE-A,182,3640.0
2025-06-28,2025-06-28T00:00:00+09:00,DEV-DRIP,DRIP-B,188,2820.0
2025-06-28,2025-06-28T00:00:00+09:00,DEV-BLEND,BLEND-A,48,9600.0
2025-06-29,2025-06-29T00:00:00+09:00,DEV-LATTE,LATTE-A,145,2900.0
2025-06-29,2025-06-29T00:00:00+09:00,DEV-DRIP,DRIP-B,153,2295.0
2025-06-29,2025-06-29T00:00:00+09:00,DEV-BLEND,BLEND-A,33,6600.0
2025-06-30,2025-06-30T00:00:00+09:00,DEV-LATTE,LATTE-A,130,2600.0
2025-06-30,2025-06-30T00:00:00+09:00,DEV-DRIP,DRIP-B,122,1830.0
2025-06-30,2025-06-30T00:00:00+09:00,DEV-BLEND,BLEND-A,39,7800.0
2025-07-01,2025-07-01T00:00:00+09:00,DEV-LATTE,LATTE-A,121,2420.0
2025-07-01,2025-07-01T00:00:00+09:00,DEV-DRIP,DRIP-B,128,1920.0
2025-07-01,2025-07-01T00:00:00+09:00,DEV-BLEND,BLEND-A,26,5200.0
2025-07-02,2025-07-02T00:00:00+09:00,DEV-LATTE,LATTE-A,153,3060.0
2025-07-02,2025-07-02T00:00:00+09:00,DEV-DRIP,DRIP-B,133,1995.0
2025-07-02,2025-07-02T00:00:00+09:00,DEV-BLEND,BLEND-A,34,6800.0
2025-07-03,2025-07-03T00:00:00+09:00,DEV-LATTE,LATTE-A,130,2600.0
2025-07-03,2025-07-03T00:00:00+09:00,DEV-DRIP,DRIP-B,145,2175.0
2025-07-03,2025-07-03T00:00:00+09:00,DEV-BLEND,BLEND-A,36,7200.0
2025-07-04,2025-07-04T00:00:00+09:00,DEV-LATTE,LATTE-A,141,2820.0
2025-07-04,2025-07-04T00:00:00+09:00,DEV-DRIP,DRIP-B,185,2775.0
2025-07-04,2025-07-04T00:00:00+09:00,DEV-BLEND,BLEND-A,40,8000.0
2025-07-05,2025-07-05T00:00:00+09:00,DEV-LATTE,LATTE-A,207,4140.0
2025-07-05,2025-07-05T00:00:00+09:00,DEV-DRIP,DRIP-B,176,2640.0
2025-07-05,2025-07-05T00:00:00+09:00,DEV-BLEND,BLEND-A,45,9000.0
2025-07-06,2025-07-06T00:00:00+09:00,DEV-LATTE,LATTE-A,136,2720.0
2025-07-06,2025-07-06T00:00:00+09:00,DEV-DRIP,DRIP-B,144,2160.0
2025-07-06,2025-07-06T00:00:00+09:00,DEV-BLEND,BLEND-A,44,8800.0
2025-07-07,2025-07-07T00:00:00+09:00,DEV-LATTE,LATTE-A,130,2600.0
2025-07-07,2025-07-07T00:00:00+09:00,DEV-DRIP,DRIP-B,137,2055.0
2025-07-07,2025-07-07T00:00:00+09:00,DEV-BLEND,BLEND-A,31,6200.0
2025-07-08,2025-07-08T00:00:00+09:00,DEV-LATTE,LATTE-A,110,2200.0
2025-07-08,2025-07-08T00:00:00+09:00,DEV-DRIP,DRIP-B,119,1785.0
2025-07-08,2025-07-08T00:00:00+09:00,DEV-BLEND,BLEND-A,30,6000.0
2025-07-09,2025-07-09T00:00:00+09:00,DEV-LATTE,LATTE-A,128,2560.0
2025-07-09,2025-07-09T00:00:00+09:00,DEV-DRIP,DRIP-B,134,2010.0
2025-07-09,2025-07-09T00:00:00+09:00,DEV-BLEND,BLEND-A,46,9200.0
2025-07-10,2025-07-10T00:00:00+09:00,DEV-LATTE,LATTE-A,108,2160.0
2025-07-10,2025-07-10T00:00:00+09:00,DEV-DRIP,DRIP-B,136,2040.0
2025-07-10,2025-07-10T00:00:00+09:00,DEV-BLEND,BLEND-A,33,6600.0
2025-07-11,2025-07-11T00:00:00+09:00,DEV-LATTE,LATTE-A,178,3560.0
2025-07-11,2025-07-11T00:00:00+09:00,DEV-DRIP,DRIP-B,179,2685.0
2025-07-11,2025-07-11T00:00:00+09:00,DEV-BLEND,BLEND-A,51,10200.0
2025-07-12,2025-07-12T00:00:00+09:00,DEV-LATTE,LATTE-A,186,3720.0
2025-07-12,2025-07-12T00:00:00+09:00,DEV-DRIP,DRIP-B,165,2475.0
2025-07-12,2025-07-12T00:00:00+09:00,DEV-BLEND,BLEND-A,21,4200.0
2025-07-13,2025-07-13T00:00:00+09:00,DEV-LATTE,LATTE-A,148,2960.0
2025-07-13,2025-07-13T00:00:00+09:00,DEV-DRIP,DRIP-B,151,2265.0
2025-07-13,2025-07-13T00:00:00+09:00,DEV-BLEND,BLEND-A,30,6000.0
2025-07-14,2025-07-14T00:00:00+09:00,DEV-LATTE,LATTE-A,129,2580.0
2025-07-14,2025-07-14T00:00:00+09:00,DEV-DRIP,DRIP-B,145,2175.0
2025-07-14,2025-07-14T00:00:00+09:00,DEV-BLEND,BLEND-A,38,7600.0
2025-07-15,2025-07-15T00:00:00+09:00,DEV-LATTE,LATTE-A,136,2720.0
2025-07-15,2025-07-15T00:00:00+09:00,DEV-DRIP,DRIP-B,143,2145.0
2025-07-15,2025-07-15T00:00:00+09:00,DEV-BLEND,BLEND-A,42,8400.0
2025-07-16,2025-07-16T00:00:00+09:00,DEV-LATTE,LATTE-A,153,3060.0
2025-07-16,2025-07-16T00:00:00+09:00,DEV-DRIP,DRIP-B,129,1935.0
2025-07-16,2025-07-16T00:00:00+09:00,DEV-BLEND,BLEND-A,28,5600.0
2025-07-17,2025-07-17T00:00:00+09:00,DEV-LATTE,LATTE-A,149,2980.0
2025-07-17,2025-07-17T00:00:00+09:00,DEV-DRIP,DRIP-B,144,2160.0
2025-07-17,2025-07-17T00:00:00+09:00,DEV-BLEND,BLEND-A,44,8800.0
2025-07-18,2025-07-18T00:00:00+09:00,DEV-LATTE,LATTE-A,157,3140.0
2025-07-18,2025-07-18T00:00:00+09:00,DEV-DRIP,DRIP-B,163,2445.0
2025-07-18,2025-07-18T00:00:00+09:00,DEV-BLEND,BLEND-A,46,9200.0
2025-07-19,2025-07-19T00:00:00+09:00,DEV-LATTE,LATTE-A,171,3420.0
2025-07-19,2025-07-19T00:00:00+09:00,DEV-DRIP,DRIP-B,178,2670.0
2025-07-19,2025-07-19T00:00:00+09:00,DEV-BLEND,BLEND-A,41,8200.0
2025-07-20,2025-07-20T00:00:00+09:00,DEV-LATTE,LATTE-A,141,2820.0
2025-07-20,2025-07-20T00:00:00+09:00,DEV-DRIP,DRIP-B,127,1905.0
2025-07-20,2025-07-20T00:00:00+09:00,DEV-BLEND,BLEND-A,33,6600.0
2025-07-21,2025-07-21T00:00:00+09:00,DEV-LATTE,LATTE-A,165,3300.0
2025-07-21,2025-07-21T00:00:00+09:00,DEV-DRIP,DRIP-B,132,1980.0
2025-07-21,2025-07-21T00:00:00+09:00,DEV-BLEND,BLEND-A,32,6400.0
2025-07-22,2025-07-22T00:00:00+09:00,DEV-LATTE,LATTE-A,117,2340.0
2025-07-22,2025-07-22T00:00:00+09:00,DEV-DRIP,DRIP-B,126,1890.0
2025-07-22,2025-07-22T00:00:00+09:00,DEV-BLEND,BLEND-A,22,4400.0
2025-07-23,2025-07-23T00:00:00+09:00,DEV-LATTE,LATTE-A,133,2660.0
2025-07-23,2025-07-23T00:00:00+09:00,DEV-DRIP,DRIP-B,134,2010.0
2025-07-23,2025-07-23T00:00:00+09:00,DEV-BLEND,BLEND-A,38,7600.0
2025-07-24,2025-07-24T00:00:00+09:00,DEV-LATTE,LATTE-A,144,2880.0
2025-07-24,2025-07-24T00:00:00+09:00,DEV-DRIP,DRIP-B,109,1635.0
2025-07-24,2025-07-24T00:00:00+09:00,DEV-BLEND,BLEND-A,34,6800.0
2025-07-25,2025-07-25T00:00:00+09:00,DEV-LATTE,LATTE-A,163,3260.0
2025-07-25,2025-07-25T00:00:00+09:00,DEV-DRIP,DRIP-B,160,2400.0
2025-07-25,2025-07-25T00:00:00+09:00,DEV-BLEND,BLEND-A,44,8800.0
2025-07-26,2025-07-26T00:00:00+09:00,DEV-LATTE,LATTE-A,191,3820.0
2025-07-26,2025-07-26T00:00:00+09:00,DEV-DRIP,DRIP-B,187,2805.0
2025-07-26,2025-07-26T00:00:00+09:00,DEV-BLEND,BLEND-A,45,9000.0
2025-07-27,2025-07-27T00:00:00+09:00,DEV-LATTE,LATTE-A,166,3320.0
2025-07-27,2025-07-27T00:00:00+09:00,DEV-DRIP,DRIP-B,166,2490.0
2025-07-27,2025-07-27T00:00:00+09:00,DEV-BLEND,BLEND-A,29,5800.0
2025-07-28,2025-07-28T00:00:00+09:00,DEV-LATTE,LATTE-A,141,2820.0
2025-07-28,2025-07-28T00:00:00+09:00,DEV-DRIP,DRIP-B,130,1950.0
2025-07-28,2025-07-28T00:00:00+09:00,DEV-BLEND,BLEND-A,46,9200.0
2025-07-29,2025-07-29T00:00:00+09:00,DEV-LATTE,LATTE-A,160,3200.0
2025-07-29,2025-07-29T00:00:00+09:00,DEV-DRIP,DRIP-B,128,1920.0
2025-07-29,2025-07-29T00:00:00+09:00,DEV-BLEND,BLEND-A,38,7600.0
2025-07-30,2025-07-30T00:00:00+09:00,DEV-LATTE,LATTE-A,147,2940.0
2025-07-30,2025-07-30T00:00:00+09:00,DEV-DRIP,DRIP-B,144,2160.0
2025-07-30,2025-07-30T00:00:00+09:00,DEV-BLEND,BLEND-A,34,6800.0
2025-07-31,2025-07-31T00:00:00+09:00,DEV-LATTE,LATTE-A,125,2500.0
2025-07-31,2025-07-31T00:00:00+09:00,DEV-DRIP,DRIP-B,158,2370.0
2025-07-31,2025-07-31T00:00:00+09:00,DEV-BLEND,BLEND-A,49,9800.0
2025-08-01,2025-08-01T00:00:00+09:00,DEV-LATTE,LATTE-A,154,3080.0
2025-08-01,2025-08-01T00:00:00+09:00,DEV-DRIP,DRIP-B,144,2160.0
2025-08-01,2025-08-01T00:00:00+09:00,DEV-BLEND,BLEND-A,45,9000.0
2025-08-02,2025-08-02T00:00:00+09:00,DEV-LATTE,LATTE-A,185,3700.0
2025-08-02,2025-08-02T00:00:00+09:00,DEV-DRIP,DRIP-B,182,2730.0
2025-08-02,2025-08-02T00:00:00+09:00,DEV-BLEND,BLEND-A,53,10600.0
2025-08-03,2025-08-03T00:00:00+09:00,DEV-LATTE,LATTE-A,148,2960.0
2025-08-03,2025-08-03T00:00:00+09:00,DEV-DRIP,DRIP-B,154,2310.0
2025-08-03,2025-08-03T00:00:00+09:00,DEV-BLEND,BLEND-A,38,7600.0
2025-08-04,2025-08-04T00:00:00+09:00,DEV-LATTE,LATTE-A,111,2220.0
2025-08-04,2025-08-04T00:00:00+09:00,DEV-DRIP,DRIP-B,136,2040.0
2025-08-04,2025-08-04T00:00:00+09:00,DEV-BLEND,BLEND-A,26,5200.0
2025-08-05,2025-08-05T00:00:00+09:00,DEV-LATTE,LATTE-A,148,2960.0
2025-08-05,2025-08-05T00:00:00+09:00,DEV-DRIP,DRIP-B,118,1770.0
2025-08-05,2025-08-05T00:00:00+09:00,DEV-BLEND,BLEND-A,41,8200.0
2025-08-06,2025-08-06T00:00:00+09:00,DEV-LATTE,LATTE-A,134,2680.0
2025-08-06,2025-08-06T00:00:00+09:00,DEV-DRIP,DRIP-B,165,2475.0
2025-08-06,2025-08-06T00:00:00+09:00,DEV-BLEND,BLEND-A,39,7800.0
2025-08-07,2025-08-07T00:00:00+09:00,DEV-LATTE,LATTE-A,154,3080.0
2025-08-07,2025-08-07T00:00:00+09:00,DEV-DRIP,DRIP-B,130,1950.0
2025-08-07,2025-08-07T00:00:00+09:00,DEV-BLEND,BLEND-A,36,7200.0
2025-08-08,2025-08-08T00:00:00+09:00,DEV-LATTE,LATTE-A,192,3840.0
2025-08-08,2025-08-08T00:00:00+09:00,DEV-DRIP,DRIP-B,180,2700.0
2025-08-08,2025-08-08T00:00:00+09:00,DEV-BLEND,BLEND-A,35,7000.0
2025-08-09,2025-08-09T00:00:00+09:00,DEV-LATTE,LATTE-A,172,3440.0
2025-08-09,2025-08-09T00:00:00+09:00,DEV-DRIP,DRIP-B,166,2490.0
2025-08-09,2025-08-09T00:00:00+09:00,DEV-BLEND,BLEND-A,52,10400.0
2025-08-10,2025-08-10T00:00:00+09:00,DEV-LATTE,LATTE-A,168,3360.0
2025-08-10,2025-08-10T00:00:00+09:00,DEV-DRIP,DRIP-B,166,2490.0
2025-08-10,2025-08-10T00:00:00+09:00,DEV-BLEND,BLEND-A,49,9800.0
2025-08-11,2025-08-11T00:00:00+09:00,DEV-LATTE,LATTE-A,179,3580.0
2025-08-11,2025-08-11T00:00:00+09:00,DEV-DRIP,DRIP-B,162,2430.0
2025-08-11,2025-08-11T00:00:00+09:00,DEV-BLEND,BLEND-A,43,8600.0
2025-08-12,2025-08-12T00:00:00+09:00,DEV-LATTE,LATTE-A,135,2700.0
2025-08-12,2025-08-12T00:00:00+09:00,DEV-DRIP,DRIP-B,145,2175.0
2025-08-12,2025-08-12T00:00:00+09:00,DEV-BLEND,BLEND-A,25,5000.0
2025-08-13,2025-08-13T00:00:00+09:00,DEV-LATTE,LATTE-A,153,3060.0
2025-08-13,2025-08-13T00:00:00+09:00,DEV-DRIP,DRIP-B,155,2325.0
2025-08-13,2025-08-13T00:00:00+09:00,DEV-BLEND,BLEND-A,40,8000.0
2025-08-14,2025-08-14T00:00:00+09:00,DEV-LATTE,LATTE-A,168,3360.0
2025-08-14,2025-08-14T00:00:00+09:00,DEV-DRIP,DRIP-B,141,2115.0
2025-08-14,2025-08-14T00:00:00+09:00,DEV-BLEND,BLEND-A,31,6200.0
2025-08-15,2025-08-15T00:00:00+09:00,DEV-LATTE,LATTE-A,175,3500.0
2025-08-15,2025-08-15T00:00:00+09:00,DEV-DRIP,DRIP-B,183,2745.0
2025-08-15,2025-08-15T00:00:00+09:00,DEV-BLEND,BLEND-A,49,9800.0
2025-08-16,2025-08-16T00:00:00+09:00,DEV-LATTE,LATTE-A,186,3720.0
2025-08-16,2025-08-16T00:00:00+09:00,DEV-DRIP,DRIP-B,178,2670.0
2025-08-16,2025-08-16T00:00:00+09:00,DEV-BLEND,BLEND-A,52,10400.0
2025-08-17,2025-08-17T00:00:00+09:00,DEV-LATTE,LATTE-A,132,2640.0
2025-08-17,2025-08-17T00:00:00+09:00,DEV-DRIP,DRIP-B,144,2160.0
2025-08-17,2025-08-17T00:00:00+09:00,DEV-BLEND,BLEND-A,45,9000.0
2025-08-18,2025-08-18T00:00:00+09:00,DEV-LATTE,LATTE-A,126,2520.0
2025-08-18,2025-08-18T00:00:00+09:00,DEV-DRIP,DRIP-B,125,1875.0
2025-08-18,2025-08-18T00:00:00+09:00,DEV-BLEND,BLEND-A,34,6800.0
2025-08-19,2025-08-19T00:00:00+09:00,DEV-LATTE,LATTE-A,126,2520.0
2025-08-19,2025-08-19T00:00:00+09:00,DEV-DRIP,DRIP-B,138,2070.0
2025-08-19,2025-08-19T00:00:00+09:00,DEV-BLEND,BLEND-A,39,7800.0
2025-08-20,2025-08-20T00:00:00+09:00,DEV-LATTE,LATTE-A,141,2820.0
2025-08-20,2025-08-20T00:00:00+09:00,DEV-DRIP,DRIP-B,144,2160.0
2025-08-20,2025-08-20T00:00:00+09:00,DEV-BLEND,BLEND-A,32,6400.0
2025-08-21,2025-08-21T00:00:00+09:00,DEV-LATTE,LATTE-A,162,3240.0
2025-08-21,2025-08-21T00:00:00+09:00,DEV-DRIP,DRIP-B,148,2220.0
2025-08-21,2025-08-21T00:00:00+09:00,DEV-BLEND,BLEND-A,37,7400.0
2025-08-22,2025-08-22T00:00:00+09:00,DEV-LATTE,LATTE-A,170,3400.0
2025-08-22,2025-08-22T00:00:00+09:00,DEV-DRIP,DRIP-B,176,2640.0
2025-08-22,2025-08-22T00:00:00+09:00,DEV-BLEND,BLEND-A,39,7800.0
2025-08-23,2025-08-23T00:00:00+09:00,DEV-LATTE,LATTE-A,191,3820.0
2025-08-23,2025-08-23T00:00:00+09:00,DEV-DRIP,DRIP-B,187,2805.0
2025-08-23,2025-08-23T00:00:00+09:00,DEV-BLEND,BLEND-A,51,10200.0
2025-08-24,2025-08-24T00:00:00+09:00,DEV-LATTE,LATTE-A,142,2840.0
2025-08-24,2025-08-24T00:00:00+09:00,DEV-DRIP,DRIP-B,162,2430.0
2025-08-24,2025-08-24T00:00:00+09:00,DEV-BLEND,BLEND-A,46,9200.0
2025-08-25,2025-08-25T00:00:00+09:00,DEV-LATTE,LATTE-A,155,3100.0
2025-08-25,2025-08-25T00:00:00+09:00,DEV-DRIP,DRIP-B,142,2130.0
2025-08-25,2025-08-25T00:00:00+09:00,DEV-BLEND,BLEND-A,34,6800.0
2025-08-26,2025-08-26T00:00:00+09:00,DEV-LATTE,LATTE-A,144,2880.0
2025-08-26,2025-08-26T00:00:00+09:00,DEV-DRIP,DRIP-B,147,2205.0
2025-08-26,2025-08-26T00:00:00+09:00,DEV-BLEND,BLEND-A,34,6800.0
2025-08-27,2025-08-27T00:00:00+09:00,DEV-LATTE,LATTE-A,139,2780.0
2025-08-27,2025-08-27T00:00:00+09:00,DEV-DRIP,DRIP-B,140,2100.0
2025-08-27,2025-08-27T00:00:00+09:00,DEV-BLEND,BLEND-A,30,6000.0
2025-08-28,2025-08-28T00:00:00+09:00,DEV-LATTE,LATTE-A,158,3160.0
2025-08-28,2025-08-28T00:00:00+09:00,DEV-DRIP,DRIP-B,162,2430.0
2025-08-28,2025-08-28T00:00:00+09:00,DEV-BLEND,BLEND-A,39,7800.0
2025-08-29,2025-08-29T00:00:00+09:00,DEV-LATTE,LATTE-A,166,3320.0
2025-08-29,2025-08-29T00:00:00+09:00,DEV-DRIP,DRIP-B,170,2550.0
2025-08-29,2025-08-29T00:00:00+09:00,DEV-BLEND,BLEND-A,39,7800.0
2025-08-30,2025-08-30T00:00:00+09:00,DEV-LATTE,LATTE-A,209,4180.0
2025-08-30,2025-08-30T00:00:00+09:00,DEV-DRIP,DRIP-B,187,2805.0
2025-08-30,2025-08-30T00:00:00+09:00,DEV-BLEND,BLEND-A,50,10000.0
2025-08-31,2025-08-31T00:00:00+09:00,DEV-LATTE,LATTE-A,150,3000.0
2025-08-31,2025-08-31T00:00:00+09:00,DEV-DRIP,DRIP-B,158,2370.0
2025-08-31,2025-08-31T00:00:00+09:00,DEV-BLEND,BLEND-A,50,10000.0
2025-09-01,2025-09-01T00:00:00+09:00,DEV-LATTE,LATTE-A,146,2920.0
2025-09-01,2025-09-01T00:00:00+09:00,DEV-DRIP,DRIP-B,153,2295.0
2025-09-01,2025-09-01T00:00:00+09:00,DEV-BLEND,BLEND-A,40,8000.0
2025-09-02,2025-09-02T00:00:00+09:00,DEV-LATTE,LATTE-A,159,3180.0
2025-09-02,2025-09-02T00:00:00+09:00,DEV-DRIP,DRIP-B,139,2085.0
2025-09-02,2025-09-02T00:00:00+09:00,DEV-BLEND,BLEND-A,33,6600.0
2025-09-03,2025-09-03T00:00:00+09:00,DEV-LATTE,LATTE-A,156,3120.0
2025-09-03,2025-09-03T00:00:00+09:00,DEV-DRIP,DRIP-B,161,2415.0
2025-09-03,2025-09-03T00:00:00+09:00,DEV-BLEND,BLEND-A,28,5600.0
2025-09-04,2025-09-04T00:00:00+09:00,DEV-LATTE,LATTE-A,166,3320.0
2025-09-04,2025-09-04T00:00:00+09:00,DEV-DRIP,DRIP-B,172,2580.0
2025-09-04,2025-09-04T00:00:00+09:00,DEV-BLEND,BLEND-A,41,8200.0
2025-09-05,2025-09-05T00:00:00+09:00,DEV-LATTE,LATTE-A,199,3980.0
2025-09-05,2025-09-05T00:00:00+09:00,DEV-DRIP,DRIP-B,162,2430.0
2025-09-05,2025-09-05T00:00:00+09:00,DEV-BLEND,BLEND-A,47,9400.0
2025-09-06,2025-09-06T00:00:00+09:00,DEV-LATTE,LATTE-A,204,4080.0
2025-09-06,2025-09-06T00:00:00+09:00,DEV-DRIP,DRIP-B,197,2955.0
2025-09-06,2025-09-06T00:00:00+09:00,DEV-BLEND,BLEND-A,47,9400.0
2025-09-07,2025-09-07T00:00:00+09:00,DEV-LATTE,LATTE-A,159,3180.0
2025-09-07,2025-09-07T00:00:00+09:00,DEV-DRIP,DRIP-B,154,2310.0
2025-09-07,2025-09-07T00:00:00+09:00,DEV-BLEND,BLEND-A,34,6800.0
2025-09-08,2025-09-08T00:00:00+09:00,DEV-LATTE,LATTE-A,144,2880.0
2025-09-08,2025-09-08T00:00:00+09:00,DEV-DRIP,DRIP-B,155,2325.0
2025-09-08,2025-09-08T00:00:00+09:00,DEV-BLEND,BLEND-A,44,8800.0
2025-09-09,2025-09-09T00:00:00+09:00,DEV-LATTE,LATTE-A,141,2820.0
2025-09-09,2025-09-09T00:00:00+09:00,DEV-DRIP,DRIP-B,137,2055.0
2025-09-09,2025-09-09T00:00:00+09:00,DEV-BLEND,BLEND-A,33,6600.0
2025-09-10,2025-09-10T00:00:00+09:00,DEV-LATTE,LATTE-A,135,2700.0
2025-09-10,2025-09-10T00:00:00+09:00,DEV-DRIP,DRIP-B,130,1950.0
2025-09-10,2025-09-10T00:00:00+09:00,DEV-BLEND,BLEND-A,32,6400.0
2025-09-11,2025-09-11T00:00:00+09:00,DEV-LATTE,LATTE-A,159,3180.0
2025-09-11,2025-09-11T00:00:00+09:00,DEV-DRIP,DRIP-B,162,2430.0
2025-09-11,2025-09-11T00:00:00+09:00,DEV-BLEND,BLEND-A,23,4600.0
2025-09-12,2025-09-12T00:00:00+09:00,DEV-LATTE,LATTE-A,155,3100.0
2025-09-12,2025-09-12T00:00:00+09:00,DEV-DRIP,DRIP-B,172,2580.0
2025-09-12,2025-09-12T00:00:00+09:00,DEV-BLEND,BLEND-A,44,8800.0
2025-09-13,2025-09-13T00:00:00+09:00,DEV-LATTE,LATTE-A,174,3480.0
2025-09-13,2025-09-13T00:00:00+09:00,DEV-DRIP,DRIP-B,196,2940.0
2025-09-13,2025-09-13T00:00:00+09:00,DEV-BLEND,BLEND-A,32,6400.0
2025-09-14,2025-09-14T00:00:00+09:00,DEV-LATTE,LATTE-A,194,3880.0
2025-09-14,2025-09-14T00:00:00+09:00,DEV-DRIP,DRIP-B,173,2595.0
2025-09-14,2025-09-14T00:00:00+09:00,DEV-BLEND,BLEND-A,42,8400.0
2025-09-15,2025-09-15T00:00:00+09:00,DEV-LATTE,LATTE-A,210,4200.0
2025-09-15,2025-09-15T00:00:00+09:00,DEV-DRIP,DRIP-B,193,2895.0
2025-09-15,2025-09-15T00:00:00+09:00,DEV-BLEND,BLEND-A,37,7400.0
2025-09-16,2025-09-16T00:00:00+09:00,DEV-LATTE,LATTE-A,147,2940.0
2025-09-16,2025-09-16T00:00:00+09:00,DEV-DRIP,DRIP-B,157,2355.0
2025-09-16,2025-09-16T00:00:00+09:00,DEV-BLEND,BLEND-A,31,6200.0
2025-09-17,2025-09-17T00:00:00+09:00,DEV-LATTE,LATTE-A,145,2900.0
2025-09-17,2025-09-17T00:00:00+09:00,DEV-DRIP,DRIP-B,136,2040.0
2025-09-17,2025-09-17T00:00:00+09:00,DEV-BLEND,BLEND-A,31,6200.0
2025-09-18,2025-09-18T00:00:00+09:00,DEV-LATTE,LATTE-A,159,3180.0
2025-09-18,2025-09-18T00:00:00+09:00,DEV-DRIP,DRIP-B,155,2325.0
2025-09-18,2025-09-18T00:00:00+09:00,DEV-BLEND,BLEND-A,41,8200.0
2025-09-19,2025-09-19T00:00:00+09:00,DEV-LATTE,LATTE-A,187,3740.0
2025-09-19,2025-09-19T00:00:00+09:00,DEV-DRIP,DRIP-B,175,2625.0
2025-09-19,2025-09-19T00:00:00+09:00,DEV-BLEND,BLEND-A,41,8200.0
2025-09-20,2025-09-20T00:00:00+09:00,DEV-LATTE,LATTE-A,352,7040.0
2025-09-20,2025-09-20T00:00:00+09:00,DEV-DRIP,DRIP-B,278,4170.0
2025-09-20,2025-09-20T00:00:00+09:00,DEV-BLEND,BLEND-A,43,8600.0
2025-09-21,2025-09-21T00:00:00+09:00,DEV-LATTE,LATTE-A,180,3600.0
2025-09-21,2025-09-21T00:00:00+09:00,DEV-DRIP,DRIP-B,177,2655.0
2025-09-21,2025-09-21T00:00:00+09:00,DEV-BLEND,BLEND-A,39,7800.0
2025-09-22,2025-09-22T00:00:00+09:00,DEV-LATTE,LATTE-A,169,3380.0
2025-09-22,2025-09-22T00:00:00+09:00,DEV-DRIP,DRIP-B,169,2535.0
2025-09-22,2025-09-22T00:00:00+09:00,DEV-BLEND,BLEND-A,28,5600.0
2025-09-23,2025-09-23T00:00:00+09:00,DEV-LATTE,LATTE-A,195,3900.0
2025-09-23,2025-09-23T00:00:00+09:00,DEV-DRIP,DRIP-B,200,3000.0
2025-09-23,2025-09-23T00:00:00+09:00,DEV-BLEND,BLEND-A,40,8000.0
2025-09-24,2025-09-24T00:00:00+09:00,DEV-LATTE,LATTE-A,164,3280.0
2025-09-24,2025-09-24T00:00:00+09:00,DEV-DRIP,DRIP-B,173,2595.0
2025-09-24,2025-09-24T00:00:00+09:00,DEV-BLEND,BLEND-A,37,7400.0
2025-09-25,2025-09-25T00:00:00+09:00,DEV-LATTE,LATTE-A,163,3260.0
2025-09-25,2025-09-25T00:00:00+09:00,DEV-DRIP,DRIP-B,154,2310.0
2025-09-25,2025-09-25T00:00:00+09:00,DEV-BLEND,BLEND-A,37,7400.0
2025-09-26,2025-09-26T00:00:00+09:00,DEV-LATTE,LATTE-A,197,3940.0
2025-09-26,2025-09-26T00:00:00+09:00,DEV-DRIP,DRIP-B,174,2610.0
2025-09-26,2025-09-26T00:00:00+09:00,DEV-BLEND,BLEND-A,33,6600.0
2025-09-27,2025-09-27T00:00:00+09:00,DEV-LATTE,LATTE-A,220,4400.0
2025-09-27,2025-09-27T00:00:00+09:00,DEV-DRIP,DRIP-B,218,3270.0
2025-09-27,2025-09-27T00:00:00+09:00,DEV-BLEND,BLEND-A,48,9600.0
2025-09-28,2025-09-28T00:00:00+09:00,DEV-LATTE,LATTE-A,189,3780.0
2025-09-28,2025-09-28T00:00:00+09:00,DEV-DRIP,DRIP-B,189,2835.0
2025-09-28,2025-09-28T00:00:00+09:00,DEV-BLEND,BLEND-A,35,7000.0
2025-09-29,2025-09-29T00:00:00+09:00,DEV-LATTE,LATTE-A,127,2540.0
2025-09-29,2025-09-29T00:00:00+09:00,DEV-DRIP,DRIP-B,154,2310.0
2025-09-29,2025-09-29T00:00:00+09:00,DEV-BLEND,BLEND-A,25,5000.0
2025-09-30,2025-09-30T00:00:00+09:00,DEV-LATTE,LATTE-A,141,2820.0
2025-09-30,2025-09-30T00:00:00+09:00,DEV-DRIP,DRIP-B,185,2775.0
2025-09-30,2025-09-30T00:00:00+09:00,DEV-BLEND,BLEND-A,38,7600.0
2025-10-01,2025-10-01T00:00:00+09:00,DEV-LATTE,LATTE-A,194,3880.0
2025-10-01,2025-10-01T00:00:00+09:00,DEV-DRIP,DRIP-B,153,2295.0
2025-10-01,2025-10-01T00:00:00+09:00,DEV-BLEND,BLEND-A,43,8600.0
2025-10-02,2025-10-02T00:00:00+09:00,DEV-LATTE,LATTE-A,204,4080.0
2025-10-02,2025-10-02T00:00:00+09:00,DEV-DRIP,DRIP-B,191,2865.0
2025-10-02,2025-10-02T00:00:00+09:00,DEV-BLEND,BLEND-A,32,6400.0
2025-10-03,2025-10-03T00:00:00+09:00,DEV-LATTE,LATTE-A,195,3900.0
2025-10-03,2025-10-03T00:00:00+09:00,DEV-DRIP,DRIP-B,193,2895.0
2025-10-03,2025-10-03T00:00:00+09:00,DEV-BLEND,BLEND-A,56,11200.0
2025-10-04,2025-10-04T00:00:00+09:00,DEV-LATTE,LATTE-A,244,4880.0
2025-10-04,2025-10-04T00:00:00+09:00,DEV-DRIP,DRIP-B,186,2790.0
2025-10-04,2025-10-04T00:00:00+09:00,DEV-BLEND,BLEND-A,38,7600.0
2025-10-05,2025-10-05T00:00:00+09:00,DEV-LATTE,LATTE-A,202,4040.0
2025-10-05,2025-10-05T00:00:00+09:00,DEV-DRIP,DRIP-B,181,2715.0
2025-10-05,2025-10-05T00:00:00+09:00,DEV-BLEND,BLEND-A,42,8400.0
2025-10-06,2025-10-06T00:00:00+09:00,DEV-LATTE,LATTE-A,151,3020.0
2025-10-06,2025-10-06T00:00:00+09:00,DEV-DRIP,DRIP-B,157,2355.0
2025-10-06,2025-10-06T00:00:00+09:00,DEV-BLEND,BLEND-A,22,4400.0
2025-10-07,2025-10-07T00:00:00+09:00,DEV-LATTE,LATTE-A,149,2980.0
2025-10-07,2025-10-07T00:00:00+09:00,DEV-DRIP,DRIP-B,149,2235.0
2025-10-07,2025-10-07T00:00:00+09:00,DEV-BLEND,BLEND-A,42,8400.0
2025-10-08,2025-10-08T00:00:00+09:00,DEV-LATTE,LATTE-A,161,3220.0
2025-10-08,2025-10-08T00:00:00+09:00,DEV-DRIP,DRIP-B,161,2415.0
2025-10-08,2025-10-08T00:00:00+09:00,DEV-BLEND,BLEND-A,34,6800.0
2025-10-09,2025-10-09T00:00:00+09:00,DEV-LATTE,LATTE-A,161,3220.0
2025-10-09,2025-10-09T00:00:00+09:00,DEV-DRIP,DRIP-B,183,2745.0
2025-10-09,2025-10-09T00:00:00+09:00,DEV-BLEND,BLEND-A,37,7400.0
2025-10-10,2025-10-10T00:00:00+09:00,DEV-LATTE,LATTE-A,200,4000.0
2025-10-10,2025-10-10T00:00:00+09:00,DEV-DRIP,DRIP-B,227,3405.0
2025-10-10,2025-10-10T00:00:00+09:00,DEV-BLEND,BLEND-A,52,10400.0
2025-10-11,2025-10-11T00:00:00+09:00,DEV-LATTE,LATTE-A,212,4240.0
2025-10-11,2025-10-11T00:00:00+09:00,DEV-DRIP,DRIP-B,249,3735.0
2025-10-11,2025-10-11T00:00:00+09:00,DEV-BLEND,BLEND-A,51,10200.0
2025-10-12,2025-10-12T00:00:00+09:00,DEV-LATTE,LATTE-A,196,3920.0
2025-10-12,2025-10-12T00:00:00+09:00,DEV-DRIP,DRIP-B,209,3135.0
2025-10-12,2025-10-12T00:00:00+09:00,DEV-BLEND,BLEND-A,30,6000.0
2025-10-13,2025-10-13T00:00:00+09:00,DEV-LATTE,LATTE-A,211,4220.0
2025-10-13,2025-10-13T00:00:00+09:00,DEV-DRIP,DRIP-B,202,3030.0
2025-10-13,2025-10-13T00:00:00+09:00,DEV-BLEND,BLEND-A,43,8600.0
2025-10-14,2025-10-14T00:00:00+09:00,DEV-LATTE,LATTE-A,168,3360.0
2025-10-14,2025-10-14T00:00:00+09:00,DEV-DRIP,DRIP-B,156,2340.0
2025-10-14,2025-10-14T00:00:00+09:00,DEV-BLEND,BLEND-A,29,5800.0
2025-10-15,2025-10-15T00:00:00+09:00,DEV-LATTE,LATTE-A,171,3420.0
2025-10-15,2025-10-15T00:00:00+09:00,DEV-DRIP,DRIP-B,174,2610.0
2025-10-15,2025-10-15T00:00:00+09:00,DEV-BLEND,BLEND-A,41,8200.0
2025-10-16,2025-10-16T00:00:00+09:00,DEV-LATTE,LATTE-A,209,4180.0
2025-10-16,2025-10-16T00:00:00+09:00,DEV-DRIP,DRIP-B,185,2775.0
2025-10-16,2025-10-16T00:00:00+09:00,DEV-BLEND,BLEND-A,32,6400.0
2025-10-17,2025-10-17T00:00:00+09:00,DEV-LATTE,LATTE-A,205,4100.0
2025-10-17,2025-10-17T00:00:00+09:00,DEV-DRIP,DRIP-B,226,3390.0
2025-10-17,2025-10-17T00:00:00+09:00,DEV-BLEND,BLEND-A,34,6800.0
2025-10-18,2025-10-18T00:00:00+09:00,DEV-LATTE,LATTE-A,226,4520.0
2025-10-18,2025-10-18T00:00:00+09:00,DEV-DRIP,DRIP-B,208,3120.0
2025-10-18,2025-10-18T00:00:00+09:00,DEV-BLEND,BLEND-A,51,10200.0
2025-10-19,2025-10-19T00:00:00+09:00,DEV-LATTE,LATTE-A,207,4140.0
2025-10-19,2025-10-19T00:00:00+09:00,DEV-DRIP,DRIP-B,190,2850.0
2025-10-19,2025-10-19T00:00:00+09:00,DEV-BLEND,BLEND-A,59,11800.0
2025-10-20,2025-10-20T00:00:00+09:00,DEV-LATTE,LATTE-A,159,3180.0
2025-10-20,2025-10-20T00:00:00+09:00,DEV-DRIP,DRIP-B,185,2775.0
2025-10-20,2025-10-20T00:00:00+09:00,DEV-BLEND,BLEND-A,29,5800.0
2025-10-21,2025-10-21T00:00:00+09:00,DEV-LATTE,LATTE-A,176,3520.0
2025-10-21,2025-10-21T00:00:00+09:00,DEV-DRIP,DRIP-B,162,2430.0
2025-10-21,2025-10-21T00:00:00+09:00,DEV-BLEND,BLEND-A,40,8000.0
2025-10-22,2025-10-22T00:00:00+09:00,DEV-LATTE,LATTE-A,168,3360.0
2025-10-22,2025-10-22T00:00:00+09:00,DEV-DRIP,DRIP-B,172,2580.0
2025-10-22,2025-10-22T00:00:00+09:00,DEV-BLEND,BLEND-A,37,7400.0
2025-10-23,2025-10-23T00:00:00+09:00,DEV-LATTE,LATTE-A,167,3340.0
2025-10-23,2025-10-23T00:00:00+09:00,DEV-DRIP,DRIP-B,200,3000.0
2025-10-23,2025-10-23T00:00:00+09:00,DEV-BLEND,BLEND-A,45,9000.0
2025-10-24,2025-10-24T00:00:00+09:00,DEV-LATTE,LATTE-A,218,4360.0
2025-10-24,2025-10-24T00:00:00+09:00,DEV-DRIP,DRIP-B,212,3180.0
2025-10-24,2025-10-24T00:00:00+09:00,DEV-BLEND,BLEND-A,21,4200.0
2025-10-25,2025-10-25T00:00:00+09:00,DEV-LATTE,LATTE-A,231,4620.0
2025-10-25,2025-10-25T00:00:00+09:00,DEV-DRIP,DRIP-B,244,3660.0
2025-10-25,2025-10-25T00:00:00+09:00,DEV-BLEND,BLEND-A,35,7000.0
2025-10-26,2025-10-26T00:00:00+09:00,DEV-LATTE,LATTE-A,176,3520.0
2025-10-26,2025-10-26T00:00:00+09:00,DEV-DRIP,DRIP-B,199,2985.0
2025-10-26,2025-10-26T00:00:00+09:00,DEV-BLEND,BLEND-A,41,8200.0
2025-10-27,2025-10-27T00:00:00+09:00,DEV-LATTE,LATTE-A,181,3620.0
2025-10-27,2025-10-27T00:00:00+09:00,DEV-DRIP,DRIP-B,187,2805.0
2025-10-27,2025-10-27T00:00:00+09:00,DEV-BLEND,BLEND-A,38,7600.0
2025-10-28,2025-10-28T00:00:00+09:00,DEV-LATTE,LATTE-A,175,3500.0
2025-10-28,2025-10-28T00:00:00+09:00,DEV-DRIP,DRIP-B,176,2640.0
2025-10-28,2025-10-28T00:00:00+09:00,DEV-BLEND,BLEND-A,19,3800.0
2025-10-29,2025-10-29T00:00:00+09:00,DEV-LATTE,LATTE-A,203,4060.0
2025-10-29,2025-10-29T00:00:00+09:00,DEV-DRIP,DRIP-B,168,2520.0
2025-10-29,2025-10-29T00:00:00+09:00,DEV-BLEND,BLEND-A,31,6200.0
2025-10-30,2025-10-30T00:00:00+09:00,DEV-LATTE,LATTE-A,188,3760.0
2025-10-30,2025-10-30T00:00:00+09:00,DEV-DRIP,DRIP-B,196,2940.0
2025-10-30,2025-10-30T00:00:00+09:00,DEV-BLEND,BLEND-A,31,6200.0
2025-10-31,2025-10-31T00:00:00+09:00,DEV-LATTE,LATTE-A,228,4560.0
2025-10-31,2025-10-31T00:00:00+09:00,DEV-DRIP,DRIP-B,223,3345.0
2025-10-31,2025-10-31T00:00:00+09:00,DEV-BLEND,BLEND-A,42,8400.0
2025-11-01,2025-11-01T00:00:00+09:00,DEV-LATTE,LATTE-A,257,5140.0
2025-11-01,2025-11-01T00:00:00+09:00,DEV-DRIP,DRIP-B,257,3855.0
2025-11-01,2025-11-01T00:00:00+09:00,DEV-BLEND,BLEND-A,38,7600.0
2025-11-02,2025-11-02T00:00:00+09:00,DEV-LATTE,LATTE-A,222,4440.0
2025-11-02,2025-11-02T00:00:00+09:00,DEV-DRIP,DRIP-B,201,3015.0
2025-11-02,2025-11-02T00:00:00+09:00,DEV-BLEND,BLEND-A,40,8000.0
2025-11-03,2025-11-03T00:00:00+09:00,DEV-LATTE,LATTE-A,201,4020.0
2025-11-03,2025-11-03T00:00:00+09:00,DEV-DRIP,DRIP-B,245,3675.0
2025-11-03,2025-11-03T00:00:00+09:00,DEV-BLEND,BLEND-A,51,10200.0
2025-11-04,2025-11-04T00:00:00+09:00,DEV-LATTE,LATTE-A,179,3580.0
2025-11-04,2025-11-04T00:00:00+09:00,DEV-DRIP,DRIP-B,172,2580.0
2025-11-04,2025-11-04T00:00:00+09:00,DEV-BLEND,BLEND-A,28,5600.0
2025-11-05,2025-11-05T00:00:00+09:00,DEV-LATTE,LATTE-A,209,4180.0
2025-11-05,2025-11-05T00:00:00+09:00,DEV-DRIP,DRIP-B,171,2565.0
2025-11-05,2025-11-05T00:00:00+09:00,DEV-BLEND,BLEND-A,44,8800.0
2025-11-06,2025-11-06T00:00:00+09:00,DEV-LATTE,LATTE-A,185,3700.0
2025-11-06,2025-11-06T00:00:00+09:00,DEV-DRIP,DRIP-B,148,2220.0
2025-11-06,2025-11-06T00:00:00+09:00,DEV-BLEND,BLEND-A,38,7600.0
2025-11-07,2025-11-07T00:00:00+09:00,DEV-LATTE,LATTE-A,251,5020.0
2025-11-07,2025-11-07T00:00:00+09:00,DEV-DRIP,DRIP-B,221,3315.0
2025-11-07,2025-11-07T00:00:00+09:00,DEV-BLEND,BLEND-A,48,9600.0
2025-11-08,2025-11-08T00:00:00+09:00,DEV-LATTE,LATTE-A,229,4580.0
2025-11-08,2025-11-08T00:00:00+09:00,DEV-DRIP,DRIP-B,253,3795.0
2025-11-08,2025-11-08T00:00:00+09:00,DEV-BLEND,BLEND-A,56,11200.0
2025-11-09,2025-11-09T00:00:00+09:00,DEV-LATTE,LATTE-A,212,4240.0
2025-11-09,2025-11-09T00:00:00+09:00,DEV-DRIP,DRIP-B,179,2685.0
2025-11-09,2025-11-09T00:00:00+09:00,DEV-BLEND,BLEND-A,39,7800.0
2025-11-10,2025-11-10T00:00:00+09:00,DEV-LATTE,LATTE-A,169,3380.0
2025-11-10,2025-11-10T00:00:00+09:00,DEV-DRIP,DRIP-B,206,3090.0
2025-11-10,2025-11-10T00:00:00+09:00,DEV-BLEND,BLEND-A,38,7600.0
2025-11-11,2025-11-11T00:00:00+09:00,DEV-LATTE,LATTE-A,170,3400.0
2025-11-11,2025-11-11T00:00:00+09:00,DEV-DRIP,DRIP-B,182,2730.0
2025-11-11,2025-11-11T00:00:00+09:00,DEV-BLEND,BLEND-A,36,7200.0
2025-11-12,2025-11-12T00:00:00+09:00,DEV-LATTE,LATTE-A,202,4040.0
2025-11-12,2025-11-12T00:00:00+09:00,DEV-DRIP,DRIP-B,186,2790.0
2025-11-12,2025-11-12T00:00:00+09:00,DEV-BLEND,BLEND-A,31,6200.0
2025-11-13,2025-11-13T00:00:00+09:00,DEV-LATTE,LATTE-A,232,4640.0
2025-11-13,2025-11-13T00:00:00+09:00,DEV-DRIP,DRIP-B,222,3330.0
2025-11-13,2025-11-13T00:00:00+09:00,DEV-BLEND,BLEND-A,34,6800.0
2025-11-14,2025-11-14T00:00:00+09:00,DEV-LATTE,LATTE-A,247,4940.0
2025-11-14,2025-11-14T00:00:00+09:00,DEV-DRIP,DRIP-B,211,3165.0
2025-11-14,2025-11-14T00:00:00+09:00,DEV-BLEND,BLEND-A,35,7000.0
2025-11-15,2025-11-15T00:00:00+09:00,DEV-LATTE,LATTE-A,237,4740.0
2025-11-15,2025-11-15T00:00:00+09:00,DEV-DRIP,DRIP-B,246,3690.0
2025-11-15,2025-11-15T00:00:00+09:00,DEV-BLEND,BLEND-A,44,8800.0
2025-11-16,2025-11-16T00:00:00+09:00,DEV-LATTE,LATTE-A,223,4460.0
2025-11-16,2025-11-16T00:00:00+09:00,DEV-DRIP,DRIP-B,215,3225.0
2025-11-16,2025-11-16T00:00:00+09:00,DEV-BLEND,BLEND-A,42,8400.0
2025-11-17,2025-11-17T00:00:00+09:00,DEV-LATTE,LATTE-A,190,3800.0
2025-11-17,2025-11-17T00:00:00+09:00,DEV-DRIP,DRIP-B,208,3120.0
2025-11-17,2025-11-17T00:00:00+09:00,DEV-BLEND,BLEND-A,31,6200.0
2025-11-18,2025-11-18T00:00:00+09:00,DEV-LATTE,LATTE-A,185,3700.0
2025-11-18,2025-11-18T00:00:00+09:00,DEV-DRIP,DRIP-B,199,2985.0
2025-11-18,2025-11-18T00:00:00+09:00,DEV-BLEND,BLEND-A,38,7600.0
2025-11-19,2025-11-19T00:00:00+09:00,DEV-LATTE,LATTE-A,202,4040.0
2025-11-19,2025-11-19T00:00:00+09:00,DEV-DRIP,DRIP-B,197,2955.0
2025-11-19,2025-11-19T00:00:00+09:00,DEV-BLEND,BLEND-A,40,8000.0
2025-11-20,2025-11-20T00:00:00+09:00,DEV-LATTE,LATTE-A,229,4580.0
2025-11-20,2025-11-20T00:00:00+09:00,DEV-DRIP,DRIP-B,189,2835.0
2025-11-20,2025-11-20T00:00:00+09:00,DEV-BLEND,BLEND-A,35,7000.0
2025-11-21,2025-11-21T00:00:00+09:00,DEV-LATTE,LATTE-A,265,5300.0
2025-11-21,2025-11-21T00:00:00+09:00,DEV-DRIP,DRIP-B,252,3780.0
2025-11-21,2025-11-21T00:00:00+09:00,DEV-BLEND,BLEND-A,44,8800.0
2025-11-22,2025-11-22T00:00:00+09:00,DEV-LATTE,LATTE-A,263,5260.0
2025-11-22,2025-11-22T00:00:00+09:00,DEV-DRIP,DRIP-B,235,3525.0
2025-11-22,2025-11-22T00:00:00+09:00,DEV-BLEND,BLEND-A,42,8400.0
2025-11-23,2025-11-23T00:00:00+09:00,DEV-LATTE,LATTE-A,253,5060.0
2025-11-23,2025-11-23T00:00:00+09:00,DEV-DRIP,DRIP-B,213,3195.0
2025-11-23,2025-11-23T00:00:00+09:00,DEV-BLEND,BLEND-A,44,8800.0
2025-11-24,2025-11-24T00:00:00+09:00,DEV-LATTE,LATTE-A,226,4520.0
2025-11-24,2025-11-24T00:00:00+09:00,DEV-DRIP,DRIP-B,179,2685.0
2025-11-24,2025-11-24T00:00:00+09:00,DEV-BLEND,BLEND-A,37,7400.0
2025-11-25,2025-11-25T00:00:00+09:00,DEV-LATTE,LATTE-A,188,3760.0
2025-11-25,2025-11-25T00:00:00+09:00,DEV-DRIP,DRIP-B,185,2775.0
2025-11-25,2025-11-25T00:00:00+09:00,DEV-BLEND,BLEND-A,35,7000.0
2025-11-26,2025-11-26T00:00:00+09:00,DEV-LATTE,LATTE-A,198,3960.0
2025-11-26,2025-11-26T00:00:00+09:00,DEV-DRIP,DRIP-B,200,3000.0
2025-11-26,2025-11-26T00:00:00+09:00,DEV-BLEND,BLEND-A,38,7600.0
2025-11-27,2025-11-27T00:00:00+09:00,DEV-LATTE,LATTE-A,212,4240.0
2025-11-27,2025-11-27T00:00:00+09:00,DEV-DRIP,DRIP-B,219,3285.0
2025-11-27,2025-11-27T00:00:00+09:00,DEV-BLEND,BLEND-A,36,7200.0
2025-11-28,2025-11-28T00:00:00+09:00,DEV-LATTE,LATTE-A,242,4840.0
2025-11-28,2025-11-28T00:00:00+09:00,DEV-DRIP,DRIP-B,235,3525.0
2025-11-28,2025-11-28T00:00:00+09:00,DEV-BLEND,BLEND-A,50,10000.0
2025-11-29,2025-11-29T00:00:00+09:00,DEV-LATTE,LATTE-A,268,5360.0
2025-11-29,2025-11-29T00:00:00+09:00,DEV-DRIP,DRIP-B,240,3600.0
2025-11-29,2025-11-29T00:00:00+09:00,DEV-BLEND,BLEND-A,44,8800.0
2025-11-30,2025-11-30T00:00:00+09:00,DEV-LATTE,LATTE-A,217,4340.0
2025-11-30,2025-11-30T00:00:00+09:00,DEV-DRIP,DRIP-B,179,2685.0
2025-11-30,2025-11-30T00:00:00+09:00,DEV-BLEND,BLEND-A,41,8200.0
2025-12-01,2025-12-01T00:00:00+09:00,DEV-LATTE,LATTE-A,233,4660.0
2025-12-01,2025-12-01T00:00:00+09:00,DEV-DRIP,DRIP-B,219,3285.0
2025-12-01,2025-12-01T00:00:00+09:00,DEV-BLEND,BLEND-A,18,3600.0
2025-12-02,2025-12-02T00:00:00+09:00,DEV-LATTE,LATTE-A,221,4420.0
2025-12-02,2025-12-02T00:00:00+09:00,DEV-DRIP,DRIP-B,208,3120.0
2025-12-02,2025-12-02T00:00:00+09:00,DEV-BLEND,BLEND-A,39,7800.0
2025-12-03,2025-12-03T00:00:00+09:00,DEV-LATTE,LATTE-A,228,4560.0
2025-12-03,2025-12-03T00:00:00+09:00,DEV-DRIP,DRIP-B,200,3000.0
2025-12-03,2025-12-03T00:00:00+09:00,DEV-BLEND,BLEND-A,31,6200.0
2025-12-04,2025-12-04T00:00:00+09:00,DEV-LATTE,LATTE-A,198,3960.0
2025-12-04,2025-12-04T00:00:00+09:00,DEV-DRIP,DRIP-B,217,3255.0
2025-12-04,2025-12-04T00:00:00+09:00,DEV-BLEND,BLEND-A,40,8000.0
2025-12-05,2025-12-05T00:00:00+09:00,DEV-LATTE,LATTE-A,243,4860.0
2025-12-05,2025-12-05T00:00:00+09:00,DEV-DRIP,DRIP-B,268,4020.0
2025-12-05,2025-12-05T00:00:00+09:00,DEV-BLEND,BLEND-A,32,6400.0
2025-12-06,2025-12-06T00:00:00+09:00,DEV-LATTE,LATTE-A,286,5720.0
2025-12-06,2025-12-06T00:00:00+09:00,DEV-DRIP,DRIP-B,271,4065.0
2025-12-06,2025-12-06T00:00:00+09:00,DEV-BLEND,BLEND-A,40,8000.0
2025-12-07,2025-12-07T00:00:00+09:00,DEV-LATTE,LATTE-A,228,4560.0
2025-12-07,2025-12-07T00:00:00+09:00,DEV-DRIP,DRIP-B,202,3030.0
2025-12-07,2025-12-07T00:00:00+09:00,DEV-BLEND,BLEND-A,41,8200.0
2025-12-08,2025-12-08T00:00:00+09:00,DEV-LATTE,LATTE-A,212,4240.0
2025-12-08,2025-12-08T00:00:00+09:00,DEV-DRIP,DRIP-B,211,3165.0
2025-12-08,2025-12-08T00:00:00+09:00,DEV-BLEND,BLEND-A,35,7000.0
2025-12-09,2025-12-09T00:00:00+09:00,DEV-LATTE,LATTE-A,210,4200.0
2025-12-09,2025-12-09T00:00:00+09:00,DEV-DRIP,DRIP-B,206,3090.0
2025-12-09,2025-12-09T00:00:00+09:00,DEV-BLEND,BLEND-A,29,5800.0
2025-12-10,2025-12-10T00:00:00+09:00,DEV-LATTE,LATTE-A,222,4440.0
2025-12-10,2025-12-10T00:00:00+09:00,DEV-DRIP,DRIP-B,210,3150.0
2025-12-10,2025-12-10T00:00:00+09:00,DEV-BLEND,BLEND-A,34,6800.0
2025-12-11,2025-12-11T00:00:00+09:00,DEV-LATTE,LATTE-A,202,4040.0
2025-12-11,2025-12-11T00:00:00+09:00,DEV-DRIP,DRIP-B,217,3255.0
2025-12-11,2025-12-11T00:00:00+09:00,DEV-BLEND,BLEND-A,43,8600.0
2025-12-12,2025-12-12T00:00:00+09:00,DEV-LATTE,LATTE-A,234,4680.0
2025-12-12,2025-12-12T00:00:00+09:00,DEV-DRIP,DRIP-B,240,3600.0
2025-12-12,2025-12-12T00:00:00+09:00,DEV-BLEND,BLEND-A,43,8600.0
2025-12-13,2025-12-13T00:00:00+09:00,DEV-LATTE,LATTE-A,388,7760.0
2025-12-13,2025-12-13T00:00:00+09:00,DEV-DRIP,DRIP-B,330,4950.0
2025-12-13,2025-12-13T00:00:00+09:00,DEV-BLEND,BLEND-A,41,8200.0
2025-12-14,2025-12-14T00:00:00+09:00,DEV-LATTE,LATTE-A,227,4540.0
2025-12-14,2025-12-14T00:00:00+09:00,DEV-DRIP,DRIP-B,225,3375.0
2025-12-14,2025-12-14T00:00:00+09:00,DEV-BLEND,BLEND-A,35,7000.0
2025-12-15,2025-12-15T00:00:00+09:00,DEV-LATTE,LATTE-A,229,4580.0
2025-12-15,2025-12-15T00:00:00+09:00,DEV-DRIP,DRIP-B,191,2865.0
2025-12-15,2025-12-15T00:00:00+09:00,DEV-BLEND,BLEND-A,43,8600.0
2025-12-16,2025-12-16T00:00:00+09:00,DEV-LATTE,LATTE-A,198,3960.0
2025-12-16,2025-12-16T00:00:00+09:00,DEV-DRIP,DRIP-B,188,2820.0
2025-12-16,2025-12-16T00:00:00+09:00,DEV-BLEND,BLEND-A,43,8600.0
2025-12-17,2025-12-17T00:00:00+09:00,DEV-LATTE,LATTE-A,202,4040.0
2025-12-17,2025-12-17T00:00:00+09:00,DEV-DRIP,DRIP-B,192,2880.0
2025-12-17,2025-12-17T00:00:00+09:00,DEV-BLEND,BLEND-A,33,6600.0
2025-12-18,2025-12-18T00:00:00+09:00,DEV-LATTE,LATTE-A,193,3860.0
2025-12-18,2025-12-18T00:00:00+09:00,DEV-DRIP,DRIP-B,213,3195.0
2025-12-18,2025-12-18T00:00:00+09:00,DEV-BLEND,BLEND-A,37,7400.0
2025-12-19,2025-12-19T00:00:00+09:00,DEV-LATTE,LATTE-A,250,5000.0
2025-12-19,2025-12-19T00:00:00+09:00,DEV-DRIP,DRIP-B,235,3525.0
2025-12-19,2025-12-19T00:00:00+09:00,DEV-BLEND,BLEND-A,37,7400.0
2025-12-20,2025-12-20T00:00:00+09:00,DEV-LATTE,LATTE-A,301,6020.0
2025-12-20,2025-12-20T00:00:00+09:00,DEV-DRIP,DRIP-B,261,3915.0
2025-12-20,2025-12-20T00:00:00+09:00,DEV-BLEND,BLEND-A,43,8600.0
2025-12-21,2025-12-21T00:00:00+09:00,DEV-LATTE,LATTE-A,220,4400.0
2025-12-21,2025-12-21T00:00:00+09:00,DEV-DRIP,DRIP-B,228,3420.0
2025-12-21,2025-12-21T00:00:00+09:00,DEV-BLEND,BLEND-A,31,6200.0
2025-12-22,2025-12-22T00:00:00+09:00,DEV-LATTE,LATTE-A,207,4140.0
2025-12-22,2025-12-22T00:00:00+09:00,DEV-DRIP,DRIP-B,189,2835.0
2025-12-22,2025-12-22T00:00:00+09:00,DEV-BLEND,BLEND-A,36,7200.0
2025-12-23,2025-12-23T00:00:00+09:00,DEV-LATTE,LATTE-A,226,4520.0
2025-12-23,2025-12-23T00:00:00+09:00,DEV-DRIP,DRIP-B,202,3030.0
2025-12-23,2025-12-23T00:00:00+09:00,DEV-BLEND,BLEND-A,44,8800.0
2025-12-24,2025-12-24T00:00:00+09:00,DEV-LATTE,LATTE-A,213,4260.0
2025-12-24,2025-12-24T00:00:00+09:00,DEV-DRIP,DRIP-B,188,2820.0
2025-12-24,2025-12-24T00:00:00+09:00,DEV-BLEND,BLEND-A,34,6800.0
2025-12-25,2025-12-25T00:00:00+09:00,DEV-LATTE,LATTE-A,211,4220.0
2025-12-25,2025-12-25T00:00:00+09:00,DEV-DRIP,DRIP-B,193,2895.0
2025-12-25,2025-12-25T00:00:00+09:00,DEV-BLEND,BLEND-A,32,6400.0
2025-12-26,2025-12-26T00:00:00+09:00,DEV-LATTE,LATTE-A,303,6060.0
2025-12-26,2025-12-26T00:00:00+09:00,DEV-DRIP,DRIP-B,229,3435.0
2025-12-26,2025-12-26T00:00:00+09:00,DEV-BLEND,BLEND-A,52,10400.0
2025-12-27,2025-12-27T00:00:00+09:00,DEV-LATTE,LATTE-A,329,6580.0
2025-12-27,2025-12-27T00:00:00+09:00,DEV-DRIP,DRIP-B,226,3390.0
2025-12-27,2025-12-27T00:00:00+09:00,DEV-BLEND,BLEND-A,54,10800.0
2025-12-28,2025-12-28T00:00:00+09:00,DEV-LATTE,LATTE-A,238,4760.0
2025-12-28,2025-12-28T00:00:00+09:00,DEV-DRIP,DRIP-B,231,3465.0
2025-12-28,2025-12-28T00:00:00+09:00,DEV-BLEND,BLEND-A,28,5600.0
2025-12-29,2025-12-29T00:00:00+09:00,DEV-LATTE,LATTE-A,224,4480.0
2025-12-29,2025-12-29T00:00:00+09:00,DEV-DRIP,DRIP-B,183,2745.0
2025-12-29,2025-12-29T00:00:00+09:00,DEV-BLEND,BLEND-A,35,7000.0
2025-12-30,2025-12-30T00:00:00+09:00,DEV-LATTE,LATTE-A,217,4340.0
2025-12-30,2025-12-30T00:00:00+09:00,DEV-DRIP,DRIP-B,188,2820.0
2025-12-30,2025-12-30T00:00:00+09:00,DEV-BLEND,BLEND-A,28,5600.0
2025-12-31,2025-12-31T00:00:00+09:00,DEV-LATTE,LATTE-A,228,4560.0
2025-12-31,2025-12-31T00:00:00+09:00,DEV-DRIP,DRIP-B,187,2805.0
2025-12-31,2025-12-31T00:00:00+09:00,DEV-BLEND,BLEND-A,41,8200.0
2026-01-01,2026-01-01T00:00:00+09:00,DEV-LATTE,LATTE-A,268,5360.0
2026-01-01,2026-01-01T00:00:00+09:00,DEV-DRIP,DRIP-B,243,3645.0
2026-01-01,2026-01-01T00:00:00+09:00,DEV-BLEND,BLEND-A,61,12200.0
2026-01-02,2026-01-02T00:00:00+09:00,DEV-LATTE,LATTE-A,277,5540.0
2026-01-02,2026-01-02T00:00:00+09:00,DEV-DRIP,DRIP-B,245,3675.0
2026-01-02,2026-01-02T00:00:00+09:00,DEV-BLEND,BLEND-A,49,9800.0
2026-01-03,2026-01-03T00:00:00+09:00,DEV-LATTE,LATTE-A,281,5620.0
2026-01-03,2026-01-03T00:00:00+09:00,DEV-DRIP,DRIP-B,239,3585.0
2026-01-03,2026-01-03T00:00:00+09:00,DEV-BLEND,BLEND-A,55,11000.0
2026-01-04,2026-01-04T00:00:00+09:00,DEV-LATTE,LATTE-A,232,4640.0
2026-01-04,2026-01-04T00:00:00+09:00,DEV-DRIP,DRIP-B,229,3435.0
2026-01-04,2026-01-04T00:00:00+09:00,DEV-BLEND,BLEND-A,39,7800.0
2026-01-05,2026-01-05T00:00:00+09:00,DEV-LATTE,LATTE-A,206,4120.0
2026-01-05,2026-01-05T00:00:00+09:00,DEV-DRIP,DRIP-B,196,2940.0
2026-01-05,2026-01-05T00:00:00+09:00,DEV-BLEND,BLEND-A,29,5800.0
2026-01-06,2026-01-06T00:00:00+09:00,DEV-LATTE,LATTE-A,201,4020.0
2026-01-06,2026-01-06T00:00:00+09:00,DEV-DRIP,DRIP-B,186,2790.0
2026-01-06,2026-01-06T00:00:00+09:00,DEV-BLEND,BLEND-A,43,8600.0
2026-01-07,2026-01-07T00:00:00+09:00,DEV-LATTE,LATTE-A,206,4120.0
2026-01-07,2026-01-07T00:00:00+09:00,DEV-DRIP,DRIP-B,216,3240.0
2026-01-07,2026-01-07T00:00:00+09:00,DEV-BLEND,BLEND-A,39,7800.0
2026-01-08,2026-01-08T00:00:00+09:00,DEV-LATTE,LATTE-A,235,4700.0
2026-01-08,2026-01-08T00:00:00+09:00,DEV-DRIP,DRIP-B,223,3345.0
2026-01-08,2026-01-08T00:00:00+09:00,DEV-BLEND,BLEND-A,38,7600.0
2026-01-09,2026-01-09T00:00:00+09:00,DEV-LATTE,LATTE-A,245,4900.0
2026-01-09,2026-01-09T00:00:00+09:00,DEV-DRIP,DRIP-B,239,3585.0
2026-01-09,2026-01-09T00:00:00+09:00,DEV-BLEND,BLEND-A,53,10600.0
2026-01-10,2026-01-10T00:00:00+09:00,DEV-LATTE,LATTE-A,300,6000.0
2026-01-10,2026-01-10T00:00:00+09:00,DEV-DRIP,DRIP-B,285,4275.0
2026-01-10,2026-01-10T00:00:00+09:00,DEV-BLEND,BLEND-A,38,7600.0
2026-01-11,2026-01-11T00:00:00+09:00,DEV-LATTE,LATTE-A,236,4720.0
2026-01-11,2026-01-11T00:00:00+09:00,DEV-DRIP,DRIP-B,225,3375.0
2026-01-11,2026-01-11T00:00:00+09:00,DEV-BLEND,BLEND-A,36,7200.0
2026-01-12,2026-01-12T00:00:00+09:00,DEV-LATTE,LATTE-A,248,4960.0
2026-01-12,2026-01-12T00:00:00+09:00,DEV-DRIP,DRIP-B,212,3180.0
2026-01-12,2026-01-12T00:00:00+09:00,DEV-BLEND,BLEND-A,55,11000.0
2026-01-13,2026-01-13T00:00:00+09:00,DEV-LATTE,LATTE-A,197,3940.0
2026-01-13,2026-01-13T00:00:00+09:00,DEV-DRIP,DRIP-B,188,2820.0
2026-01-13,2026-01-13T00:00:00+09:00,DEV-BLEND,BLEND-A,30,6000.0
2026-01-14,2026-01-14T00:00:00+09:00,DEV-LATTE,LATTE-A,226,4520.0
2026-01-14,2026-01-14T00:00:00+09:00,DEV-DRIP,DRIP-B,186,2790.0
2026-01-14,2026-01-14T00:00:00+09:00,DEV-BLEND,BLEND-A,38,7600.0
2026-01-15,2026-01-15T00:00:00+09:00,DEV-LATTE,LATTE-A,201,4020.0
2026-01-15,2026-01-15T00:00:00+09:00,DEV-DRIP,DRIP-B,236,3540.0
2026-01-15,2026-01-15T00:00:00+09:00,DEV-BLEND,BLEND-A,31,6200.0
2026-01-16,2026-01-16T00:00:00+09:00,DEV-LATTE,LATTE-A,254,5080.0
2026-01-16,2026-01-16T00:00:00+09:00,DEV-DRIP,DRIP-B,225,3375.0
2026-01-16,2026-01-16T00:00:00+09:00,DEV-BLEND,BLEND-A,31,6200.0
2026-01-17,2026-01-17T00:00:00+09:00,DEV-LATTE,LATTE-A,275,5500.0
2026-01-17,2026-01-17T00:00:00+09:00,DEV-DRIP,DRIP-B,252,3780.0
2026-01-17,2026-01-17T00:00:00+09:00,DEV-BLEND,BLEND-A,42,8400.0
2026-01-18,2026-01-18T00:00:00+09:00,DEV-LATTE,LATTE-A,252,5040.0
2026-01-18,2026-01-18T00:00:00+09:00,DEV-DRIP,DRIP-B,232,3480.0
2026-01-18,2026-01-18T00:00:00+09:00,DEV-BLEND,BLEND-A,46,9200.0
2026-01-19,2026-01-19T00:00:00+09:00,DEV-LATTE,LATTE-A,246,4920.0
2026-01-19,2026-01-19T00:00:00+09:00,DEV-DRIP,DRIP-B,199,2985.0
2026-01-19,2026-01-19T00:00:00+09:00,DEV-BLEND,BLEND-A,37,7400.0
2026-01-20,2026-01-20T00:00:00+09:00,DEV-LATTE,LATTE-A,222,4440.0
2026-01-20,2026-01-20T00:00:00+09:00,DEV-DRIP,DRIP-B,185,2775.0
2026-01-20,2026-01-20T00:00:00+09:00,DEV-BLEND,BLEND-A,37,7400.0
2026-01-21,2026-01-21T00:00:00+09:00,DEV-LATTE,LATTE-A,257,5140.0
2026-01-21,2026-01-21T00:00:00+09:00,DEV-DRIP,DRIP-B,181,2715.0
2026-01-21,2026-01-21T00:00:00+09:00,DEV-BLEND,BLEND-A,43,8600.0
2026-01-22,2026-01-22T00:00:00+09:00,DEV-LATTE,LATTE-A,224,4480.0
2026-01-22,2026-01-22T00:00:00+09:00,DEV-DRIP,DRIP-B,185,2775.0
2026-01-22,2026-01-22T00:00:00+09:00,DEV-BLEND,BLEND-A,40,8000.0
2026-01-23,2026-01-23T00:00:00+09:00,DEV-LATTE,LATTE-A,252,5040.0
2026-01-23,2026-01-23T00:00:00+09:00,DEV-DRIP,DRIP-B,221,3315.0
2026-01-23,2026-01-23T00:00:00+09:00,DEV-BLEND,BLEND-A,31,6200.0
2026-01-24,2026-01-24T00:00:00+09:00,DEV-LATTE,LATTE-A,302,6040.0
2026-01-24,2026-01-24T00:00:00+09:00,DEV-DRIP,DRIP-B,269,4035.0
2026-01-24,2026-01-24T00:00:00+09:00,DEV-BLEND,BLEND-A,67,13400.0
2026-01-25,2026-01-25T00:00:00+09:00,DEV-LATTE,LATTE-A,209,4180.0
2026-01-25,2026-01-25T00:00:00+09:00,DEV-DRIP,DRIP-B,245,3675.0
2026-01-25,2026-01-25T00:00:00+09:00,DEV-BLEND,BLEND-A,37,7400.0
2026-01-26,2026-01-26T00:00:00+09:00,DEV-LATTE,LATTE-A,235,4700.0
2026-01-26,2026-01-26T00:00:00+09:00,DEV-DRIP,DRIP-B,214,3210.0
2026-01-26,2026-01-26T00:00:00+09:00,DEV-BLEND,BLEND-A,39,7800.0
2026-01-27,2026-01-27T00:00:00+09:00,DEV-LATTE,LATTE-A,193,3860.0
2026-01-27,2026-01-27T00:00:00+09:00,DEV-DRIP,DRIP-B,197,2955.0
2026-01-27,2026-01-27T00:00:00+09:00,DEV-BLEND,BLEND-A,43,8600.0
2026-01-28,2026-01-28T00:00:00+09:00,DEV-LATTE,LATTE-A,250,5000.0
2026-01-28,2026-01-28T00:00:00+09:00,DEV-DRIP,DRIP-B,189,2835.0
2026-01-28,2026-01-28T00:00:00+09:00,DEV-BLEND,BLEND-A,30,6000.0
2026-01-29,2026-01-29T00:00:00+09:00,DEV-LATTE,LATTE-A,246,4920.0
2026-01-29,2026-01-29T00:00:00+09:00,DEV-DRIP,DRIP-B,209,3135.0
2026-01-29,2026-01-29T00:00:00+09:00,DEV-BLEND,BLEND-A,44,8800.0
2026-01-30,2026-01-30T00:00:00+09:00,DEV-LATTE,LATTE-A,315,6300.0
2026-01-30,2026-01-30T00:00:00+09:00,DEV-DRIP,DRIP-B,233,3495.0
2026-01-30,2026-01-30T00:00:00+09:00,DEV-BLEND,BLEND-A,46,9200.0
2026-01-31,2026-01-31T00:00:00+09:00,DEV-LATTE,LATTE-A,280,5600.0
2026-01-31,2026-01-31T00:00:00+09:00,DEV-DRIP,DRIP-B,280,4200.0
2026-01-31,2026-01-31T00:00:00+09:00,DEV-BLEND,BLEND-A,45,9000.0
2026-02-01,2026-02-01T00:00:00+09:00,DEV-LATTE,LATTE-A,263,5260.0
2026-02-01,2026-02-01T00:00:00+09:00,DEV-DRIP,DRIP-B,211,3165.0
2026-02-01,2026-02-01T00:00:00+09:00,DEV-BLEND,BLEND-A,42,8400.0
2026-02-02,2026-02-02T00:00:00+09:00,DEV-LATTE,LATTE-A,241,4820.0
2026-02-02,2026-02-02T00:00:00+09:00,DEV-DRIP,DRIP-B,183,2745.0
2026-02-02,2026-02-02T00:00:00+09:00,DEV-BLEND,BLEND-A,23,4600.0
2026-02-03,2026-02-03T00:00:00+09:00,DEV-LATTE,LATTE-A,225,4500.0
2026-02-03,2026-02-03T00:00:00+09:00,DEV-DRIP,DRIP-B,161,2415.0
2026-02-03,2026-02-03T00:00:00+09:00,DEV-BLEND,BLEND-A,33,6600.0
2026-02-04,2026-02-04T00:00:00+09:00,DEV-LATTE,LATTE-A,234,4680.0
2026-02-04,2026-02-04T00:00:00+09:00,DEV-DRIP,DRIP-B,207,3105.0
2026-02-04,2026-02-04T00:00:00+09:00,DEV-BLEND,BLEND-A,38,7600.0
2026-02-05,2026-02-05T00:00:00+09:00,DEV-LATTE,LATTE-A,245,4900.0
2026-02-05,2026-02-05T00:00:00+09:00,DEV-DRIP,DRIP-B,205,3075.0
2026-02-05,2026-02-05T00:00:00+09:00,DEV-BLEND,BLEND-A,34,6800.0
2026-02-06,2026-02-06T00:00:00+09:00,DEV-LATTE,LATTE-A,282,5640.0
2026-02-06,2026-02-06T00:00:00+09:00,DEV-DRIP,DRIP-B,240,3600.0
2026-02-06,2026-02-06T00:00:00+09:00,DEV-BLEND,BLEND-A,37,7400.0
2026-02-07,2026-02-07T00:00:00+09:00,DEV-LATTE,LATTE-A,299,5980.0
2026-02-07,2026-02-07T00:00:00+09:00,DEV-DRIP,DRIP-B,239,3585.0
2026-02-07,2026-02-07T00:00:00+09:00,DEV-BLEND,BLEND-A,50,10000.0
2026-02-08,2026-02-08T00:00:00+09:00,DEV-LATTE,LATTE-A,239,4780.0
2026-02-08,2026-02-08T00:00:00+09:00,DEV-DRIP,DRIP-B,221,3315.0
2026-02-08,2026-02-08T00:00:00+09:00,DEV-BLEND,BLEND-A,34,6800.0
2026-02-09,2026-02-09T00:00:00+09:00,DEV-LATTE,LATTE-A,190,3800.0
2026-02-09,2026-02-09T00:00:00+09:00,DEV-DRIP,DRIP-B,194,2910.0
2026-02-09,2026-02-09T00:00:00+09:00,DEV-BLEND,BLEND-A,36,7200.0
2026-02-10,2026-02-10T00:00:00+09:00,DEV-LATTE,LATTE-A,208,4160.0
2026-02-10,2026-02-10T00:00:00+09:00,DEV-DRIP,DRIP-B,218,3270.0
2026-02-10,2026-02-10T00:00:00+09:00,DEV-BLEND,BLEND-A,30,6000.0
2026-02-11,2026-02-11T00:00:00+09:00,DEV-LATTE,LATTE-A,279,5580.0
2026-02-11,2026-02-11T00:00:00+09:00,DEV-DRIP,DRIP-B,254,3810.0
2026-02-11,2026-02-11T00:00:00+09:00,DEV-BLEND,BLEND-A,54,10800.0
2026-02-12,2026-02-12T00:00:00+09:00,DEV-LATTE,LATTE-A,215,4300.0
2026-02-12,2026-02-12T00:00:00+09:00,DEV-DRIP,DRIP-B,214,3210.0
2026-02-12,2026-02-12T00:00:00+09:00,DEV-BLEND,BLEND-A,42,8400.0
2026-02-13,2026-02-13T00:00:00+09:00,DEV-LATTE,LATTE-A,218,4360.0
2026-02-13,2026-02-13T00:00:00+09:00,DEV-DRIP,DRIP-B,243,3645.0
2026-02-13,2026-02-13T00:00:00+09:00,DEV-BLEND,BLEND-A,41,8200.0
2026-02-14,2026-02-14T00:00:00+09:00,DEV-LATTE,LATTE-A,293,5860.0
2026-02-14,2026-02-14T00:00:00+09:00,DEV-DRIP,DRIP-B,248,3720.0
2026-02-14,2026-02-14T00:00:00+09:00,DEV-BLEND,BLEND-A,44,8800.0
2026-02-15,2026-02-15T00:00:00+09:00,DEV-LATTE,LATTE-A,232,4640.0
2026-02-15,2026-02-15T00:00:00+09:00,DEV-DRIP,DRIP-B,190,2850.0
2026-02-15,2026-02-15T00:00:00+09:00,DEV-BLEND,BLEND-A,32,6400.0
2026-02-16,2026-02-16T00:00:00+09:00,DEV-LATTE,LATTE-A,247,4940.0
2026-02-16,2026-02-16T00:00:00+09:00,DEV-DRIP,DRIP-B,216,3240.0
2026-02-16,2026-02-16T00:00:00+09:00,DEV-BLEND,BLEND-A,28,5600.0
2026-02-17,2026-02-17T00:00:00+09:00,DEV-LATTE,LATTE-A,257,5140.0
2026-02-17,2026-02-17T00:00:00+09:00,DEV-DRIP,DRIP-B,176,2640.0
2026-02-17,2026-02-17T00:00:00+09:00,DEV-BLEND,BLEND-A,30,6000.0
2026-02-18,2026-02-18T00:00:00+09:00,DEV-LATTE,LATTE-A,214,4280.0
2026-02-18,2026-02-18T00:00:00+09:00,DEV-DRIP,DRIP-B,204,3060.0
2026-02-18,2026-02-18T00:00:00+09:00,DEV-BLEND,BLEND-A,41,8200.0
2026-02-19,2026-02-19T00:00:00+09:00,DEV-LATTE,LATTE-A,218,4360.0
2026-02-19,2026-02-19T00:00:00+09:00,DEV-DRIP,DRIP-B,220,3300.0
2026-02-19,2026-02-19T00:00:00+09:00,DEV-BLEND,BLEND-A,34,6800.0
2026-02-20,2026-02-20T00:00:00+09:00,DEV-LATTE,LATTE-A,243,4860.0
2026-02-20,2026-02-20T00:00:00+09:00,DEV-DRIP,DRIP-B,250,3750.0
2026-02-20,2026-02-20T00:00:00+09:00,DEV-BLEND,BLEND-A,55,11000.0
2026-02-21,2026-02-21T00:00:00+09:00,DEV-LATTE,LATTE-A,286,5720.0
2026-02-21,2026-02-21T00:00:00+09:00,DEV-DRIP,DRIP-B,281,4215.0
2026-02-21,2026-02-21T00:00:00+09:00,DEV-BLEND,BLEND-A,41,8200.0
2026-02-22,2026-02-22T00:00:00+09:00,DEV-LATTE,LATTE-A,241,4820.0
2026-02-22,2026-02-22T00:00:00+09:00,DEV-DRIP,DRIP-B,228,3420.0
2026-02-22,2026-02-22T00:00:00+09:00,DEV-BLEND,BLEND-A,36,7200.0
2026-02-23,2026-02-23T00:00:00+09:00,DEV-LATTE,LATTE-A,296,5920.0
2026-02-23,2026-02-23T00:00:00+09:00,DEV-DRIP,DRIP-B,213,3195.0
2026-02-23,2026-02-23T00:00:00+09:00,DEV-BLEND,BLEND-A,38,7600.0
2026-02-24,2026-02-24T00:00:00+09:00,DEV-LATTE,LATTE-A,193,3860.0
2026-02-24,2026-02-24T00:00:00+09:00,DEV-DRIP,DRIP-B,221,3315.0
2026-02-24,2026-02-24T00:00:00+09:00,DEV-BLEND,BLEND-A,42,8400.0
2026-02-25,2026-02-25T00:00:00+09:00,DEV-LATTE,LATTE-A,193,3860.0
2026-02-25,2026-02-25T00:00:00+09:00,DEV-DRIP,DRIP-B,193,2895.0
2026-02-25,2026-02-25T00:00:00+09:00,DEV-BLEND,BLEND-A,34,6800.0
2026-02-26,2026-02-26T00:00:00+09:00,DEV-LATTE,LATTE-A,222,4440.0
2026-02-26,2026-02-26T00:00:00+09:00,DEV-DRIP,DRIP-B,211,3165.0
2026-02-26,2026-02-26T00:00:00+09:00,DEV-BLEND,BLEND-A,35,7000.0
2026-02-27,2026-02-27T00:00:00+09:00,DEV-LATTE,LATTE-A,264,5280.0
2026-02-27,2026-02-27T00:00:00+09:00,DEV-DRIP,DRIP-B,259,3885.0
2026-02-27,2026-02-27T00:00:00+09:00,DEV-BLEND,BLEND-A,43,8600.0
2026-02-28,2026-02-28T00:00:00+09:00,DEV-LATTE,LATTE-A,276,5520.0
2026-02-28,2026-02-28T00:00:00+09:00,DEV-DRIP,DRIP-B,257,3855.0
2026-02-28,2026-02-28T00:00:00+09:00,DEV-BLEND,BLEND-A,42,8400.0
2026-03-01,2026-03-01T00:00:00+09:00,DEV-LATTE,LATTE-A,241,4820.0
2026-03-01,2026-03-01T00:00:00+09:00,DEV-DRIP,DRIP-B,226,3390.0
2026-03-01,2026-03-01T00:00:00+09:00,DEV-BLEND,BLEND-A,32,6400.0
2026-03-02,2026-03-02T00:00:00+09:00,DEV-LATTE,LATTE-A,216,4320.0
2026-03-02,2026-03-02T00:00:00+09:00,DEV-DRIP,DRIP-B,212,3180.0
2026-03-02,2026-03-02T00:00:00+09:00,DEV-BLEND,BLEND-A,33,6600.0
2026-03-03,2026-03-03T00:00:00+09:00,DEV-LATTE,LATTE-A,190,3800.0
2026-03-03,2026-03-03T00:00:00+09:00,DEV-DRIP,DRIP-B,182,2730.0
2026-03-03,2026-03-03T00:00:00+09:00,DEV-BLEND,BLEND-A,26,5200.0
2026-03-04,2026-03-04T00:00:00+09:00,DEV-LATTE,LATTE-A,229,4580.0
2026-03-04,2026-03-04T00:00:00+09:00,DEV-DRIP,DRIP-B,183,2745.0
2026-03-04,2026-03-04T00:00:00+09:00,DEV-BLEND,BLEND-A,36,7200.0
2026-03-05,2026-03-05T00:00:00+09:00,DEV-LATTE,LATTE-A,195,3900.0
2026-03-05,2026-03-05T00:00:00+09:00,DEV-DRIP,DRIP-B,225,3375.0
2026-03-05,2026-03-05T00:00:00+09:00,DEV-BLEND,BLEND-A,43,8600.0
2026-03-06,2026-03-06T00:00:00+09:00,DEV-LATTE,LATTE-A,248,4960.0
2026-03-06,2026-03-06T00:00:00+09:00,DEV-DRIP,DRIP-B,251,3765.0
2026-03-06,2026-03-06T00:00:00+09:00,DEV-BLEND,BLEND-A,46,9200.0
2026-03-07,2026-03-07T00:00:00+09:00,DEV-LATTE,LATTE-A,366,7320.0
2026-03-07,2026-03-07T00:00:00+09:00,DEV-DRIP,DRIP-B,293,4395.0
2026-03-07,2026-03-07T00:00:00+09:00,DEV-BLEND,BLEND-A,49,9800.0
2026-03-08,2026-03-08T00:00:00+09:00,DEV-LATTE,LATTE-A,222,4440.0
2026-03-08,2026-03-08T00:00:00+09:00,DEV-DRIP,DRIP-B,219,3285.0
2026-03-08,2026-03-08T00:00:00+09:00,DEV-BLEND,BLEND-A,38,7600.0
2026-03-09,2026-03-09T00:00:00+09:00,DEV-LATTE,LATTE-A,196,3920.0
2026-03-09,2026-03-09T00:00:00+09:00,DEV-DRIP,DRIP-B,195,2925.0
2026-03-09,2026-03-09T00:00:00+09:00,DEV-BLEND,BLEND-A,31,6200.0
2026-03-10,2026-03-10T00:00:00+09:00,DEV-LATTE,LATTE-A,229,4580.0
2026-03-10,2026-03-10T00:00:00+09:00,DEV-DRIP,DRIP-B,187,2805.0
2026-03-10,2026-03-10T00:00:00+09:00,DEV-BLEND,BLEND-A,32,6400.0
2026-03-11,2026-03-11T00:00:00+09:00,DEV-LATTE,LATTE-A,194,3880.0
2026-03-11,2026-03-11T00:00:00+09:00,DEV-DRIP,DRIP-B,195,2925.0
2026-03-11,2026-03-11T00:00:00+09:00,DEV-BLEND,BLEND-A,39,7800.0
2026-03-12,2026-03-12T00:00:00+09:00,DEV-LATTE,LATTE-A,212,4240.0
2026-03-12,2026-03-12T00:00:00+09:00,DEV-DRIP,DRIP-B,195,2925.0
2026-03-12,2026-03-12T00:00:00+09:00,DEV-BLEND,BLEND-A,44,8800.0
2026-03-13,2026-03-13T00:00:00+09:00,DEV-LATTE,LATTE-A,278,5560.0
2026-03-13,2026-03-13T00:00:00+09:00,DEV-DRIP,DRIP-B,260,3900.0
2026-03-13,2026-03-13T00:00:00+09:00,DEV-BLEND,BLEND-A,42,8400.0
2026-03-14,2026-03-14T00:00:00+09:00,DEV-LATTE,LATTE-A,270,5400.0
2026-03-14,2026-03-14T00:00:00+09:00,DEV-DRIP,DRIP-B,248,3720.0
2026-03-14,2026-03-14T00:00:00+09:00,DEV-BLEND,BLEND-A,40,8000.0
2026-03-15,2026-03-15T00:00:00+09:00,DEV-LATTE,LATTE-A,209,4180.0
2026-03-15,2026-03-15T00:00:00+09:00,DEV-DRIP,DRIP-B,211,3165.0
2026-03-15,2026-03-15T00:00:00+09:00,DEV-BLEND,BLEND-A,24,4800.0
2026-03-16,2026-03-16T00:00:00+09:00,DEV-LATTE,LATTE-A,198,3960.0
2026-03-16,2026-03-16T00:00:00+09:00,DEV-DRIP,DRIP-B,187,2805.0
2026-03-16,2026-03-16T00:00:00+09:00,DEV-BLEND,BLEND-A,42,8400.0
2026-03-17,2026-03-17T00:00:00+09:00,DEV-LATTE,LATTE-A,190,3800.0
2026-03-17,2026-03-17T00:00:00+09:00,DEV-DRIP,DRIP-B,199,2985.0
2026-03-17,2026-03-17T00:00:00+09:00,DEV-BLEND,BLEND-A,30,6000.0
2026-03-18,2026-03-18T00:00:00+09:00,DEV-LATTE,LATTE-A,168,3360.0
2026-03-18,2026-03-18T00:00:00+09:00,DEV-DRIP,DRIP-B,208,3120.0
2026-03-18,2026-03-18T00:00:00+09:00,DEV-BLEND,BLEND-A,40,8000.0
2026-03-19,2026-03-19T00:00:00+09:00,DEV-LATTE,LATTE-A,202,4040.0
2026-03-19,2026-03-19T00:00:00+09:00,DEV-DRIP,DRIP-B,162,2430.0
2026-03-19,2026-03-19T00:00:00+09:00,DEV-BLEND,BLEND-A,40,8000.0
2026-03-20,2026-03-20T00:00:00+09:00,DEV-LATTE,LATTE-A,258,5160.0
2026-03-20,2026-03-20T00:00:00+09:00,DEV-DRIP,DRIP-B,248,3720.0
2026-03-20,2026-03-20T00:00:00+09:00,DEV-BLEND,BLEND-A,55,11000.0
2026-03-21,2026-03-21T00:00:00+09:00,DEV-LATTE,LATTE-A,274,5480.0
2026-03-21,2026-03-21T00:00:00+09:00,DEV-DRIP,DRIP-B,269,4035.0
2026-03-21,2026-03-21T00:00:00+09:00,DEV-BLEND,BLEND-A,49,9800.0
2026-03-22,2026-03-22T00:00:00+09:00,DEV-LATTE,LATTE-A,220,4400.0
2026-03-22,2026-03-22T00:00:00+09:00,DEV-DRIP,DRIP-B,208,3120.0
2026-03-22,2026-03-22T00:00:00+09:00,DEV-BLEND,BLEND-A,29,5800.0
2026-03-23,2026-03-23T00:00:00+09:00,DEV-LATTE,LATTE-A,213,4260.0
2026-03-23,2026-03-23T00:00:00+09:00,DEV-DRIP,DRIP-B,177,2655.0
2026-03-23,2026-03-23T00:00:00+09:00,DEV-BLEND,BLEND-A,38,7600.0
2026-03-24,2026-03-24T00:00:00+09:00,DEV-LATTE,LATTE-A,200,4000.0
2026-03-24,2026-03-24T00:00:00+09:00,DEV-DRIP,DRIP-B,158,2370.0
2026-03-24,2026-03-24T00:00:00+09:00,DEV-BLEND,BLEND-A,24,4800.0
2026-03-25,2026-03-25T00:00:00+09:00,DEV-LATTE,LATTE-A,205,4100.0
2026-03-25,2026-03-25T00:00:00+09:00,DEV-DRIP,DRIP-B,177,2655.0
2026-03-25,2026-03-25T00:00:00+09:00,DEV-BLEND,BLEND-A,44,8800.0
2026-03-26,2026-03-26T00:00:00+09:00,DEV-LATTE,LATTE-A,212,4240.0
2026-03-26,2026-03-26T00:00:00+09:00,DEV-DRIP,DRIP-B,190,2850.0
2026-03-26,2026-03-26T00:00:00+09:00,DEV-BLEND,BLEND-A,29,5800.0
2026-03-27,2026-03-27T00:00:00+09:00,DEV-LATTE,LATTE-A,242,4840.0
2026-03-27,2026-03-27T00:00:00+09:00,DEV-DRIP,DRIP-B,227,3405.0
2026-03-27,2026-03-27T00:00:00+09:00,DEV-BLEND,BLEND-A,52,10400.0
2026-03-28,2026-03-28T00:00:00+09:00,DEV-LATTE,LATTE-A,278,5560.0
2026-03-28,2026-03-28T00:00:00+09:00,DEV-DRIP,DRIP-B,240,3600.0
2026-03-28,2026-03-28T00:00:00+09:00,DEV-BLEND,BLEND-A,43,8600.0
2026-03-29,2026-03-29T00:00:00+09:00,DEV-LATTE,LATTE-A,200,4000.0
2026-03-29,2026-03-29T00:00:00+09:00,DEV-DRIP,DRIP-B,223,3345.0
2026-03-29,2026-03-29T00:00:00+09:00,DEV-BLEND,BLEND-A,31,6200.0
2026-03-30,2026-03-30T00:00:00+09:00,DEV-LATTE,LATTE-A,197,3940.0
2026-03-30,2026-03-30T00:00:00+09:00,DEV-DRIP,DRIP-B,185,2775.0
2026-03-30,2026-03-30T00:00:00+09:00,DEV-BLEND,BLEND-A,44,8800.0
2026-03-31,2026-03-31T00:00:00+09:00,DEV-LATTE,LATTE-A,194,3880.0
2026-03-31,2026-03-31T00:00:00+09:00,DEV-DRIP,DRIP-B,144,2160.0
2026-03-31,2026-03-31T00:00:00+09:00,DEV-BLEND,BLEND-A,33,6600.0
2026-04-01,2026-04-01T00:00:00+09:00,DEV-LATTE,LATTE-A,212,4240.0
2026-04-01,2026-04-01T00:00:00+09:00,DEV-DRIP,DRIP-B,179,2685.0
2026-04-01,2026-04-01T00:00:00+09:00,DEV-BLEND,BLEND-A,32,6400.0
2026-04-02,2026-04-02T00:00:00+09:00,DEV-LATTE,LATTE-A,188,3760.0
2026-04-02,2026-04-02T00:00:00+09:00,DEV-DRIP,DRIP-B,194,2910.0
2026-04-02,2026-04-02T00:00:00+09:00,DEV-BLEND,BLEND-A,34,6800.0
2026-04-03,2026-04-03T00:00:00+09:00,DEV-LATTE,LATTE-A,208,4160.0
2026-04-03,2026-04-03T00:00:00+09:00,DEV-DRIP,DRIP-B,214,3210.0
2026-04-03,2026-04-03T00:00:00+09:00,DEV-BLEND,BLEND-A,43,8600.0
2026-04-04,2026-04-04T00:00:00+09:00,DEV-LATTE,LATTE-A,248,4960.0
2026-04-04,2026-04-04T00:00:00+09:00,DEV-DRIP,DRIP-B,226,3390.0
2026-04-04,2026-04-04T00:00:00+09:00,DEV-BLEND,BLEND-A,59,11800.0
2026-04-05,2026-04-05T00:00:00+09:00,DEV-LATTE,LATTE-A,240,4800.0
2026-04-05,2026-04-05T00:00:00+09:00,DEV-DRIP,DRIP-B,181,2715.0
2026-04-05,2026-04-05T00:00:00+09:00,DEV-BLEND,BLEND-A,45,9000.0
2026-04-06,2026-04-06T00:00:00+09:00,DEV-LATTE,LATTE-A,189,3780.0
2026-04-06,2026-04-06T00:00:00+09:00,DEV-DRIP,DRIP-B,195,2925.0
2026-04-06,2026-04-06T00:00:00+09:00,DEV-BLEND,BLEND-A,33,6600.0
2026-04-07,2026-04-07T00:00:00+09:00,DEV-LATTE,LATTE-A,179,3580.0
2026-04-07,2026-04-07T00:00:00+09:00,DEV-DRIP,DRIP-B,162,2430.0
2026-04-07,2026-04-07T00:00:00+09:00,DEV-BLEND,BLEND-A,33,6600.0
2026-04-08,2026-04-08T00:00:00+09:00,DEV-LATTE,LATTE-A,182,3640.0
2026-04-08,2026-04-08T00:00:00+09:00,DEV-DRIP,DRIP-B,191,2865.0
2026-04-08,2026-04-08T00:00:00+09:00,DEV-BLEND,BLEND-A,34,6800.0
2026-04-09,2026-04-09T00:00:00+09:00,DEV-LATTE,LATTE-A,181,3620.0
2026-04-09,2026-04-09T00:00:00+09:00,DEV-DRIP,DRIP-B,224,3360.0
2026-04-09,2026-04-09T00:00:00+09:00,DEV-BLEND,BLEND-A,34,6800.0
2026-04-10,2026-04-10T00:00:00+09:00,DEV-LATTE,LATTE-A,231,4620.0
2026-04-10,2026-04-10T00:00:00+09:00,DEV-DRIP,DRIP-B,203,3045.0
2026-04-10,2026-04-10T00:00:00+09:00,DEV-BLEND,BLEND-A,33,6600.0
2026-04-11,2026-04-11T00:00:00+09:00,DEV-LATTE,LATTE-A,258,5160.0
2026-04-11,2026-04-11T00:00:00+09:00,DEV-DRIP,DRIP-B,227,3405.0
2026-04-11,2026-04-11T00:00:00+09:00,DEV-BLEND,BLEND-A,44,8800.0
2026-04-12,2026-04-12T00:00:00+09:00,DEV-LATTE,LATTE-A,226,4520.0
2026-04-12,2026-04-12T00:00:00+09:00,DEV-DRIP,DRIP-B,190,2850.0
2026-04-12,2026-04-12T00:00:00+09:00,DEV-BLEND,BLEND-A,53,10600.0
2026-04-13,2026-04-13T00:00:00+09:00,DEV-LATTE,LATTE-A,180,3600.0
2026-04-13,2026-04-13T00:00:00+09:00,DEV-DRIP,DRIP-B,190,2850.0
2026-04-13,2026-04-13T00:00:00+09:00,DEV-BLEND,BLEND-A,41,8200.0
2026-04-14,2026-04-14T00:00:00+09:00,DEV-LATTE,LATTE-A,169,3380.0
2026-04-14,2026-04-14T00:00:00+09:00,DEV-DRIP,DRIP-B,175,2625.0
2026-04-14,2026-04-14T00:00:00+09:00,DEV-BLEND,BLEND-A,47,9400.0
2026-04-15,2026-04-15T00:00:00+09:00,DEV-LATTE,LATTE-A,190,3800.0
2026-04-15,2026-04-15T00:00:00+09:00,DEV-DRIP,DRIP-B,181,2715.0
2026-04-15,2026-04-15T00:00:00+09:00,DEV-BLEND,BLEND-A,34,6800.0
2026-04-16,2026-04-16T00:00:00+09:00,DEV-LATTE,LATTE-A,184,3680.0
2026-04-16,2026-04-16T00:00:00+09:00,DEV-DRIP,DRIP-B,215,3225.0
2026-04-16,2026-04-16T00:00:00+09:00,DEV-BLEND,BLEND-A,49,9800.0
2026-04-17,2026-04-17T00:00:00+09:00,DEV-LATTE,LATTE-A,238,4760.0
2026-04-17,2026-04-17T00:00:00+09:00,DEV-DRIP,DRIP-B,220,3300.0
2026-04-17,2026-04-17T00:00:00+09:00,DEV-BLEND,BLEND-A,51,10200.0
2026-04-18,2026-04-18T00:00:00+09:00,DEV-LATTE,LATTE-A,245,4900.0
2026-04-18,2026-04-18T00:00:00+09:00,DEV-DRIP,DRIP-B,242,3630.0
2026-04-18,2026-04-18T00:00:00+09:00,DEV-BLEND,BLEND-A,50,10000.0
2026-04-19,2026-04-19T00:00:00+09:00,DEV-LATTE,LATTE-A,187,3740.0
2026-04-19,2026-04-19T00:00:00+09:00,DEV-DRIP,DRIP-B,193,2895.0
2026-04-19,2026-04-19T00:00:00+09:00,DEV-BLEND,BLEND-A,33,6600.0
2026-04-20,2026-04-20T00:00:00+09:00,DEV-LATTE,LATTE-A,188,3760.0
2026-04-20,2026-04-20T00:00:00+09:00,DEV-DRIP,DRIP-B,172,2580.0
2026-04-20,2026-04-20T00:00:00+09:00,DEV-BLEND,BLEND-A,42,8400.0
2026-04-21,2026-04-21T00:00:00+09:00,DEV-LATTE,LATTE-A,177,3540.0
2026-04-21,2026-04-21T00:00:00+09:00,DEV-DRIP,DRIP-B,153,2295.0
2026-04-21,2026-04-21T00:00:00+09:00,DEV-BLEND,BLEND-A,37,7400.0
2026-04-22,2026-04-22T00:00:00+09:00,DEV-LATTE,LATTE-A,174,3480.0
2026-04-22,2026-04-22T00:00:00+09:00,DEV-DRIP,DRIP-B,201,3015.0
2026-04-22,2026-04-22T00:00:00+09:00,DEV-BLEND,BLEND-A,41,8200.0
2026-04-23,2026-04-23T00:00:00+09:00,DEV-LATTE,LATTE-A,187,3740.0
2026-04-23,2026-04-23T00:00:00+09:00,DEV-DRIP,DRIP-B,179,2685.0
2026-04-23,2026-04-23T00:00:00+09:00,DEV-BLEND,BLEND-A,49,9800.0
2026-04-24,2026-04-24T00:00:00+09:00,DEV-LATTE,LATTE-A,207,4140.0
2026-04-24,2026-04-24T00:00:00+09:00,DEV-DRIP,DRIP-B,199,2985.0
2026-04-24,2026-04-24T00:00:00+09:00,DEV-BLEND,BLEND-A,42,8400.0
2026-04-25,2026-04-25T00:00:00+09:00,DEV-LATTE,LATTE-A,225,4500.0
2026-04-25,2026-04-25T00:00:00+09:00,DEV-DRIP,DRIP-B,211,3165.0
2026-04-25,2026-04-25T00:00:00+09:00,DEV-BLEND,BLEND-A,45,9000.0
2026-04-26,2026-04-26T00:00:00+09:00,DEV-LATTE,LATTE-A,188,3760.0
2026-04-26,2026-04-26T00:00:00+09:00,DEV-DRIP,DRIP-B,203,3045.0
2026-04-26,2026-04-26T00:00:00+09:00,DEV-BLEND,BLEND-A,44,8800.0
2026-04-27,2026-04-27T00:00:00+09:00,DEV-LATTE,LATTE-A,170,3400.0
2026-04-27,2026-04-27T00:00:00+09:00,DEV-DRIP,DRIP-B,164,2460.0
2026-04-27,2026-04-27T00:00:00+09:00,DEV-BLEND,BLEND-A,36,7200.0
2026-04-28,2026-04-28T00:00:00+09:00,DEV-LATTE,LATTE-A,168,3360.0
2026-04-28,2026-04-28T00:00:00+09:00,DEV-DRIP,DRIP-B,211,3165.0
2026-04-28,2026-04-28T00:00:00+09:00,DEV-BLEND,BLEND-A,37,7400.0
2026-04-29,2026-04-29T00:00:00+09:00,DEV-LATTE,LATTE-A,215,4300.0
2026-04-29,2026-04-29T00:00:00+09:00,DEV-DRIP,DRIP-B,177,2655.0
2026-04-29,2026-04-29T00:00:00+09:00,DEV-BLEND,BLEND-A,36,7200.0
2026-04-30,2026-04-30T00:00:00+09:00,DEV-LATTE,LATTE-A,189,3780.0
2026-04-30,2026-04-30T00:00:00+09:00,DEV-DRIP,DRIP-B,181,2715.0
2026-04-30,2026-04-30T00:00:00+09:00,DEV-BLEND,BLEND-A,45,9000.0
2026-05-01,2026-05-01T00:00:00+09:00,DEV-LATTE,LATTE-A,209,4180.0
2026-05-01,2026-05-01T00:00:00+09:00,DEV-DRIP,DRIP-B,197,2955.0
2026-05-01,2026-05-01T00:00:00+09:00,DEV-BLEND,BLEND-A,45,9000.0
2026-05-02,2026-05-02T00:00:00+09:00,DEV-LATTE,LATTE-A,218,4360.0
2026-05-02,2026-05-02T00:00:00+09:00,DEV-DRIP,DRIP-B,246,3690.0
2026-05-02,2026-05-02T00:00:00+09:00,DEV-BLEND,BLEND-A,43,8600.0
2026-05-03,2026-05-03T00:00:00+09:00,DEV-LATTE,LATTE-A,244,4880.0
2026-05-03,2026-05-03T00:00:00+09:00,DEV-DRIP,DRIP-B,229,3435.0
2026-05-03,2026-05-03T00:00:00+09:00,DEV-BLEND,BLEND-A,41,8200.0
2026-05-04,2026-05-04T00:00:00+09:00,DEV-LATTE,LATTE-A,186,3720.0
2026-05-04,2026-05-04T00:00:00+09:00,DEV-DRIP,DRIP-B,200,3000.0
2026-05-04,2026-05-04T00:00:00+09:00,DEV-BLEND,BLEND-A,41,8200.0
2026-05-05,2026-05-05T00:00:00+09:00,DEV-LATTE,LATTE-A,221,4420.0
2026-05-05,2026-05-05T00:00:00+09:00,DEV-DRIP,DRIP-B,197,2955.0
2026-05-05,2026-05-05T00:00:00+09:00,DEV-BLEND,BLEND-A,36,7200.0
2026-05-06,2026-05-06T00:00:00+09:00,DEV-LATTE,LATTE-A,159,3180.0
2026-05-06,2026-05-06T00:00:00+09:00,DEV-DRIP,DRIP-B,176,2640.0
2026-05-06,2026-05-06T00:00:00+09:00,DEV-BLEND,BLEND-A,22,4400.0
2026-05-07,2026-05-07T00:00:00+09:00,DEV-LATTE,LATTE-A,177,3540.0
2026-05-07,2026-05-07T00:00:00+09:00,DEV-DRIP,DRIP-B,179,2685.0
2026-05-07,2026-05-07T00:00:00+09:00,DEV-BLEND,BLEND-A,42,8400.0
2026-05-08,2026-05-08T00:00:00+09:00,DEV-LATTE,LATTE-A,217,4340.0
2026-05-08,2026-05-08T00:00:00+09:00,DEV-DRIP,DRIP-B,186,2790.0
2026-05-08,2026-05-08T00:00:00+09:00,DEV-BLEND,BLEND-A,40,8000.0
2026-05-09,2026-05-09T00:00:00+09:00,DEV-LATTE,LATTE-A,232,4640.0
2026-05-09,2026-05-09T00:00:00+09:00,DEV-DRIP,DRIP-B,218,3270.0
2026-05-09,2026-05-09T00:00:00+09:00,DEV-BLEND,BLEND-A,43,8600.0
2026-05-10,2026-05-10T00:00:00+09:00,DEV-LATTE,LATTE-A,176,3520.0
2026-05-10,2026-05-10T00:00:00+09:00,DEV-DRIP,DRIP-B,163,2445.0
2026-05-10,2026-05-10T00:00:00+09:00,DEV-BLEND,BLEND-A,51,10200.0
2026-05-11,2026-05-11T00:00:00+09:00,DEV-LATTE,LATTE-A,181,3620.0
2026-05-11,2026-05-11T00:00:00+09:00,DEV-DRIP,DRIP-B,175,2625.0
2026-05-11,2026-05-11T00:00:00+09:00,DEV-BLEND,BLEND-A,35,7000.0
2026-05-12,2026-05-12T00:00:00+09:00,DEV-LATTE,LATTE-A,168,3360.0
2026-05-12,2026-05-12T00:00:00+09:00,DEV-DRIP,DRIP-B,155,2325.0
2026-05-12,2026-05-12T00:00:00+09:00,DEV-BLEND,BLEND-A,31,6200.0
2026-05-13,2026-05-13T00:00:00+09:00,DEV-LATTE,LATTE-A,146,2920.0
2026-05-13,2026-05-13T00:00:00+09:00,DEV-DRIP,DRIP-B,170,2550.0
2026-05-13,2026-05-13T00:00:00+09:00,DEV-BLEND,BLEND-A,40,8000.0
2026-05-14,2026-05-14T00:00:00+09:00,DEV-LATTE,LATTE-A,153,3060.0
2026-05-14,2026-05-14T00:00:00+09:00,DEV-DRIP,DRIP-B,176,2640.0
2026-05-14,2026-05-14T00:00:00+09:00,DEV-BLEND,BLEND-A,18,3600.0
2026-05-15,2026-05-15T00:00:00+09:00,DEV-LATTE,LATTE-A,212,4240.0
2026-05-15,2026-05-15T00:00:00+09:00,DEV-DRIP,DRIP-B,208,3120.0
2026-05-15,2026-05-15T00:00:00+09:00,DEV-BLEND,BLEND-A,50,10000.0
2026-05-16,2026-05-16T00:00:00+09:00,DEV-LATTE,LATTE-A,231,4620.0
2026-05-16,2026-05-16T00:00:00+09:00,DEV-DRIP,DRIP-B,198,2970.0
2026-05-16,2026-05-16T00:00:00+09:00,DEV-BLEND,BLEND-A,54,10800.0
2026-05-17,2026-05-17T00:00:00+09:00,DEV-LATTE,LATTE-A,180,3600.0
2026-05-17,2026-05-17T00:00:00+09:00,DEV-DRIP,DRIP-B,190,2850.0
2026-05-17,2026-05-17T00:00:00+09:00,DEV-BLEND,BLEND-A,47,9400.0
2026-05-18,2026-05-18T00:00:00+09:00,DEV-LATTE,LATTE-A,168,3360.0
2026-05-18,2026-05-18T00:00:00+09:00,DEV-DRIP,DRIP-B,168,2520.0
2026-05-18,2026-05-18T00:00:00+09:00,DEV-BLEND,BLEND-A,26,5200.0
2026-05-19,2026-05-19T00:00:00+09:00,DEV-LATTE,LATTE-A,157,3140.0
2026-05-19,2026-05-19T00:00:00+09:00,DEV-DRIP,DRIP-B,144,2160.0
2026-05-19,2026-05-19T00:00:00+09:00,DEV-BLEND,BLEND-A,36,7200.0
2026-05-20,2026-05-20T00:00:00+09:00,DEV-LATTE,LATTE-A,160,3200.0
2026-05-20,2026-05-20T00:00:00+09:00,DEV-DRIP,DRIP-B,172,2580.0
2026-05-20,2026-05-20T00:00:00+09:00,DEV-BLEND,BLEND-A,32,6400.0
2026-05-21,2026-05-21T00:00:00+09:00,DEV-LATTE,LATTE-A,149,2980.0
2026-05-21,2026-05-21T00:00:00+09:00,DEV-DRIP,DRIP-B,146,2190.0
2026-05-21,2026-05-21T00:00:00+09:00,DEV-BLEND,BLEND-A,47,9400.0
2026-05-22,2026-05-22T00:00:00+09:00,DEV-LATTE,LATTE-A,229,4580.0
2026-05-22,2026-05-22T00:00:00+09:00,DEV-DRIP,DRIP-B,202,3030.0
2026-05-22,2026-05-22T00:00:00+09:00,DEV-BLEND,BLEND-A,52,10400.0
2026-05-23,2026-05-23T00:00:00+09:00,DEV-LATTE,LATTE-A,196,3920.0
2026-05-23,2026-05-23T00:00:00+09:00,DEV-DRIP,DRIP-B,184,2760.0
2026-05-23,2026-05-23T00:00:00+09:00,DEV-BLEND,BLEND-A,36,7200.0
2026-05-24,2026-05-24T00:00:00+09:00,DEV-LATTE,LATTE-A,223,4460.0
2026-05-24,2026-05-24T00:00:00+09:00,DEV-DRIP,DRIP-B,187,2805.0
2026-05-24,2026-05-24T00:00:00+09:00,DEV-BLEND,BLEND-A,36,7200.0
2026-05-25,2026-05-25T00:00:00+09:00,DEV-LATTE,LATTE-A,151,3020.0
2026-05-25,2026-05-25T00:00:00+09:00,DEV-DRIP,DRIP-B,152,2280.0
2026-05-25,2026-05-25T00:00:00+09:00,DEV-BLEND,BLEND-A,36,7200.0
2026-05-26,2026-05-26T00:00:00+09:00,DEV-LATTE,LATTE-A,152,3040.0
2026-05-26,2026-05-26T00:00:00+09:00,DEV-DRIP,DRIP-B,148,2220.0
2026-05-26,2026-05-26T00:00:00+09:00,DEV-BLEND,BLEND-A,39,7800.0
2026-05-27,2026-05-27T00:00:00+09:00,DEV-LATTE,LATTE-A,149,2980.0
2026-05-27,2026-05-27T00:00:00+09:00,DEV-DRIP,DRIP-B,128,1920.0
2026-05-27,2026-05-27T00:00:00+09:00,DEV-BLEND,BLEND-A,38,7600.0
2026-05-28,2026-05-28T00:00:00+09:00,DEV-LATTE,LATTE-A,164,3280.0
2026-05-28,2026-05-28T00:00:00+09:00,DEV-DRIP,DRIP-B,186,2790.0
2026-05-28,2026-05-28T00:00:00+09:00,DEV-BLEND,BLEND-A,38,7600.0
2026-05-29,2026-05-29T00:00:00+09:00,DEV-LATTE,LATTE-A,187,3740.0
2026-05-29,2026-05-29T00:00:00+09:00,DEV-DRIP,DRIP-B,212,3180.0
2026-05-29,2026-05-29T00:00:00+09:00,DEV-BLEND,BLEND-A,37,7400.0
2026-05-30,2026-05-30T00:00:00+09:00,DEV-LATTE,LATTE-A,226,4520.0
2026-05-30,2026-05-30T00:00:00+09:00,DEV-DRIP,DRIP-B,193,2895.0
2026-05-30,2026-05-30T00:00:00+09:00,DEV-BLEND,BLEND-A,47,9400.0
2026-05-31,2026-05-31T00:00:00+09:00,DEV-LATTE,LATTE-A,181,3620.0
2026-05-31,2026-05-31T00:00:00+09:00,DEV-DRIP,DRIP-B,144,2160.0
2026-05-31,2026-05-31T00:00:00+09:00,DEV-BLEND,BLEND-A,39,7800.0
2026-06-01,2026-06-01T00:00:00+09:00,DEV-LATTE,LATTE-A,170,3400.0
2026-06-01,2026-06-01T00:00:00+09:00,DEV-DRIP,DRIP-B,163,2445.0
2026-06-01,2026-06-01T00:00:00+09:00,DEV-BLEND,BLEND-A,35,7000.0
2026-06-02,2026-06-02T00:00:00+09:00,DEV-LATTE,LATTE-A,155,3100.0
2026-06-02,2026-06-02T00:00:00+09:00,DEV-DRIP,DRIP-B,146,2190.0
2026-06-02,2026-06-02T00:00:00+09:00,DEV-BLEND,BLEND-A,41,8200.0
2026-06-03,2026-06-03T00:00:00+09:00,DEV-LATTE,LATTE-A,160,3200.0
2026-06-03,2026-06-03T00:00:00+09:00,DEV-DRIP,DRIP-B,164,2460.0
2026-06-03,2026-06-03T00:00:00+09:00,DEV-BLEND,BLEND-A,29,5800.0
2026-06-04,2026-06-04T00:00:00+09:00,DEV-LATTE,LATTE-A,177,3540.0
2026-06-04,2026-06-04T00:00:00+09:00,DEV-DRIP,DRIP-B,173,2595.0
2026-06-04,2026-06-04T00:00:00+09:00,DEV-BLEND,BLEND-A,28,5600.0
2026-06-05,2026-06-05T00:00:00+09:00,DEV-LATTE,LATTE-A,196,3920.0
2026-06-05,2026-06-05T00:00:00+09:00,DEV-DRIP,DRIP-B,215,3225.0
2026-06-05,2026-06-05T00:00:00+09:00,DEV-BLEND,BLEND-A,50,10000.0
2026-06-06,2026-06-06T00:00:00+09:00,DEV-LATTE,LATTE-A,294,5880.0
2026-06-06,2026-06-06T00:00:00+09:00,DEV-DRIP,DRIP-B,260,3900.0
2026-06-06,2026-06-06T00:00:00+09:00,DEV-BLEND,BLEND-A,45,9000.0
2026-06-07,2026-06-07T00:00:00+09:00,DEV-LATTE,LATTE-A,176,3520.0
2026-06-07,2026-06-07T00:00:00+09:00,DEV-DRIP,DRIP-B,178,2670.0
2026-06-07,2026-06-07T00:00:00+09:00,DEV-BLEND,BLEND-A,42,8400.0
2026-06-08,2026-06-08T00:00:00+09:00,DEV-LATTE,LATTE-A,164,3280.0
2026-06-08,2026-06-08T00:00:00+09:00,DEV-DRIP,DRIP-B,149,2235.0
2026-06-08,2026-06-08T00:00:00+09:00,DEV-BLEND,BLEND-A,34,6800.0
2026-06-09,2026-06-09T00:00:00+09:00,DEV-LATTE,LATTE-A,172,3440.0
2026-06-09,2026-06-09T00:00:00+09:00,DEV-DRIP,DRIP-B,133,1995.0
2026-06-09,2026-06-09T00:00:00+09:00,DEV-BLEND,BLEND-A,33,6600.0
2026-06-10,2026-06-10T00:00:00+09:00,DEV-LATTE,LATTE-A,180,3600.0
2026-06-10,2026-06-10T00:00:00+09:00,DEV-DRIP,DRIP-B,147,2205.0
2026-06-10,2026-06-10T00:00:00+09:00,DEV-BLEND,BLEND-A,34,6800.0
2026-06-11,2026-06-11T00:00:00+09:00,DEV-LATTE,LATTE-A,138,2760.0
2026-06-11,2026-06-11T00:00:00+09:00,DEV-DRIP,DRIP-B,133,1995.0
2026-06-11,2026-06-11T00:00:00+09:00,DEV-BLEND,BLEND-A,37,7400.0
2026-06-12,2026-06-12T00:00:00+09:00,DEV-LATTE,LATTE-A,198,3960.0
2026-06-12,2026-06-12T00:00:00+09:00,DEV-DRIP,DRIP-B,199,2985.0
2026-06-12,2026-06-12T00:00:00+09:00,DEV-BLEND,BLEND-A,34,6800.0
2026-06-13,2026-06-13T00:00:00+09:00,DEV-LATTE,LATTE-A,190,3800.0
2026-06-13,2026-06-13T00:00:00+09:00,DEV-DRIP,DRIP-B,201,3015.0
2026-06-13,2026-06-13T00:00:00+09:00,DEV-BLEND,BLEND-A,52,10400.0
2026-06-14,2026-06-14T00:00:00+09:00,DEV-LATTE,LATTE-A,189,3780.0
2026-06-14,2026-06-14T00:00:00+09:00,DEV-DRIP,DRIP-B,161,2415.0
2026-06-14,2026-06-14T00:00:00+09:00,DEV-BLEND,BLEND-A,42,8400.0
2026-06-15,2026-06-15T00:00:00+09:00,DEV-LATTE,LATTE-A,156,3120.0
2026-06-15,2026-06-15T00:00:00+09:00,DEV-DRIP,DRIP-B,129,1935.0
2026-06-15,2026-06-15T00:00:00+09:00,DEV-BLEND,BLEND-A,33,6600.0
2026-06-16,2026-06-16T00:00:00+09:00,DEV-LATTE,LATTE-A,135,2700.0
2026-06-16,2026-06-16T00:00:00+09:00,DEV-DRIP,DRIP-B,153,2295.0
2026-06-16,2026-06-16T00:00:00+09:00,DEV-BLEND,BLEND-A,31,6200.0
2026-06-17,2026-06-17T00:00:00+09:00,DEV-LATTE,LATTE-A,152,3040.0
2026-06-17,2026-06-17T00:00:00+09:00,DEV-DRIP,DRIP-B,192,2880.0
2026-06-17,2026-06-17T00:00:00+09:00,DEV-BLEND,BLEND-A,43,8600.0
2026-06-18,2026-06-18T00:00:00+09:00,DEV-LATTE,LATTE-A,171,3420.0
2026-06-18,2026-06-18T00:00:00+09:00,DEV-DRIP,DRIP-B,138,2070.0
2026-06-18,2026-06-18T00:00:00+09:00,DEV-BLEND,BLEND-A,38,7600.0
2026-06-19,2026-06-19T00:00:00+09:00,DEV-LATTE,LATTE-A,196,3920.0
2026-06-19,2026-06-19T00:00:00+09:00,DEV-DRIP,DRIP-B,200,3000.0
2026-06-19,2026-06-19T00:00:00+09:00,DEV-BLEND,BLEND-A,36,7200.0
2026-06-20,2026-06-20T00:00:00+09:00,DEV-LATTE,LATTE-A,202,4040.0
2026-06-20,2026-06-20T00:00:00+09:00,DEV-DRIP,DRIP-B,210,3150.0
2026-06-20,2026-06-20T00:00:00+09:00,DEV-BLEND,BLEND-A,52,10400.0
2026-06-21,2026-06-21T00:00:00+09:00,DEV-LATTE,LATTE-A,156,3120.0
2026-06-21,2026-06-21T00:00:00+09:00,DEV-DRIP,DRIP-B,161,2415.0
2026-06-21,2026-06-21T00:00:00+09:00,DEV-BLEND,BLEND-A,34,6800.0
2026-06-22,2026-06-22T00:00:00+09:00,DEV-LATTE,LATTE-A,157,3140.0
2026-06-22,2026-06-22T00:00:00+09:00,DEV-DRIP,DRIP-B,156,2340.0
2026-06-22,2026-06-22T00:00:00+09:00,DEV-BLEND,BLEND-A,43,8600.0
2026-06-23,2026-06-23T00:00:00+09:00,DEV-LATTE,LATTE-A,159,3180.0
2026-06-23,2026-06-23T00:00:00+09:00,DEV-DRIP,DRIP-B,123,1845.0
2026-06-23,2026-06-23T00:00:00+09:00,DEV-BLEND,BLEND-A,39,7800.0
2026-06-24,2026-06-24T00:00:00+09:00,DEV-LATTE,LATTE-A,152,3040.0
2026-06-24,2026-06-24T00:00:00+09:00,DEV-DRIP,DRIP-B,153,2295.0
2026-06-24,2026-06-24T00:00:00+09:00,DEV-BLEND,BLEND-A,39,7800.0
2026-06-25,2026-06-25T00:00:00+09:00,DEV-LATTE,LATTE-A,129,2580.0
2026-06-25,2026-06-25T00:00:00+09:00,DEV-DRIP,DRIP-B,152,2280.0
2026-06-25,2026-06-25T00:00:00+09:00,DEV-BLEND,BLEND-A,42,8400.0
2026-06-26,2026-06-26T00:00:00+09:00,DEV-LATTE,LATTE-A,196,3920.0
2026-06-26,2026-06-26T00:00:00+09:00,DEV-DRIP,DRIP-B,163,2445.0
2026-06-26,2026-06-26T00:00:00+09:00,DEV-BLEND,BLEND-A,53,10600.0
2026-06-27,2026-06-27T00:00:00+09:00,DEV-LATTE,LATTE-A,226,4520.0
2026-06-27,2026-06-27T00:00:00+09:00,DEV-DRIP,DRIP-B,217,3255.0
2026-06-27,2026-06-27T00:00:00+09:00,DEV-BLEND,BLEND-A,49,9800.0
2026-06-28,2026-06-28T00:00:00+09:00,DEV-LATTE,LATTE-A,181,3620.0
2026-06-28,2026-06-28T00:00:00+09:00,DEV-DRIP,DRIP-B,160,2400.0
2026-06-28,2026-06-28T00:00:00+09:00,DEV-BLEND,BLEND-A,36,7200.0
2026-06-29,2026-06-29T00:00:00+09:00,DEV-LATTE,LATTE-A,150,3000.0
2026-06-29,2026-06-29T00:00:00+09:00,DEV-DRIP,DRIP-B,137,2055.0
2026-06-29,2026-06-29T00:00:00+09:00,DEV-BLEND,BLEND-A,37,7400.0
2026-06-30,2026-06-30T00:00:00+09:00,DEV-LATTE,LATTE-A,135,2700.0
2026-06-30,2026-06-30T00:00:00+09:00,DEV-DRIP,DRIP-B,129,1935.0
2026-06-30,2026-06-30T00:00:00+09:00,DEV-BLEND,BLEND-A,42,8400.0
2026-07-01,2026-07-01T00:00:00+09:00,DEV-LATTE,LATTE-A,143,2860.0
2026-07-01,2026-07-01T00:00:00+09:00,DEV-DRIP,DRIP-B,152,2280.0
2026-07-01,2026-07-01T00:00:00+09:00,DEV-BLEND,BLEND-A,37,7400.0
2026-07-02,2026-07-02T00:00:00+09:00,DEV-LATTE,LATTE-A,173,3460.0
2026-07-02,2026-07-02T00:00:00+09:00,DEV-DRIP,DRIP-B,159,2385.0
2026-07-02,2026-07-02T00:00:00+09:00,DEV-BLEND,BLEND-A,29,5800.0
2026-07-03,2026-07-03T00:00:00+09:00,DEV-LATTE,LATTE-A,175,3500.0
2026-07-03,2026-07-03T00:00:00+09:00,DEV-DRIP,DRIP-B,203,3045.0
2026-07-03,2026-07-03T00:00:00+09:00,DEV-BLEND,BLEND-A,39,7800.0
2026-07-04,2026-07-04T00:00:00+09:00,DEV-LATTE,LATTE-A,187,3740.0
2026-07-04,2026-07-04T00:00:00+09:00,DEV-DRIP,DRIP-B,213,3195.0
2026-07-04,2026-07-04T00:00:00+09:00,DEV-BLEND,BLEND-A,46,9200.0
2026-07-05,2026-07-05T00:00:00+09:00,DEV-LATTE,LATTE-A,160,3200.0
2026-07-05,2026-07-05T00:00:00+09:00,DEV-DRIP,DRIP-B,187,2805.0
2026-07-05,2026-07-05T00:00:00+09:00,DEV-BLEND,BLEND-A,41,8200.0
2026-07-06,2026-07-06T00:00:00+09:00,DEV-LATTE,LATTE-A,148,2960.0
2026-07-06,2026-07-06T00:00:00+09:00,DEV-DRIP,DRIP-B,129,1935.0
2026-07-06,2026-07-06T00:00:00+09:00,DEV-BLEND,BLEND-A,38,7600.0
2026-07-07,2026-07-07T00:00:00+09:00,DEV-LATTE,LATTE-A,156,3120.0
2026-07-07,2026-07-07T00:00:00+09:00,DEV-DRIP,DRIP-B,157,2355.0
2026-07-07,2026-07-07T00:00:00+09:00,DEV-BLEND,BLEND-A,32,6400.0
2026-07-08,2026-07-08T00:00:00+09:00,DEV-LATTE,LATTE-A,139,2780.0
2026-07-08,2026-07-08T00:00:00+09:00,DEV-DRIP,DRIP-B,148,2220.0
2026-07-08,2026-07-08T00:00:00+09:00,DEV-BLEND,BLEND-A,33,6600.0
